-- phpMyAdmin SQL Dump
-- version 5.2.1
-- https://www.phpmyadmin.net/
--
-- Host: 127.0.0.1
-- Generation Time: May 04, 2024 at 05:15 PM
-- Server version: 8.0.33
-- PHP Version: 8.2.4

SET SQL_MODE = "NO_AUTO_VALUE_ON_ZERO";
START TRANSACTION;
SET time_zone = "+00:00";


/*!40101 SET @OLD_CHARACTER_SET_CLIENT=@@CHARACTER_SET_CLIENT */;
/*!40101 SET @OLD_CHARACTER_SET_RESULTS=@@CHARACTER_SET_RESULTS */;
/*!40101 SET @OLD_COLLATION_CONNECTION=@@COLLATION_CONNECTION */;
/*!40101 SET NAMES utf8mb4 */;

--
-- Database: `athene_lms`
--

DELIMITER $$
--
-- Procedures
--
CREATE DEFINER=`root`@`localhost` PROCEDURE `GetAttendanceByCourse` (IN `category_id` VARCHAR(5), `course_id` VARCHAR(10), `startdate` DATE, `enddate` DATE)   BEGIN
          SELECT stud_id, att_date, att_time, (CASE WHEN att_status = 1 THEN 'P' ELSE 'A' END) AS presentORabsent
          FROM attendance att, student stu, category cat, course cou
          WHERE  cou.cse_id = course_id 
          AND cat.cat_id = cou.cat_id
          AND att.cse_id = cou.cse_id
          AND att_date BETWEEN startdate AND enddate 
          AND att.stud_id = stu.stud_id;
      END$$

CREATE DEFINER=`root`@`localhost` PROCEDURE `GetAttendanceCount` (IN `category_id` VARCHAR(5), `course_id` VARCHAR(10), `givendate` DATE)   BEGIN
          SELECT att.stud_id, stud_name, 
              SUM(CASE WHEN att_status = 1 THEN 1 ELSE 0 END) AS present_count,
              SUM(CASE WHEN att_status = 0 THEN 1 ELSE 0 END) AS absent_count
          FROM attendance att, student stu, category
          WHERE  cat_id = category_id 
          AND cse_id = course_id 
          AND att_date BETWEEN startdate AND enddate 
          AND att.stud_id = stu.stud_id
          GROUP BY att.stud_id;
        
      END$$

CREATE DEFINER=`root`@`localhost` PROCEDURE `GetAttendanceCountByDays` (IN `category_id` VARCHAR(5), `course_id` VARCHAR(10), `startdate` DATE, `enddate` DATE, `nameofdays` VARCHAR(100))   BEGIN
          DECLARE min_iter INT DEFAULT 1;
          DECLARE max_iter INT ;
          DECLARE str VARCHAR(100) DEFAULT "";

          DROP TEMPORARY TABLE IF EXISTS Temp;
          CREATE TEMPORARY TABLE Temp(SIno INT PRIMARY KEY AUTO_INCREMENT, daysname VARCHAR(100));

          SET nameofdays = (CASE WHEN RIGHT(nameofdays, 1) = ',' THEN nameofdays ELSE CONCAT(nameofdays, ',') END);
          SET max_iter = LENGTH(nameofdays) - LENGTH(REPLACE(nameofdays, ',', ''));

          WHILE (min_iter <= max_iter) DO
          BEGIN
              
              SET str = SUBSTRING(nameofdays, 1, INSTR(nameofdays, ",") - 1);  

              INSERT INTO Temp(daysname) VALUES (str);

              SET nameofdays = SUBSTRING(nameofdays, INSTR(nameofdays, ",") + 1); 
              SET min_iter = min_iter + 1;
          END;
          END WHILE;

          SELECT att.stud_id, stud_name, 
              SUM(CASE WHEN att_status = 1 THEN 1 ELSE 0 END) AS present_count,
              SUM(CASE WHEN att_status = 0 THEN 1 ELSE 0 END) AS absent_count
          FROM attendance att, student stu, category
          WHERE  cat_id = category_id
          AND cse_id = course_id
          AND att_date BETWEEN startdate AND enddate 
          AND DAYNAME(att_date) NOT IN (SELECT daysname from Temp)
          AND att.stud_id = stu.stud_id
          GROUP BY att.stud_id ;

      END$$

CREATE DEFINER=`root`@`localhost` PROCEDURE `GetAttendanceCountInRange` (IN `category_id` VARCHAR(5), `startdate` DATE, `enddate` DATE)   BEGIN
          SELECT att.stud_id, stud_name, 
              SUM(CASE WHEN att_status = 1 THEN 1 ELSE 0 END) AS present_count,
              SUM(CASE WHEN att_status = 0 THEN 1 ELSE 0 END) AS absent_count
          FROM attendance att, student stu, category
          WHERE  cat_id = category_id 
          AND att_date BETWEEN startdate AND enddate 
          AND att.stud_id = stu.stud_id
          GROUP BY att.stud_id ;
      END$$

CREATE DEFINER=`root`@`localhost` PROCEDURE `GetAttendancePerByDays` (IN `category_id` VARCHAR(5), IN `course_id` VARCHAR(10), IN `startdate` DATE, IN `enddate` DATE, IN `nameofdays` VARCHAR(100))   BEGIN
          DECLARE min_iter INT DEFAULT 1;
          DECLARE max_iter INT ;
          DECLARE str VARCHAR(100) DEFAULT "";

          DROP TEMPORARY TABLE IF EXISTS Temp;
          CREATE TEMPORARY TABLE Temp(SIno INT PRIMARY KEY AUTO_INCREMENT, daysname VARCHAR(100));

          SET nameofdays = (CASE WHEN RIGHT(nameofdays, 1) = ',' THEN nameofdays ELSE CONCAT(nameofdays, ',') END);
          SET max_iter = LENGTH(nameofdays) - LENGTH(REPLACE(nameofdays, ',', ''));

          WHILE (min_iter <= max_iter) DO
          BEGIN
              
              SET str = SUBSTRING(nameofdays, 1, INSTR(nameofdays, ",") - 1);  

              INSERT INTO Temp(daysname) VALUES (str);

              SET nameofdays = SUBSTRING(nameofdays, INSTR(nameofdays, ",") + 1); 
              SET min_iter = min_iter + 1;
          END;
          END WHILE;

          SELECT att.stud_id, stud_name, 
              SUM(CASE WHEN att_status = 1 THEN 1 ELSE 0 END) AS present_count,
              SUM(CASE WHEN att_status = 0 THEN 1 ELSE 0 END) AS absent_count,
              TRUNCATE((SUM(CASE WHEN att_status = 0 THEN 1 ELSE 0 END)/(SUM(CASE WHEN att_status = 1 THEN 1 ELSE 0 END) + SUM(CASE WHEN att_status = 0 THEN 1 ELSE 0 END)))*100, 2) AS absent_per
          FROM attendance att, student stu, category
          WHERE cat_id = category_id
          AND cse_id = course_id
          AND att_date BETWEEN startdate AND enddate 
          AND DAYNAME(att_date) NOT IN (SELECT daysname from Temp)
          AND att.stud_id = stu.stud_id
          GROUP BY att.stud_id ;

      END$$

DELIMITER ;

-- --------------------------------------------------------

--
-- Table structure for table `admin`
--

CREATE TABLE `admin` (
  `adm_id` varchar(15) COLLATE utf8mb4_general_ci NOT NULL,
  `adm_name` varchar(50) COLLATE utf8mb4_general_ci NOT NULL,
  `adm_contact_no` char(10) COLLATE utf8mb4_general_ci NOT NULL,
  `adm_email` varchar(55) COLLATE utf8mb4_general_ci NOT NULL,
  `adm_password` varchar(30) COLLATE utf8mb4_general_ci NOT NULL,
  `adm_profile_image` varchar(255) COLLATE utf8mb4_general_ci NOT NULL
) ENGINE=InnoDB DEFAULT CHARSET=utf8mb4 COLLATE=utf8mb4_general_ci;

--
-- Dumping data for table `admin`
--

INSERT INTO `admin` (`adm_id`, `adm_name`, `adm_contact_no`, `adm_email`, `adm_password`, `adm_profile_image`) VALUES
('admin', 'Rishabh Mandavlia', '8949472986', 'rishabhmandavlia17@gmail.com', 'admin', '../profile/user_images/rishabh_admin_1698039488_image.png');

-- --------------------------------------------------------

--
-- Table structure for table `assignment`
--

CREATE TABLE `assignment` (
  `agn_id` int NOT NULL,
  `agn_name` varchar(100) COLLATE utf8mb4_general_ci DEFAULT NULL,
  `agn_desc` varchar(1000) COLLATE utf8mb4_general_ci DEFAULT NULL,
  `agn_total_marks` int NOT NULL,
  `agn_file` varchar(200) COLLATE utf8mb4_general_ci DEFAULT NULL,
  `agn_start_date` datetime DEFAULT NULL,
  `agn_end_date` datetime DEFAULT NULL,
  `agn_disable_submission` tinyint(1) DEFAULT NULL,
  `cse_id` int NOT NULL
) ENGINE=InnoDB DEFAULT CHARSET=utf8mb4 COLLATE=utf8mb4_general_ci;

--
-- Dumping data for table `assignment`
--

INSERT INTO `assignment` (`agn_id`, `agn_name`, `agn_desc`, `agn_total_marks`, `agn_file`, `agn_start_date`, `agn_end_date`, `agn_disable_submission`, `cse_id`) VALUES
(53, 'Assignment 1 ', 'PC assignment', 30, '../assignment/uploaded_files/moodle .txt', '2023-04-17 16:37:00', '2023-04-24 16:37:00', NULL, 5),
(61, 'DBMS Assignement', 'Desc ', 30, '../assignment/uploaded_files/Overview of Web Application Development and Config a9c98ae9dd3744c190363caa04cb2544.pdf', '2023-10-27 20:13:00', '2023-10-28 12:13:00', 0, 1),
(62, 'DBMS Assigenment 2', 'Unit 2 based', 50, '../assignment/uploaded_files/b71414e2-0600-4a0c-8df7-7e4b6a1dab59_Unit-2_Building_and_Processing_Web_forms.pdf', '2023-10-27 20:14:00', '2023-10-30 12:15:00', NULL, 1),
(63, 'DBMS assigemnt 3', 'Unit 3 based', 50, '../assignment/uploaded_files/LDP_2023.pdf', '2023-10-27 20:14:00', '2023-10-30 21:15:00', NULL, 1);

-- --------------------------------------------------------

--
-- Table structure for table `assignment_submission`
--

CREATE TABLE `assignment_submission` (
  `agn_id` int NOT NULL,
  `agn_submission_status` tinyint(1) DEFAULT '0',
  `agn_obtained_marks` int DEFAULT NULL,
  `agn_submission_date_time` datetime DEFAULT NULL,
  `agn_submission_file` varchar(200) COLLATE utf8mb4_general_ci DEFAULT NULL,
  `stud_id` varchar(15) COLLATE utf8mb4_general_ci NOT NULL
) ENGINE=InnoDB DEFAULT CHARSET=utf8mb4 COLLATE=utf8mb4_general_ci;

--
-- Dumping data for table `assignment_submission`
--

INSERT INTO `assignment_submission` (`agn_id`, `agn_submission_status`, `agn_obtained_marks`, `agn_submission_date_time`, `agn_submission_file`, `stud_id`) VALUES
(53, 0, NULL, NULL, NULL, '202103100110134'),
(53, 0, NULL, NULL, NULL, '202103100110140'),
(53, 0, NULL, NULL, NULL, '202103100110141'),
(53, 0, NULL, NULL, NULL, '202103100110143'),
(53, 0, NULL, NULL, NULL, '202103100110145'),
(53, 0, NULL, NULL, NULL, '202103100110147'),
(53, 0, NULL, NULL, NULL, '202103100110148'),
(53, 0, NULL, NULL, NULL, '202103100110155'),
(53, 0, NULL, NULL, NULL, '202103100110157'),
(53, 0, NULL, NULL, NULL, '202103100110169'),
(53, 0, NULL, NULL, NULL, '202103100110170'),
(53, 0, NULL, NULL, NULL, '202103100110197'),
(53, 0, NULL, NULL, NULL, '202103100110199'),
(61, 1, 26, '2023-10-27 20:15:50', './submissions/Fundamentals of programming/161 question.txt', '202103100110134'),
(61, 1, 20, '2023-10-28 20:17:12', './submissions//61 question.txt', '202103100110140'),
(61, 1, 28, '2023-10-29 20:16:39', './submissions//61 question.txt', '202103100110141'),
(61, 0, NULL, NULL, NULL, '202103100110143'),
(61, 0, NULL, NULL, NULL, '202103100110144'),
(61, 0, NULL, NULL, NULL, '202103100110145'),
(61, 1, 10, '2023-10-27 20:17:48', './submissions//61 question.txt', '202103100110147'),
(61, 1, 15, '2023-10-28 20:18:19', './submissions//61 question.txt', '202103100110148'),
(61, 0, NULL, NULL, NULL, '202103100110155'),
(61, 0, NULL, NULL, NULL, '202103100110157'),
(61, 0, NULL, NULL, NULL, '202103100110169'),
(61, 0, NULL, NULL, NULL, '202103100110170'),
(61, 0, NULL, NULL, NULL, '202103100110197'),
(61, 0, NULL, NULL, NULL, '202103100110199'),
(62, 1, 40, '2023-10-27 20:16:06', './submissions/Fundamentals of programming/162 question.txt', '202103100110134'),
(62, 1, 35, '2023-10-28 20:17:25', './submissions//62 question.txt', '202103100110140'),
(62, 1, 47, '2023-10-29 20:16:46', './submissions//62 question.txt', '202103100110141'),
(62, 0, NULL, NULL, NULL, '202103100110143'),
(62, 0, NULL, NULL, NULL, '202103100110144'),
(62, 0, NULL, NULL, NULL, '202103100110145'),
(62, 1, 33, '2023-10-27 20:17:55', './submissions//62 question.txt', '202103100110147'),
(62, 1, 45, '2023-10-28 20:18:25', './submissions//62 question.txt', '202103100110148'),
(62, 0, NULL, NULL, NULL, '202103100110155'),
(62, 0, NULL, NULL, NULL, '202103100110157'),
(62, 0, NULL, NULL, NULL, '202103100110169'),
(62, 0, NULL, NULL, NULL, '202103100110170'),
(62, 0, NULL, NULL, NULL, '202103100110197'),
(62, 0, NULL, NULL, NULL, '202103100110199'),
(63, 1, 40, '2023-10-27 20:16:21', './submissions/Fundamentals of programming/163 question.txt', '202103100110134'),
(63, 1, 22, '2023-10-28 20:17:32', './submissions//63 question.txt', '202103100110140'),
(63, 1, 49, '2023-10-29 20:16:53', './submissions//63 question.txt', '202103100110141'),
(63, 0, NULL, NULL, NULL, '202103100110143'),
(63, 0, NULL, NULL, NULL, '202103100110144'),
(63, 0, NULL, NULL, NULL, '202103100110145'),
(63, 1, 40, '2023-10-27 20:18:02', './submissions//63 question.txt', '202103100110147'),
(63, 1, 44, '2023-10-28 20:18:32', './submissions//63 question.txt', '202103100110148'),
(63, 0, NULL, NULL, NULL, '202103100110155'),
(63, 0, NULL, NULL, NULL, '202103100110157'),
(63, 0, NULL, NULL, NULL, '202103100110169'),
(63, 0, NULL, NULL, NULL, '202103100110170'),
(63, 0, NULL, NULL, NULL, '202103100110197'),
(63, 0, NULL, NULL, NULL, '202103100110199');

-- --------------------------------------------------------

--
-- Table structure for table `attendance`
--

CREATE TABLE `attendance` (
  `cse_id` int NOT NULL,
  `att_date` date NOT NULL,
  `att_time` time NOT NULL,
  `att_status` tinyint(1) NOT NULL,
  `stud_id` varchar(15) COLLATE utf8mb4_general_ci NOT NULL
) ENGINE=InnoDB DEFAULT CHARSET=utf8mb4 COLLATE=utf8mb4_general_ci;

--
-- Dumping data for table `attendance`
--

INSERT INTO `attendance` (`cse_id`, `att_date`, `att_time`, `att_status`, `stud_id`) VALUES
(1, '2023-04-05', '08:45:00', 1, '202103100110134'),
(1, '2023-04-05', '14:45:00', 0, '202103100110134'),
(1, '2023-04-06', '08:45:00', 1, '202103100110134'),
(1, '2023-04-08', '08:45:00', 1, '202103100110134'),
(1, '2023-04-09', '08:45:00', 1, '202103100110134'),
(1, '2023-04-10', '08:45:00', 1, '202103100110134'),
(1, '2023-04-10', '09:45:00', 1, '202103100110134'),
(1, '2023-04-12', '08:45:00', 1, '202103100110134'),
(1, '2023-04-19', '08:45:00', 1, '202103100110134'),
(1, '2023-04-19', '13:45:00', 0, '202103100110134'),
(1, '2023-04-20', '08:45:00', 1, '202103100110134'),
(1, '2023-04-20', '12:05:00', 0, '202103100110134'),
(1, '2023-04-22', '08:45:00', 1, '202103100110134'),
(1, '2023-04-23', '08:45:00', 1, '202103100110134'),
(1, '2023-04-24', '08:45:00', 1, '202103100110134'),
(1, '2023-04-26', '08:45:00', 1, '202103100110134'),
(1, '2023-04-27', '08:45:00', 1, '202103100110134'),
(1, '2023-04-28', '08:45:00', 1, '202103100110134'),
(1, '2023-04-29', '08:45:00', 1, '202103100110134'),
(1, '2023-04-30', '08:45:00', 1, '202103100110134'),
(1, '2023-06-07', '08:45:00', 1, '202103100110134'),
(1, '2023-06-08', '08:45:00', 0, '202103100110134'),
(1, '2023-06-09', '08:45:00', 1, '202103100110134'),
(1, '2023-06-09', '14:45:00', 0, '202103100110134'),
(1, '2023-06-10', '08:45:00', 1, '202103100110134'),
(1, '2023-06-11', '08:45:00', 1, '202103100110134'),
(1, '2023-06-12', '08:45:00', 0, '202103100110134'),
(1, '2023-06-14', '08:45:00', 1, '202103100110134'),
(1, '2023-06-15', '08:45:00', 1, '202103100110134'),
(1, '2023-06-16', '08:45:00', 1, '202103100110134'),
(1, '2023-06-17', '08:45:00', 1, '202103100110134'),
(1, '2023-06-17', '13:45:00', 1, '202103100110134'),
(1, '2023-06-18', '08:45:00', 1, '202103100110134'),
(1, '2023-06-19', '08:45:00', 1, '202103100110134'),
(1, '2023-06-19', '13:45:00', 0, '202103100110134'),
(1, '2023-06-21', '08:45:00', 1, '202103100110134'),
(1, '2023-06-21', '09:45:00', 1, '202103100110134'),
(1, '2023-06-22', '08:45:00', 1, '202103100110134'),
(1, '2023-06-22', '09:45:00', 1, '202103100110134'),
(1, '2023-06-24', '08:45:00', 1, '202103100110134'),
(1, '2023-06-25', '08:45:00', 1, '202103100110134'),
(1, '2023-06-26', '08:45:00', 0, '202103100110134'),
(1, '2023-06-28', '08:45:00', 1, '202103100110134'),
(1, '2023-06-29', '08:45:00', 1, '202103100110134'),
(1, '2023-06-30', '08:45:00', 0, '202103100110134'),
(1, '2023-07-01', '08:45:00', 0, '202103100110134'),
(1, '2023-07-02', '08:45:00', 1, '202103100110134'),
(1, '2023-07-03', '08:45:00', 0, '202103100110134'),
(1, '2023-07-05', '08:45:00', 1, '202103100110134'),
(1, '2023-07-06', '08:45:00', 0, '202103100110134'),
(1, '2023-07-07', '08:45:00', 1, '202103100110134'),
(1, '2023-07-08', '08:45:00', 1, '202103100110134'),
(1, '2023-07-09', '08:45:00', 1, '202103100110134'),
(1, '2023-07-10', '08:45:00', 1, '202103100110134'),
(1, '2023-07-13', '08:45:00', 1, '202103100110134'),
(1, '2023-07-14', '08:45:00', 1, '202103100110134'),
(1, '2023-07-15', '08:45:00', 1, '202103100110134'),
(1, '2023-07-16', '08:45:00', 1, '202103100110134'),
(1, '2023-07-17', '08:45:00', 1, '202103100110134'),
(1, '2023-07-19', '08:45:00', 1, '202103100110134'),
(1, '2023-07-20', '08:45:00', 1, '202103100110134'),
(1, '2023-07-22', '08:45:00', 1, '202103100110134'),
(1, '2023-07-23', '08:45:00', 1, '202103100110134'),
(1, '2023-07-24', '08:45:00', 1, '202103100110134'),
(1, '2023-07-26', '08:45:00', 0, '202103100110134'),
(1, '2023-07-27', '08:45:00', 1, '202103100110134'),
(1, '2023-07-28', '08:45:00', 1, '202103100110134'),
(1, '2023-07-29', '08:45:00', 0, '202103100110134'),
(1, '2023-07-30', '08:45:00', 1, '202103100110134'),
(1, '2023-07-31', '08:45:00', 1, '202103100110134'),
(1, '2023-08-02', '08:45:00', 1, '202103100110134'),
(1, '2023-08-03', '08:45:00', 0, '202103100110134'),
(1, '2023-08-04', '08:45:00', 1, '202103100110134'),
(1, '2023-08-05', '08:45:00', 0, '202103100110134'),
(1, '2023-08-06', '08:45:00', 0, '202103100110134'),
(1, '2023-08-07', '08:45:00', 1, '202103100110134'),
(1, '2023-08-09', '08:45:00', 1, '202103100110134'),
(1, '2023-08-10', '08:45:00', 1, '202103100110134'),
(1, '2023-08-12', '08:45:00', 1, '202103100110134'),
(1, '2023-08-13', '08:45:00', 1, '202103100110134'),
(1, '2023-08-14', '08:45:00', 1, '202103100110134'),
(1, '2023-08-17', '08:45:00', 1, '202103100110134'),
(1, '2023-08-18', '08:45:00', 1, '202103100110134'),
(1, '2023-08-19', '08:45:00', 1, '202103100110134'),
(1, '2023-08-23', '08:45:00', 1, '202103100110134'),
(1, '2023-08-24', '08:45:00', 1, '202103100110134'),
(1, '2023-08-25', '08:45:00', 1, '202103100110134'),
(1, '2023-08-26', '08:45:00', 0, '202103100110134'),
(1, '2023-08-27', '08:45:00', 1, '202103100110134'),
(1, '2023-08-28', '08:45:00', 0, '202103100110134'),
(1, '2023-08-30', '08:45:00', 1, '202103100110134'),
(1, '2023-09-01', '08:45:00', 0, '202103100110134'),
(1, '2023-09-02', '08:45:00', 1, '202103100110134'),
(1, '2023-09-03', '08:45:00', 0, '202103100110134'),
(1, '2023-09-04', '08:45:00', 1, '202103100110134'),
(1, '2023-09-06', '08:45:00', 0, '202103100110134'),
(1, '2023-09-07', '08:45:00', 1, '202103100110134'),
(1, '2023-09-08', '08:45:00', 1, '202103100110134'),
(1, '2023-09-09', '08:45:00', 1, '202103100110134'),
(1, '2023-09-11', '08:45:00', 1, '202103100110134'),
(1, '2023-09-13', '08:45:00', 1, '202103100110134'),
(1, '2023-09-14', '08:45:00', 1, '202103100110134'),
(1, '2023-09-15', '08:45:00', 1, '202103100110134'),
(1, '2023-09-16', '08:45:00', 1, '202103100110134'),
(1, '2023-09-17', '08:45:00', 1, '202103100110134'),
(1, '2023-09-18', '08:45:00', 1, '202103100110134'),
(1, '2023-09-20', '08:45:00', 1, '202103100110134'),
(1, '2023-09-21', '08:45:00', 1, '202103100110134'),
(1, '2023-09-22', '08:45:00', 1, '202103100110134'),
(1, '2023-09-23', '08:45:00', 1, '202103100110134'),
(1, '2023-09-24', '08:45:00', 1, '202103100110134'),
(1, '2023-09-25', '08:45:00', 1, '202103100110134'),
(1, '2023-09-27', '08:45:00', 1, '202103100110134'),
(1, '2023-09-28', '08:45:00', 0, '202103100110134'),
(1, '2023-09-29', '08:45:00', 0, '202103100110134'),
(1, '2023-09-30', '08:45:00', 1, '202103100110134'),
(1, '2023-10-01', '08:45:00', 1, '202103100110134'),
(1, '2023-10-04', '08:45:00', 1, '202103100110134'),
(1, '2023-10-05', '08:45:00', 1, '202103100110134'),
(1, '2023-10-06', '08:45:00', 0, '202103100110134'),
(1, '2023-10-07', '08:45:00', 1, '202103100110134'),
(1, '2023-10-08', '08:45:00', 1, '202103100110134'),
(1, '2023-10-09', '08:45:00', 1, '202103100110134'),
(1, '2023-10-11', '08:45:00', 1, '202103100110134'),
(1, '2023-10-16', '08:45:00', 1, '202103100110134'),
(1, '2023-10-21', '08:45:00', 1, '202103100110134'),
(1, '2023-10-22', '08:45:00', 1, '202103100110134'),
(1, '2023-10-23', '08:45:00', 1, '202103100110134'),
(1, '2023-10-23', '20:49:00', 1, '202103100110134'),
(1, '2023-10-25', '08:45:00', 1, '202103100110134'),
(1, '2023-10-26', '08:45:00', 0, '202103100110134'),
(1, '2023-10-27', '08:45:00', 1, '202103100110134'),
(1, '2023-10-28', '08:45:00', 1, '202103100110134'),
(1, '2023-10-29', '08:45:00', 0, '202103100110134'),
(1, '2023-10-30', '08:45:00', 1, '202103100110134'),
(1, '2023-11-15', '08:45:00', 1, '202103100110134'),
(1, '2023-11-16', '08:45:00', 1, '202103100110134'),
(1, '2023-11-17', '08:45:00', 1, '202103100110134'),
(1, '2023-11-18', '08:45:00', 1, '202103100110134'),
(1, '2023-11-20', '08:45:00', 1, '202103100110134'),
(1, '2023-11-22', '08:45:00', 1, '202103100110134'),
(1, '2023-11-23', '08:45:00', 1, '202103100110134'),
(1, '2023-11-25', '08:45:00', 1, '202103100110134'),
(1, '2023-11-26', '08:45:00', 0, '202103100110134'),
(1, '2023-11-27', '08:45:00', 1, '202103100110134'),
(1, '2023-11-29', '08:45:00', 0, '202103100110134'),
(1, '2023-11-30', '08:45:00', 1, '202103100110134'),
(1, '2023-12-01', '08:45:00', 1, '202103100110134'),
(1, '2023-12-02', '08:45:00', 1, '202103100110134'),
(1, '2023-12-03', '08:45:00', 1, '202103100110134'),
(1, '2023-12-04', '08:45:00', 1, '202103100110134'),
(1, '2023-12-06', '08:45:00', 0, '202103100110134'),
(1, '2023-12-07', '08:45:00', 1, '202103100110134'),
(1, '2023-12-08', '08:45:00', 1, '202103100110134'),
(1, '2023-12-09', '08:45:00', 1, '202103100110134'),
(1, '2023-12-10', '08:45:00', 0, '202103100110134'),
(1, '2023-12-11', '08:45:00', 1, '202103100110134'),
(1, '2023-12-13', '08:45:00', 0, '202103100110134'),
(1, '2023-12-14', '08:45:00', 0, '202103100110134'),
(1, '2023-12-15', '08:45:00', 0, '202103100110134'),
(1, '2023-12-16', '08:45:00', 1, '202103100110134'),
(1, '2023-12-17', '08:45:00', 1, '202103100110134'),
(1, '2023-12-18', '08:45:00', 1, '202103100110134'),
(1, '2023-12-20', '08:45:00', 1, '202103100110134'),
(1, '2023-12-21', '08:45:00', 1, '202103100110134'),
(1, '2023-12-22', '08:45:00', 1, '202103100110134'),
(1, '2023-12-23', '08:45:00', 1, '202103100110134'),
(1, '2023-12-27', '08:45:00', 1, '202103100110134'),
(1, '2023-12-28', '08:45:00', 1, '202103100110134'),
(1, '2023-12-29', '08:45:00', 0, '202103100110134'),
(1, '2023-12-30', '08:45:00', 1, '202103100110134'),
(1, '2023-12-31', '08:45:00', 1, '202103100110134'),
(1, '2023-10-23', '20:49:00', 1, '202103100110140'),
(1, '2023-04-05', '08:45:00', 1, '202103100110141'),
(1, '2023-04-05', '14:45:00', 1, '202103100110141'),
(1, '2023-04-06', '08:45:00', 1, '202103100110141'),
(1, '2023-04-08', '08:45:00', 1, '202103100110141'),
(1, '2023-04-09', '08:45:00', 1, '202103100110141'),
(1, '2023-04-10', '08:45:00', 1, '202103100110141'),
(1, '2023-04-10', '09:45:00', 0, '202103100110141'),
(1, '2023-04-12', '08:45:00', 1, '202103100110141'),
(1, '2023-04-19', '08:45:00', 1, '202103100110141'),
(1, '2023-04-19', '13:45:00', 1, '202103100110141'),
(1, '2023-04-20', '08:45:00', 1, '202103100110141'),
(1, '2023-04-20', '12:05:00', 0, '202103100110141'),
(1, '2023-04-22', '08:45:00', 1, '202103100110141'),
(1, '2023-04-23', '08:45:00', 1, '202103100110141'),
(1, '2023-04-24', '08:45:00', 1, '202103100110141'),
(1, '2023-04-26', '08:45:00', 1, '202103100110141'),
(1, '2023-04-27', '08:45:00', 1, '202103100110141'),
(1, '2023-04-28', '08:45:00', 1, '202103100110141'),
(1, '2023-04-29', '08:45:00', 1, '202103100110141'),
(1, '2023-04-30', '08:45:00', 1, '202103100110141'),
(1, '2023-06-07', '08:45:00', 1, '202103100110141'),
(1, '2023-06-08', '08:45:00', 0, '202103100110141'),
(1, '2023-06-09', '08:45:00', 1, '202103100110141'),
(1, '2023-06-09', '14:45:00', 1, '202103100110141'),
(1, '2023-06-10', '08:45:00', 1, '202103100110141'),
(1, '2023-06-11', '08:45:00', 1, '202103100110141'),
(1, '2023-06-12', '08:45:00', 1, '202103100110141'),
(1, '2023-06-14', '08:45:00', 1, '202103100110141'),
(1, '2023-06-15', '08:45:00', 1, '202103100110141'),
(1, '2023-06-16', '08:45:00', 1, '202103100110141'),
(1, '2023-06-17', '08:45:00', 1, '202103100110141'),
(1, '2023-06-17', '13:45:00', 1, '202103100110141'),
(1, '2023-06-18', '08:45:00', 1, '202103100110141'),
(1, '2023-06-19', '08:45:00', 1, '202103100110141'),
(1, '2023-06-19', '13:45:00', 1, '202103100110141'),
(1, '2023-06-21', '08:45:00', 1, '202103100110141'),
(1, '2023-06-21', '09:45:00', 1, '202103100110141'),
(1, '2023-06-22', '08:45:00', 1, '202103100110141'),
(1, '2023-06-22', '09:45:00', 1, '202103100110141'),
(1, '2023-06-24', '08:45:00', 1, '202103100110141'),
(1, '2023-06-25', '08:45:00', 1, '202103100110141'),
(1, '2023-06-26', '08:45:00', 0, '202103100110141'),
(1, '2023-06-28', '08:45:00', 1, '202103100110141'),
(1, '2023-06-29', '08:45:00', 1, '202103100110141'),
(1, '2023-06-30', '08:45:00', 0, '202103100110141'),
(1, '2023-07-01', '08:45:00', 0, '202103100110141'),
(1, '2023-07-02', '08:45:00', 1, '202103100110141'),
(1, '2023-07-03', '08:45:00', 0, '202103100110141'),
(1, '2023-07-05', '08:45:00', 1, '202103100110141'),
(1, '2023-07-06', '08:45:00', 0, '202103100110141'),
(1, '2023-07-07', '08:45:00', 1, '202103100110141'),
(1, '2023-07-08', '08:45:00', 1, '202103100110141'),
(1, '2023-07-09', '08:45:00', 1, '202103100110141'),
(1, '2023-07-10', '08:45:00', 1, '202103100110141'),
(1, '2023-07-13', '08:45:00', 1, '202103100110141'),
(1, '2023-07-14', '08:45:00', 1, '202103100110141'),
(1, '2023-07-15', '08:45:00', 1, '202103100110141'),
(1, '2023-07-16', '08:45:00', 1, '202103100110141'),
(1, '2023-07-17', '08:45:00', 1, '202103100110141'),
(1, '2023-07-19', '08:45:00', 1, '202103100110141'),
(1, '2023-07-20', '08:45:00', 1, '202103100110141'),
(1, '2023-07-22', '08:45:00', 1, '202103100110141'),
(1, '2023-07-23', '08:45:00', 1, '202103100110141'),
(1, '2023-07-24', '08:45:00', 1, '202103100110141'),
(1, '2023-07-26', '08:45:00', 0, '202103100110141'),
(1, '2023-07-27', '08:45:00', 0, '202103100110141'),
(1, '2023-07-28', '08:45:00', 1, '202103100110141'),
(1, '2023-07-29', '08:45:00', 0, '202103100110141'),
(1, '2023-07-30', '08:45:00', 1, '202103100110141'),
(1, '2023-07-31', '08:45:00', 1, '202103100110141'),
(1, '2023-08-02', '08:45:00', 1, '202103100110141'),
(1, '2023-08-03', '08:45:00', 0, '202103100110141'),
(1, '2023-08-04', '08:45:00', 1, '202103100110141'),
(1, '2023-08-05', '08:45:00', 0, '202103100110141'),
(1, '2023-08-06', '08:45:00', 0, '202103100110141'),
(1, '2023-08-07', '08:45:00', 1, '202103100110141'),
(1, '2023-08-09', '08:45:00', 1, '202103100110141'),
(1, '2023-08-10', '08:45:00', 1, '202103100110141'),
(1, '2023-08-12', '08:45:00', 1, '202103100110141'),
(1, '2023-08-13', '08:45:00', 1, '202103100110141'),
(1, '2023-08-14', '08:45:00', 1, '202103100110141'),
(1, '2023-08-17', '08:45:00', 1, '202103100110141'),
(1, '2023-08-18', '08:45:00', 1, '202103100110141'),
(1, '2023-08-19', '08:45:00', 1, '202103100110141'),
(1, '2023-08-23', '08:45:00', 1, '202103100110141'),
(1, '2023-08-24', '08:45:00', 1, '202103100110141'),
(1, '2023-08-25', '08:45:00', 1, '202103100110141'),
(1, '2023-08-26', '08:45:00', 0, '202103100110141'),
(1, '2023-08-27', '08:45:00', 0, '202103100110141'),
(1, '2023-08-28', '08:45:00', 0, '202103100110141'),
(1, '2023-08-30', '08:45:00', 1, '202103100110141'),
(1, '2023-09-01', '08:45:00', 0, '202103100110141'),
(1, '2023-09-02', '08:45:00', 1, '202103100110141'),
(1, '2023-09-03', '08:45:00', 0, '202103100110141'),
(1, '2023-09-04', '08:45:00', 1, '202103100110141'),
(1, '2023-09-06', '08:45:00', 0, '202103100110141'),
(1, '2023-09-07', '08:45:00', 1, '202103100110141'),
(1, '2023-09-08', '08:45:00', 1, '202103100110141'),
(1, '2023-09-09', '08:45:00', 1, '202103100110141'),
(1, '2023-09-11', '08:45:00', 1, '202103100110141'),
(1, '2023-09-13', '08:45:00', 1, '202103100110141'),
(1, '2023-09-14', '08:45:00', 1, '202103100110141'),
(1, '2023-09-15', '08:45:00', 1, '202103100110141'),
(1, '2023-09-16', '08:45:00', 1, '202103100110141'),
(1, '2023-09-17', '08:45:00', 1, '202103100110141'),
(1, '2023-09-18', '08:45:00', 1, '202103100110141'),
(1, '2023-09-20', '08:45:00', 1, '202103100110141'),
(1, '2023-09-21', '08:45:00', 1, '202103100110141'),
(1, '2023-09-22', '08:45:00', 1, '202103100110141'),
(1, '2023-09-23', '08:45:00', 1, '202103100110141'),
(1, '2023-09-24', '08:45:00', 1, '202103100110141'),
(1, '2023-09-25', '08:45:00', 1, '202103100110141'),
(1, '2023-09-27', '08:45:00', 0, '202103100110141'),
(1, '2023-09-28', '08:45:00', 1, '202103100110141'),
(1, '2023-09-29', '08:45:00', 0, '202103100110141'),
(1, '2023-09-30', '08:45:00', 1, '202103100110141'),
(1, '2023-10-01', '08:45:00', 1, '202103100110141'),
(1, '2023-10-04', '08:45:00', 1, '202103100110141'),
(1, '2023-10-05', '08:45:00', 1, '202103100110141'),
(1, '2023-10-06', '08:45:00', 0, '202103100110141'),
(1, '2023-10-07', '08:45:00', 1, '202103100110141'),
(1, '2023-10-08', '08:45:00', 1, '202103100110141'),
(1, '2023-10-09', '08:45:00', 1, '202103100110141'),
(1, '2023-10-11', '08:45:00', 1, '202103100110141'),
(1, '2023-10-16', '08:45:00', 1, '202103100110141'),
(1, '2023-10-21', '08:45:00', 1, '202103100110141'),
(1, '2023-10-22', '08:45:00', 1, '202103100110141'),
(1, '2023-10-23', '08:45:00', 1, '202103100110141'),
(1, '2023-10-23', '20:49:00', 1, '202103100110141'),
(1, '2023-10-25', '08:45:00', 1, '202103100110141'),
(1, '2023-10-26', '08:45:00', 0, '202103100110141'),
(1, '2023-10-27', '08:45:00', 0, '202103100110141'),
(1, '2023-10-28', '08:45:00', 1, '202103100110141'),
(1, '2023-10-29', '08:45:00', 0, '202103100110141'),
(1, '2023-10-30', '08:45:00', 1, '202103100110141'),
(1, '2023-11-15', '08:45:00', 1, '202103100110141'),
(1, '2023-11-16', '08:45:00', 1, '202103100110141'),
(1, '2023-11-17', '08:45:00', 1, '202103100110141'),
(1, '2023-11-18', '08:45:00', 1, '202103100110141'),
(1, '2023-11-20', '08:45:00', 1, '202103100110141'),
(1, '2023-11-22', '08:45:00', 1, '202103100110141'),
(1, '2023-11-23', '08:45:00', 1, '202103100110141'),
(1, '2023-11-25', '08:45:00', 1, '202103100110141'),
(1, '2023-11-26', '08:45:00', 0, '202103100110141'),
(1, '2023-11-27', '08:45:00', 0, '202103100110141'),
(1, '2023-11-29', '08:45:00', 0, '202103100110141'),
(1, '2023-11-30', '08:45:00', 1, '202103100110141'),
(1, '2023-12-01', '08:45:00', 1, '202103100110141'),
(1, '2023-12-02', '08:45:00', 1, '202103100110141'),
(1, '2023-12-03', '08:45:00', 1, '202103100110141'),
(1, '2023-12-04', '08:45:00', 1, '202103100110141'),
(1, '2023-12-06', '08:45:00', 0, '202103100110141'),
(1, '2023-12-07', '08:45:00', 1, '202103100110141'),
(1, '2023-12-08', '08:45:00', 1, '202103100110141'),
(1, '2023-12-09', '08:45:00', 1, '202103100110141'),
(1, '2023-12-10', '08:45:00', 0, '202103100110141'),
(1, '2023-12-11', '08:45:00', 1, '202103100110141'),
(1, '2023-12-13', '08:45:00', 0, '202103100110141'),
(1, '2023-12-14', '08:45:00', 0, '202103100110141'),
(1, '2023-12-15', '08:45:00', 0, '202103100110141'),
(1, '2023-12-16', '08:45:00', 1, '202103100110141'),
(1, '2023-12-17', '08:45:00', 1, '202103100110141'),
(1, '2023-12-18', '08:45:00', 1, '202103100110141'),
(1, '2023-12-20', '08:45:00', 1, '202103100110141'),
(1, '2023-12-21', '08:45:00', 1, '202103100110141'),
(1, '2023-12-22', '08:45:00', 1, '202103100110141'),
(1, '2023-12-23', '08:45:00', 1, '202103100110141'),
(1, '2023-12-27', '08:45:00', 0, '202103100110141'),
(1, '2023-12-28', '08:45:00', 1, '202103100110141'),
(1, '2023-12-29', '08:45:00', 0, '202103100110141'),
(1, '2023-12-30', '08:45:00', 1, '202103100110141'),
(1, '2023-12-31', '08:45:00', 1, '202103100110141'),
(1, '2023-04-05', '08:45:00', 0, '202103100110143'),
(1, '2023-04-05', '14:45:00', 0, '202103100110143'),
(1, '2023-04-06', '08:45:00', 1, '202103100110143'),
(1, '2023-04-08', '08:45:00', 0, '202103100110143'),
(1, '2023-04-09', '08:45:00', 1, '202103100110143'),
(1, '2023-04-10', '08:45:00', 0, '202103100110143'),
(1, '2023-04-10', '09:45:00', 0, '202103100110143'),
(1, '2023-04-12', '08:45:00', 0, '202103100110143'),
(1, '2023-04-19', '08:45:00', 1, '202103100110143'),
(1, '2023-04-19', '13:45:00', 0, '202103100110143'),
(1, '2023-04-20', '08:45:00', 0, '202103100110143'),
(1, '2023-04-20', '12:05:00', 0, '202103100110143'),
(1, '2023-04-22', '08:45:00', 0, '202103100110143'),
(1, '2023-04-23', '08:45:00', 0, '202103100110143'),
(1, '2023-04-24', '08:45:00', 0, '202103100110143'),
(1, '2023-04-26', '08:45:00', 0, '202103100110143'),
(1, '2023-04-27', '08:45:00', 0, '202103100110143'),
(1, '2023-04-28', '08:45:00', 0, '202103100110143'),
(1, '2023-04-29', '08:45:00', 0, '202103100110143'),
(1, '2023-04-30', '08:45:00', 1, '202103100110143'),
(1, '2023-06-07', '08:45:00', 1, '202103100110143'),
(1, '2023-06-08', '08:45:00', 0, '202103100110143'),
(1, '2023-06-09', '08:45:00', 0, '202103100110143'),
(1, '2023-06-09', '14:45:00', 0, '202103100110143'),
(1, '2023-06-10', '08:45:00', 1, '202103100110143'),
(1, '2023-06-11', '08:45:00', 1, '202103100110143'),
(1, '2023-06-12', '08:45:00', 0, '202103100110143'),
(1, '2023-06-14', '08:45:00', 0, '202103100110143'),
(1, '2023-06-15', '08:45:00', 1, '202103100110143'),
(1, '2023-06-16', '08:45:00', 0, '202103100110143'),
(1, '2023-06-17', '08:45:00', 1, '202103100110143'),
(1, '2023-06-17', '13:45:00', 1, '202103100110143'),
(1, '2023-06-18', '08:45:00', 1, '202103100110143'),
(1, '2023-06-19', '08:45:00', 1, '202103100110143'),
(1, '2023-06-19', '13:45:00', 0, '202103100110143'),
(1, '2023-06-21', '08:45:00', 0, '202103100110143'),
(1, '2023-06-21', '09:45:00', 0, '202103100110143'),
(1, '2023-06-22', '08:45:00', 0, '202103100110143'),
(1, '2023-06-22', '09:45:00', 0, '202103100110143'),
(1, '2023-06-24', '08:45:00', 0, '202103100110143'),
(1, '2023-06-25', '08:45:00', 0, '202103100110143'),
(1, '2023-06-26', '08:45:00', 0, '202103100110143'),
(1, '2023-06-28', '08:45:00', 0, '202103100110143'),
(1, '2023-06-29', '08:45:00', 0, '202103100110143'),
(1, '2023-06-30', '08:45:00', 0, '202103100110143'),
(1, '2023-07-01', '08:45:00', 0, '202103100110143'),
(1, '2023-07-02', '08:45:00', 1, '202103100110143'),
(1, '2023-07-03', '08:45:00', 0, '202103100110143'),
(1, '2023-07-05', '08:45:00', 1, '202103100110143'),
(1, '2023-07-06', '08:45:00', 0, '202103100110143'),
(1, '2023-07-07', '08:45:00', 1, '202103100110143'),
(1, '2023-07-08', '08:45:00', 1, '202103100110143'),
(1, '2023-07-09', '08:45:00', 1, '202103100110143'),
(1, '2023-07-10', '08:45:00', 1, '202103100110143'),
(1, '2023-07-13', '08:45:00', 0, '202103100110143'),
(1, '2023-07-14', '08:45:00', 0, '202103100110143'),
(1, '2023-07-15', '08:45:00', 1, '202103100110143'),
(1, '2023-07-16', '08:45:00', 0, '202103100110143'),
(1, '2023-07-17', '08:45:00', 0, '202103100110143'),
(1, '2023-07-19', '08:45:00', 0, '202103100110143'),
(1, '2023-07-20', '08:45:00', 0, '202103100110143'),
(1, '2023-07-22', '08:45:00', 0, '202103100110143'),
(1, '2023-07-23', '08:45:00', 0, '202103100110143'),
(1, '2023-07-24', '08:45:00', 0, '202103100110143'),
(1, '2023-07-26', '08:45:00', 0, '202103100110143'),
(1, '2023-07-27', '08:45:00', 0, '202103100110143'),
(1, '2023-07-28', '08:45:00', 0, '202103100110143'),
(1, '2023-07-29', '08:45:00', 0, '202103100110143'),
(1, '2023-07-30', '08:45:00', 0, '202103100110143'),
(1, '2023-07-31', '08:45:00', 0, '202103100110143'),
(1, '2023-08-02', '08:45:00', 1, '202103100110143'),
(1, '2023-08-03', '08:45:00', 0, '202103100110143'),
(1, '2023-08-04', '08:45:00', 1, '202103100110143'),
(1, '2023-08-05', '08:45:00', 0, '202103100110143'),
(1, '2023-08-06', '08:45:00', 0, '202103100110143'),
(1, '2023-08-07', '08:45:00', 1, '202103100110143'),
(1, '2023-08-09', '08:45:00', 1, '202103100110143'),
(1, '2023-08-10', '08:45:00', 1, '202103100110143'),
(1, '2023-08-12', '08:45:00', 1, '202103100110143'),
(1, '2023-08-13', '08:45:00', 0, '202103100110143'),
(1, '2023-08-14', '08:45:00', 0, '202103100110143'),
(1, '2023-08-17', '08:45:00', 0, '202103100110143'),
(1, '2023-08-18', '08:45:00', 1, '202103100110143'),
(1, '2023-08-19', '08:45:00', 0, '202103100110143'),
(1, '2023-08-23', '08:45:00', 0, '202103100110143'),
(1, '2023-08-24', '08:45:00', 0, '202103100110143'),
(1, '2023-08-25', '08:45:00', 0, '202103100110143'),
(1, '2023-08-26', '08:45:00', 0, '202103100110143'),
(1, '2023-08-27', '08:45:00', 0, '202103100110143'),
(1, '2023-08-28', '08:45:00', 0, '202103100110143'),
(1, '2023-08-30', '08:45:00', 0, '202103100110143'),
(1, '2023-09-01', '08:45:00', 0, '202103100110143'),
(1, '2023-09-02', '08:45:00', 1, '202103100110143'),
(1, '2023-09-03', '08:45:00', 0, '202103100110143'),
(1, '2023-09-04', '08:45:00', 1, '202103100110143'),
(1, '2023-09-06', '08:45:00', 0, '202103100110143'),
(1, '2023-09-07', '08:45:00', 1, '202103100110143'),
(1, '2023-09-08', '08:45:00', 1, '202103100110143'),
(1, '2023-09-09', '08:45:00', 1, '202103100110143'),
(1, '2023-09-11', '08:45:00', 1, '202103100110143'),
(1, '2023-09-13', '08:45:00', 0, '202103100110143'),
(1, '2023-09-14', '08:45:00', 0, '202103100110143'),
(1, '2023-09-15', '08:45:00', 1, '202103100110143'),
(1, '2023-09-16', '08:45:00', 0, '202103100110143'),
(1, '2023-09-17', '08:45:00', 0, '202103100110143'),
(1, '2023-09-18', '08:45:00', 0, '202103100110143'),
(1, '2023-09-20', '08:45:00', 0, '202103100110143'),
(1, '2023-09-21', '08:45:00', 0, '202103100110143'),
(1, '2023-09-22', '08:45:00', 0, '202103100110143'),
(1, '2023-09-23', '08:45:00', 0, '202103100110143'),
(1, '2023-09-24', '08:45:00', 0, '202103100110143'),
(1, '2023-09-25', '08:45:00', 1, '202103100110143'),
(1, '2023-09-27', '08:45:00', 0, '202103100110143'),
(1, '2023-09-28', '08:45:00', 0, '202103100110143'),
(1, '2023-09-29', '08:45:00', 0, '202103100110143'),
(1, '2023-09-30', '08:45:00', 0, '202103100110143'),
(1, '2023-10-01', '08:45:00', 0, '202103100110143'),
(1, '2023-10-04', '08:45:00', 1, '202103100110143'),
(1, '2023-10-05', '08:45:00', 1, '202103100110143'),
(1, '2023-10-06', '08:45:00', 0, '202103100110143'),
(1, '2023-10-07', '08:45:00', 1, '202103100110143'),
(1, '2023-10-08', '08:45:00', 1, '202103100110143'),
(1, '2023-10-09', '08:45:00', 1, '202103100110143'),
(1, '2023-10-11', '08:45:00', 0, '202103100110143'),
(1, '2023-10-16', '08:45:00', 0, '202103100110143'),
(1, '2023-10-21', '08:45:00', 0, '202103100110143'),
(1, '2023-10-22', '08:45:00', 0, '202103100110143'),
(1, '2023-10-23', '08:45:00', 0, '202103100110143'),
(1, '2023-10-23', '20:49:00', 1, '202103100110143'),
(1, '2023-10-25', '08:45:00', 0, '202103100110143'),
(1, '2023-10-26', '08:45:00', 0, '202103100110143'),
(1, '2023-10-27', '08:45:00', 0, '202103100110143'),
(1, '2023-10-28', '08:45:00', 0, '202103100110143'),
(1, '2023-10-29', '08:45:00', 0, '202103100110143'),
(1, '2023-10-30', '08:45:00', 0, '202103100110143'),
(1, '2023-11-15', '08:45:00', 1, '202103100110143'),
(1, '2023-11-16', '08:45:00', 0, '202103100110143'),
(1, '2023-11-17', '08:45:00', 0, '202103100110143'),
(1, '2023-11-18', '08:45:00', 0, '202103100110143'),
(1, '2023-11-20', '08:45:00', 0, '202103100110143'),
(1, '2023-11-22', '08:45:00', 0, '202103100110143'),
(1, '2023-11-23', '08:45:00', 0, '202103100110143'),
(1, '2023-11-25', '08:45:00', 0, '202103100110143'),
(1, '2023-11-26', '08:45:00', 0, '202103100110143'),
(1, '2023-11-27', '08:45:00', 0, '202103100110143'),
(1, '2023-11-29', '08:45:00', 0, '202103100110143'),
(1, '2023-11-30', '08:45:00', 0, '202103100110143'),
(1, '2023-12-01', '08:45:00', 0, '202103100110143'),
(1, '2023-12-02', '08:45:00', 0, '202103100110143'),
(1, '2023-12-03', '08:45:00', 0, '202103100110143'),
(1, '2023-12-04', '08:45:00', 1, '202103100110143'),
(1, '2023-12-06', '08:45:00', 0, '202103100110143'),
(1, '2023-12-07', '08:45:00', 1, '202103100110143'),
(1, '2023-12-08', '08:45:00', 1, '202103100110143'),
(1, '2023-12-09', '08:45:00', 1, '202103100110143'),
(1, '2023-12-10', '08:45:00', 0, '202103100110143'),
(1, '2023-12-11', '08:45:00', 0, '202103100110143'),
(1, '2023-12-13', '08:45:00', 0, '202103100110143'),
(1, '2023-12-14', '08:45:00', 0, '202103100110143'),
(1, '2023-12-15', '08:45:00', 0, '202103100110143'),
(1, '2023-12-16', '08:45:00', 0, '202103100110143'),
(1, '2023-12-17', '08:45:00', 0, '202103100110143'),
(1, '2023-12-18', '08:45:00', 0, '202103100110143'),
(1, '2023-12-20', '08:45:00', 0, '202103100110143'),
(1, '2023-12-21', '08:45:00', 0, '202103100110143'),
(1, '2023-12-22', '08:45:00', 0, '202103100110143'),
(1, '2023-12-23', '08:45:00', 0, '202103100110143'),
(1, '2023-12-27', '08:45:00', 0, '202103100110143'),
(1, '2023-12-28', '08:45:00', 0, '202103100110143'),
(1, '2023-12-29', '08:45:00', 0, '202103100110143'),
(1, '2023-12-30', '08:45:00', 0, '202103100110143'),
(1, '2023-12-31', '08:45:00', 0, '202103100110143'),
(1, '2023-10-23', '20:49:00', 1, '202103100110144'),
(1, '2023-04-05', '08:45:00', 1, '202103100110145'),
(1, '2023-04-05', '14:45:00', 1, '202103100110145'),
(1, '2023-04-06', '08:45:00', 1, '202103100110145'),
(1, '2023-04-08', '08:45:00', 1, '202103100110145'),
(1, '2023-04-09', '08:45:00', 1, '202103100110145'),
(1, '2023-04-10', '08:45:00', 1, '202103100110145'),
(1, '2023-04-10', '09:45:00', 1, '202103100110145'),
(1, '2023-04-12', '08:45:00', 1, '202103100110145'),
(1, '2023-04-19', '08:45:00', 1, '202103100110145'),
(1, '2023-04-19', '13:45:00', 1, '202103100110145'),
(1, '2023-04-20', '08:45:00', 1, '202103100110145'),
(1, '2023-04-20', '12:05:00', 1, '202103100110145'),
(1, '2023-04-22', '08:45:00', 1, '202103100110145'),
(1, '2023-04-23', '08:45:00', 1, '202103100110145'),
(1, '2023-04-24', '08:45:00', 1, '202103100110145'),
(1, '2023-04-26', '08:45:00', 1, '202103100110145'),
(1, '2023-04-27', '08:45:00', 1, '202103100110145'),
(1, '2023-04-28', '08:45:00', 1, '202103100110145'),
(1, '2023-04-29', '08:45:00', 1, '202103100110145'),
(1, '2023-04-30', '08:45:00', 1, '202103100110145'),
(1, '2023-06-07', '08:45:00', 1, '202103100110145'),
(1, '2023-06-08', '08:45:00', 0, '202103100110145'),
(1, '2023-06-09', '08:45:00', 1, '202103100110145'),
(1, '2023-06-09', '14:45:00', 1, '202103100110145'),
(1, '2023-06-10', '08:45:00', 1, '202103100110145'),
(1, '2023-06-11', '08:45:00', 1, '202103100110145'),
(1, '2023-06-12', '08:45:00', 1, '202103100110145'),
(1, '2023-06-14', '08:45:00', 1, '202103100110145'),
(1, '2023-06-15', '08:45:00', 1, '202103100110145'),
(1, '2023-06-16', '08:45:00', 1, '202103100110145'),
(1, '2023-06-17', '08:45:00', 1, '202103100110145'),
(1, '2023-06-17', '13:45:00', 1, '202103100110145'),
(1, '2023-06-18', '08:45:00', 1, '202103100110145'),
(1, '2023-06-19', '08:45:00', 0, '202103100110145'),
(1, '2023-06-19', '13:45:00', 1, '202103100110145'),
(1, '2023-06-21', '08:45:00', 1, '202103100110145'),
(1, '2023-06-21', '09:45:00', 1, '202103100110145'),
(1, '2023-06-22', '08:45:00', 1, '202103100110145'),
(1, '2023-06-22', '09:45:00', 1, '202103100110145'),
(1, '2023-06-24', '08:45:00', 1, '202103100110145'),
(1, '2023-06-25', '08:45:00', 1, '202103100110145'),
(1, '2023-06-26', '08:45:00', 0, '202103100110145'),
(1, '2023-06-28', '08:45:00', 1, '202103100110145'),
(1, '2023-06-29', '08:45:00', 1, '202103100110145'),
(1, '2023-06-30', '08:45:00', 0, '202103100110145'),
(1, '2023-07-01', '08:45:00', 0, '202103100110145'),
(1, '2023-07-02', '08:45:00', 1, '202103100110145'),
(1, '2023-07-03', '08:45:00', 0, '202103100110145'),
(1, '2023-07-05', '08:45:00', 1, '202103100110145'),
(1, '2023-07-06', '08:45:00', 0, '202103100110145'),
(1, '2023-07-07', '08:45:00', 1, '202103100110145'),
(1, '2023-07-08', '08:45:00', 1, '202103100110145'),
(1, '2023-07-09', '08:45:00', 1, '202103100110145'),
(1, '2023-07-10', '08:45:00', 0, '202103100110145'),
(1, '2023-07-13', '08:45:00', 1, '202103100110145'),
(1, '2023-07-14', '08:45:00', 1, '202103100110145'),
(1, '2023-07-15', '08:45:00', 0, '202103100110145'),
(1, '2023-07-16', '08:45:00', 1, '202103100110145'),
(1, '2023-07-17', '08:45:00', 1, '202103100110145'),
(1, '2023-07-19', '08:45:00', 1, '202103100110145'),
(1, '2023-07-20', '08:45:00', 1, '202103100110145'),
(1, '2023-07-22', '08:45:00', 1, '202103100110145'),
(1, '2023-07-23', '08:45:00', 0, '202103100110145'),
(1, '2023-07-24', '08:45:00', 0, '202103100110145'),
(1, '2023-07-26', '08:45:00', 0, '202103100110145'),
(1, '2023-07-27', '08:45:00', 1, '202103100110145'),
(1, '2023-07-28', '08:45:00', 1, '202103100110145'),
(1, '2023-07-29', '08:45:00', 0, '202103100110145'),
(1, '2023-07-30', '08:45:00', 1, '202103100110145'),
(1, '2023-07-31', '08:45:00', 1, '202103100110145'),
(1, '2023-08-02', '08:45:00', 1, '202103100110145'),
(1, '2023-08-03', '08:45:00', 0, '202103100110145'),
(1, '2023-08-04', '08:45:00', 1, '202103100110145'),
(1, '2023-08-05', '08:45:00', 0, '202103100110145'),
(1, '2023-08-06', '08:45:00', 0, '202103100110145'),
(1, '2023-08-07', '08:45:00', 1, '202103100110145'),
(1, '2023-08-09', '08:45:00', 1, '202103100110145'),
(1, '2023-08-10', '08:45:00', 0, '202103100110145'),
(1, '2023-08-12', '08:45:00', 1, '202103100110145'),
(1, '2023-08-13', '08:45:00', 1, '202103100110145'),
(1, '2023-08-14', '08:45:00', 1, '202103100110145'),
(1, '2023-08-17', '08:45:00', 1, '202103100110145'),
(1, '2023-08-18', '08:45:00', 1, '202103100110145'),
(1, '2023-08-19', '08:45:00', 1, '202103100110145'),
(1, '2023-08-23', '08:45:00', 0, '202103100110145'),
(1, '2023-08-24', '08:45:00', 0, '202103100110145'),
(1, '2023-08-25', '08:45:00', 1, '202103100110145'),
(1, '2023-08-26', '08:45:00', 0, '202103100110145'),
(1, '2023-08-27', '08:45:00', 1, '202103100110145'),
(1, '2023-08-28', '08:45:00', 0, '202103100110145'),
(1, '2023-08-30', '08:45:00', 1, '202103100110145'),
(1, '2023-09-01', '08:45:00', 0, '202103100110145'),
(1, '2023-09-02', '08:45:00', 1, '202103100110145'),
(1, '2023-09-03', '08:45:00', 0, '202103100110145'),
(1, '2023-09-04', '08:45:00', 1, '202103100110145'),
(1, '2023-09-06', '08:45:00', 0, '202103100110145'),
(1, '2023-09-07', '08:45:00', 1, '202103100110145'),
(1, '2023-09-08', '08:45:00', 1, '202103100110145'),
(1, '2023-09-09', '08:45:00', 1, '202103100110145'),
(1, '2023-09-11', '08:45:00', 0, '202103100110145'),
(1, '2023-09-13', '08:45:00', 1, '202103100110145'),
(1, '2023-09-14', '08:45:00', 1, '202103100110145'),
(1, '2023-09-15', '08:45:00', 0, '202103100110145'),
(1, '2023-09-16', '08:45:00', 1, '202103100110145'),
(1, '2023-09-17', '08:45:00', 1, '202103100110145'),
(1, '2023-09-18', '08:45:00', 1, '202103100110145'),
(1, '2023-09-20', '08:45:00', 1, '202103100110145'),
(1, '2023-09-21', '08:45:00', 1, '202103100110145'),
(1, '2023-09-22', '08:45:00', 1, '202103100110145'),
(1, '2023-09-23', '08:45:00', 0, '202103100110145'),
(1, '2023-09-24', '08:45:00', 0, '202103100110145'),
(1, '2023-09-25', '08:45:00', 1, '202103100110145'),
(1, '2023-09-27', '08:45:00', 1, '202103100110145'),
(1, '2023-09-28', '08:45:00', 1, '202103100110145'),
(1, '2023-09-29', '08:45:00', 0, '202103100110145'),
(1, '2023-09-30', '08:45:00', 1, '202103100110145'),
(1, '2023-10-01', '08:45:00', 1, '202103100110145'),
(1, '2023-10-04', '08:45:00', 1, '202103100110145'),
(1, '2023-10-05', '08:45:00', 1, '202103100110145'),
(1, '2023-10-06', '08:45:00', 0, '202103100110145'),
(1, '2023-10-07', '08:45:00', 1, '202103100110145'),
(1, '2023-10-08', '08:45:00', 1, '202103100110145'),
(1, '2023-10-09', '08:45:00', 1, '202103100110145'),
(1, '2023-10-11', '08:45:00', 1, '202103100110145'),
(1, '2023-10-16', '08:45:00', 1, '202103100110145'),
(1, '2023-10-21', '08:45:00', 0, '202103100110145'),
(1, '2023-10-22', '08:45:00', 1, '202103100110145'),
(1, '2023-10-23', '08:45:00', 0, '202103100110145'),
(1, '2023-10-23', '20:49:00', 1, '202103100110145'),
(1, '2023-10-25', '08:45:00', 1, '202103100110145'),
(1, '2023-10-26', '08:45:00', 0, '202103100110145'),
(1, '2023-10-27', '08:45:00', 1, '202103100110145'),
(1, '2023-10-28', '08:45:00', 1, '202103100110145'),
(1, '2023-10-29', '08:45:00', 0, '202103100110145'),
(1, '2023-10-30', '08:45:00', 1, '202103100110145'),
(1, '2023-11-15', '08:45:00', 0, '202103100110145'),
(1, '2023-11-16', '08:45:00', 1, '202103100110145'),
(1, '2023-11-17', '08:45:00', 1, '202103100110145'),
(1, '2023-11-18', '08:45:00', 1, '202103100110145'),
(1, '2023-11-20', '08:45:00', 1, '202103100110145'),
(1, '2023-11-22', '08:45:00', 1, '202103100110145'),
(1, '2023-11-23', '08:45:00', 0, '202103100110145'),
(1, '2023-11-25', '08:45:00', 1, '202103100110145'),
(1, '2023-11-26', '08:45:00', 0, '202103100110145'),
(1, '2023-11-27', '08:45:00', 1, '202103100110145'),
(1, '2023-11-29', '08:45:00', 0, '202103100110145'),
(1, '2023-11-30', '08:45:00', 1, '202103100110145'),
(1, '2023-12-01', '08:45:00', 1, '202103100110145'),
(1, '2023-12-02', '08:45:00', 1, '202103100110145'),
(1, '2023-12-03', '08:45:00', 1, '202103100110145'),
(1, '2023-12-04', '08:45:00', 1, '202103100110145'),
(1, '2023-12-06', '08:45:00', 0, '202103100110145'),
(1, '2023-12-07', '08:45:00', 1, '202103100110145'),
(1, '2023-12-08', '08:45:00', 1, '202103100110145'),
(1, '2023-12-09', '08:45:00', 1, '202103100110145'),
(1, '2023-12-10', '08:45:00', 0, '202103100110145'),
(1, '2023-12-11', '08:45:00', 1, '202103100110145'),
(1, '2023-12-13', '08:45:00', 0, '202103100110145'),
(1, '2023-12-14', '08:45:00', 0, '202103100110145'),
(1, '2023-12-15', '08:45:00', 0, '202103100110145'),
(1, '2023-12-16', '08:45:00', 1, '202103100110145'),
(1, '2023-12-17', '08:45:00', 1, '202103100110145'),
(1, '2023-12-18', '08:45:00', 1, '202103100110145'),
(1, '2023-12-20', '08:45:00', 1, '202103100110145'),
(1, '2023-12-21', '08:45:00', 0, '202103100110145'),
(1, '2023-12-22', '08:45:00', 1, '202103100110145'),
(1, '2023-12-23', '08:45:00', 0, '202103100110145'),
(1, '2023-12-27', '08:45:00', 1, '202103100110145'),
(1, '2023-12-28', '08:45:00', 1, '202103100110145'),
(1, '2023-12-29', '08:45:00', 0, '202103100110145'),
(1, '2023-12-30', '08:45:00', 1, '202103100110145'),
(1, '2023-12-31', '08:45:00', 1, '202103100110145'),
(1, '2023-04-05', '08:45:00', 1, '202103100110147'),
(1, '2023-04-05', '14:45:00', 0, '202103100110147'),
(1, '2023-04-06', '08:45:00', 1, '202103100110147'),
(1, '2023-04-08', '08:45:00', 1, '202103100110147'),
(1, '2023-04-09', '08:45:00', 1, '202103100110147'),
(1, '2023-04-10', '08:45:00', 1, '202103100110147'),
(1, '2023-04-10', '09:45:00', 1, '202103100110147'),
(1, '2023-04-12', '08:45:00', 0, '202103100110147'),
(1, '2023-04-19', '08:45:00', 1, '202103100110147'),
(1, '2023-04-19', '13:45:00', 1, '202103100110147'),
(1, '2023-04-20', '08:45:00', 1, '202103100110147'),
(1, '2023-04-20', '12:05:00', 0, '202103100110147'),
(1, '2023-04-22', '08:45:00', 1, '202103100110147'),
(1, '2023-04-23', '08:45:00', 1, '202103100110147'),
(1, '2023-04-24', '08:45:00', 1, '202103100110147'),
(1, '2023-04-26', '08:45:00', 1, '202103100110147'),
(1, '2023-04-27', '08:45:00', 1, '202103100110147'),
(1, '2023-04-28', '08:45:00', 1, '202103100110147'),
(1, '2023-04-29', '08:45:00', 1, '202103100110147'),
(1, '2023-04-30', '08:45:00', 1, '202103100110147'),
(1, '2023-06-07', '08:45:00', 0, '202103100110147'),
(1, '2023-06-08', '08:45:00', 0, '202103100110147'),
(1, '2023-06-09', '08:45:00', 1, '202103100110147'),
(1, '2023-06-09', '14:45:00', 0, '202103100110147'),
(1, '2023-06-10', '08:45:00', 0, '202103100110147'),
(1, '2023-06-11', '08:45:00', 1, '202103100110147'),
(1, '2023-06-12', '08:45:00', 1, '202103100110147'),
(1, '2023-06-14', '08:45:00', 1, '202103100110147'),
(1, '2023-06-15', '08:45:00', 1, '202103100110147'),
(1, '2023-06-16', '08:45:00', 1, '202103100110147'),
(1, '2023-06-17', '08:45:00', 1, '202103100110147'),
(1, '2023-06-17', '13:45:00', 1, '202103100110147'),
(1, '2023-06-18', '08:45:00', 1, '202103100110147'),
(1, '2023-06-19', '08:45:00', 0, '202103100110147'),
(1, '2023-06-19', '13:45:00', 1, '202103100110147'),
(1, '2023-06-21', '08:45:00', 1, '202103100110147'),
(1, '2023-06-21', '09:45:00', 1, '202103100110147'),
(1, '2023-06-22', '08:45:00', 1, '202103100110147'),
(1, '2023-06-22', '09:45:00', 1, '202103100110147'),
(1, '2023-06-24', '08:45:00', 1, '202103100110147'),
(1, '2023-06-25', '08:45:00', 1, '202103100110147'),
(1, '2023-06-26', '08:45:00', 0, '202103100110147'),
(1, '2023-06-28', '08:45:00', 1, '202103100110147'),
(1, '2023-06-29', '08:45:00', 1, '202103100110147'),
(1, '2023-06-30', '08:45:00', 0, '202103100110147'),
(1, '2023-07-01', '08:45:00', 0, '202103100110147'),
(1, '2023-07-02', '08:45:00', 1, '202103100110147'),
(1, '2023-07-03', '08:45:00', 0, '202103100110147'),
(1, '2023-07-05', '08:45:00', 1, '202103100110147'),
(1, '2023-07-06', '08:45:00', 0, '202103100110147'),
(1, '2023-07-07', '08:45:00', 1, '202103100110147'),
(1, '2023-07-08', '08:45:00', 1, '202103100110147'),
(1, '2023-07-09', '08:45:00', 1, '202103100110147'),
(1, '2023-07-10', '08:45:00', 0, '202103100110147'),
(1, '2023-07-13', '08:45:00', 1, '202103100110147'),
(1, '2023-07-14', '08:45:00', 1, '202103100110147'),
(1, '2023-07-15', '08:45:00', 0, '202103100110147'),
(1, '2023-07-16', '08:45:00', 1, '202103100110147'),
(1, '2023-07-17', '08:45:00', 1, '202103100110147'),
(1, '2023-07-19', '08:45:00', 1, '202103100110147'),
(1, '2023-07-20', '08:45:00', 1, '202103100110147'),
(1, '2023-07-22', '08:45:00', 1, '202103100110147'),
(1, '2023-07-23', '08:45:00', 0, '202103100110147'),
(1, '2023-07-24', '08:45:00', 0, '202103100110147'),
(1, '2023-07-26', '08:45:00', 0, '202103100110147'),
(1, '2023-07-27', '08:45:00', 1, '202103100110147'),
(1, '2023-07-28', '08:45:00', 1, '202103100110147'),
(1, '2023-07-29', '08:45:00', 0, '202103100110147'),
(1, '2023-07-30', '08:45:00', 1, '202103100110147'),
(1, '2023-07-31', '08:45:00', 1, '202103100110147'),
(1, '2023-08-02', '08:45:00', 0, '202103100110147'),
(1, '2023-08-03', '08:45:00', 0, '202103100110147'),
(1, '2023-08-04', '08:45:00', 1, '202103100110147'),
(1, '2023-08-05', '08:45:00', 0, '202103100110147'),
(1, '2023-08-06', '08:45:00', 0, '202103100110147'),
(1, '2023-08-07', '08:45:00', 1, '202103100110147'),
(1, '2023-08-09', '08:45:00', 1, '202103100110147'),
(1, '2023-08-10', '08:45:00', 0, '202103100110147'),
(1, '2023-08-12', '08:45:00', 1, '202103100110147'),
(1, '2023-08-13', '08:45:00', 1, '202103100110147'),
(1, '2023-08-14', '08:45:00', 1, '202103100110147'),
(1, '2023-08-17', '08:45:00', 1, '202103100110147'),
(1, '2023-08-18', '08:45:00', 1, '202103100110147'),
(1, '2023-08-19', '08:45:00', 1, '202103100110147'),
(1, '2023-08-23', '08:45:00', 0, '202103100110147'),
(1, '2023-08-24', '08:45:00', 0, '202103100110147'),
(1, '2023-08-25', '08:45:00', 1, '202103100110147'),
(1, '2023-08-26', '08:45:00', 0, '202103100110147'),
(1, '2023-08-27', '08:45:00', 1, '202103100110147'),
(1, '2023-08-28', '08:45:00', 0, '202103100110147'),
(1, '2023-08-30', '08:45:00', 1, '202103100110147'),
(1, '2023-09-01', '08:45:00', 0, '202103100110147'),
(1, '2023-09-02', '08:45:00', 1, '202103100110147'),
(1, '2023-09-03', '08:45:00', 0, '202103100110147'),
(1, '2023-09-04', '08:45:00', 1, '202103100110147'),
(1, '2023-09-06', '08:45:00', 0, '202103100110147'),
(1, '2023-09-07', '08:45:00', 1, '202103100110147'),
(1, '2023-09-08', '08:45:00', 1, '202103100110147'),
(1, '2023-09-09', '08:45:00', 1, '202103100110147'),
(1, '2023-09-11', '08:45:00', 0, '202103100110147'),
(1, '2023-09-13', '08:45:00', 1, '202103100110147'),
(1, '2023-09-14', '08:45:00', 1, '202103100110147'),
(1, '2023-09-15', '08:45:00', 0, '202103100110147'),
(1, '2023-09-16', '08:45:00', 1, '202103100110147'),
(1, '2023-09-17', '08:45:00', 1, '202103100110147'),
(1, '2023-09-18', '08:45:00', 1, '202103100110147'),
(1, '2023-09-20', '08:45:00', 1, '202103100110147'),
(1, '2023-09-21', '08:45:00', 1, '202103100110147'),
(1, '2023-09-22', '08:45:00', 1, '202103100110147'),
(1, '2023-09-23', '08:45:00', 0, '202103100110147'),
(1, '2023-09-24', '08:45:00', 0, '202103100110147'),
(1, '2023-09-25', '08:45:00', 1, '202103100110147'),
(1, '2023-09-27', '08:45:00', 1, '202103100110147'),
(1, '2023-09-28', '08:45:00', 1, '202103100110147'),
(1, '2023-09-29', '08:45:00', 0, '202103100110147'),
(1, '2023-09-30', '08:45:00', 1, '202103100110147'),
(1, '2023-10-01', '08:45:00', 1, '202103100110147'),
(1, '2023-10-04', '08:45:00', 0, '202103100110147'),
(1, '2023-10-05', '08:45:00', 1, '202103100110147'),
(1, '2023-10-06', '08:45:00', 0, '202103100110147'),
(1, '2023-10-07', '08:45:00', 1, '202103100110147'),
(1, '2023-10-08', '08:45:00', 1, '202103100110147'),
(1, '2023-10-09', '08:45:00', 1, '202103100110147'),
(1, '2023-10-11', '08:45:00', 1, '202103100110147'),
(1, '2023-10-16', '08:45:00', 1, '202103100110147'),
(1, '2023-10-21', '08:45:00', 0, '202103100110147'),
(1, '2023-10-22', '08:45:00', 1, '202103100110147'),
(1, '2023-10-23', '08:45:00', 0, '202103100110147'),
(1, '2023-10-23', '20:49:00', 1, '202103100110147'),
(1, '2023-10-25', '08:45:00', 1, '202103100110147'),
(1, '2023-10-26', '08:45:00', 0, '202103100110147'),
(1, '2023-10-27', '08:45:00', 1, '202103100110147'),
(1, '2023-10-28', '08:45:00', 1, '202103100110147'),
(1, '2023-10-29', '08:45:00', 0, '202103100110147'),
(1, '2023-10-30', '08:45:00', 1, '202103100110147'),
(1, '2023-11-15', '08:45:00', 0, '202103100110147'),
(1, '2023-11-16', '08:45:00', 1, '202103100110147'),
(1, '2023-11-17', '08:45:00', 1, '202103100110147'),
(1, '2023-11-18', '08:45:00', 1, '202103100110147'),
(1, '2023-11-20', '08:45:00', 1, '202103100110147'),
(1, '2023-11-22', '08:45:00', 1, '202103100110147'),
(1, '2023-11-23', '08:45:00', 0, '202103100110147'),
(1, '2023-11-25', '08:45:00', 1, '202103100110147'),
(1, '2023-11-26', '08:45:00', 0, '202103100110147'),
(1, '2023-11-27', '08:45:00', 1, '202103100110147'),
(1, '2023-11-29', '08:45:00', 0, '202103100110147'),
(1, '2023-11-30', '08:45:00', 1, '202103100110147'),
(1, '2023-12-01', '08:45:00', 1, '202103100110147'),
(1, '2023-12-02', '08:45:00', 1, '202103100110147'),
(1, '2023-12-03', '08:45:00', 1, '202103100110147'),
(1, '2023-12-04', '08:45:00', 0, '202103100110147'),
(1, '2023-12-06', '08:45:00', 0, '202103100110147'),
(1, '2023-12-07', '08:45:00', 1, '202103100110147'),
(1, '2023-12-08', '08:45:00', 1, '202103100110147'),
(1, '2023-12-09', '08:45:00', 1, '202103100110147'),
(1, '2023-12-10', '08:45:00', 0, '202103100110147'),
(1, '2023-12-11', '08:45:00', 1, '202103100110147'),
(1, '2023-12-13', '08:45:00', 0, '202103100110147'),
(1, '2023-12-14', '08:45:00', 0, '202103100110147'),
(1, '2023-12-15', '08:45:00', 0, '202103100110147'),
(1, '2023-12-16', '08:45:00', 1, '202103100110147'),
(1, '2023-12-17', '08:45:00', 1, '202103100110147'),
(1, '2023-12-18', '08:45:00', 1, '202103100110147'),
(1, '2023-12-20', '08:45:00', 1, '202103100110147'),
(1, '2023-12-21', '08:45:00', 0, '202103100110147'),
(1, '2023-12-22', '08:45:00', 1, '202103100110147'),
(1, '2023-12-23', '08:45:00', 0, '202103100110147'),
(1, '2023-12-27', '08:45:00', 1, '202103100110147'),
(1, '2023-12-28', '08:45:00', 1, '202103100110147'),
(1, '2023-12-29', '08:45:00', 0, '202103100110147'),
(1, '2023-12-30', '08:45:00', 1, '202103100110147'),
(1, '2023-12-31', '08:45:00', 1, '202103100110147'),
(1, '2023-10-23', '20:49:00', 1, '202103100110148'),
(1, '2023-10-23', '20:49:00', 1, '202103100110155'),
(1, '2023-10-23', '20:49:00', 1, '202103100110157'),
(1, '2023-10-23', '20:49:00', 1, '202103100110169'),
(1, '2023-10-23', '20:49:00', 1, '202103100110170'),
(1, '2023-10-23', '20:49:00', 1, '202103100110197'),
(1, '2023-10-23', '20:49:00', 1, '202103100110199'),
(2, '2023-04-05', '09:45:00', 1, '202103100110134'),
(2, '2023-04-06', '09:45:00', 1, '202103100110134'),
(2, '2023-04-08', '09:45:00', 1, '202103100110134'),
(2, '2023-04-09', '09:45:00', 1, '202103100110134'),
(2, '2023-04-09', '11:00:00', 1, '202103100110134'),
(2, '2023-04-12', '09:45:00', 0, '202103100110134'),
(2, '2023-04-16', '08:45:00', 1, '202103100110134'),
(2, '2023-04-16', '09:45:00', 1, '202103100110134'),
(2, '2023-04-17', '09:45:00', 1, '202103100110134'),
(2, '2023-04-17', '13:45:00', 1, '202103100110134'),
(2, '2023-04-19', '09:45:00', 1, '202103100110134'),
(2, '2023-04-20', '09:45:00', 1, '202103100110134'),
(2, '2023-04-20', '11:00:00', 1, '202103100110134'),
(2, '2023-04-22', '09:45:00', 1, '202103100110134'),
(2, '2023-04-23', '09:45:00', 1, '202103100110134'),
(2, '2023-04-24', '09:45:00', 1, '202103100110134'),
(2, '2023-04-26', '09:45:00', 1, '202103100110134'),
(2, '2023-04-27', '09:45:00', 1, '202103100110134'),
(2, '2023-04-28', '09:45:00', 1, '202103100110134'),
(2, '2023-04-29', '09:45:00', 1, '202103100110134'),
(2, '2023-04-30', '09:45:00', 1, '202103100110134'),
(2, '2023-06-07', '09:45:00', 0, '202103100110134'),
(2, '2023-06-08', '09:45:00', 0, '202103100110134'),
(2, '2023-06-09', '09:45:00', 1, '202103100110134'),
(2, '2023-06-10', '09:45:00', 0, '202103100110134'),
(2, '2023-06-11', '09:45:00', 1, '202103100110134'),
(2, '2023-06-12', '09:45:00', 1, '202103100110134'),
(2, '2023-06-14', '09:45:00', 1, '202103100110134'),
(2, '2023-06-15', '09:45:00', 1, '202103100110134'),
(2, '2023-06-16', '09:45:00', 1, '202103100110134'),
(2, '2023-06-17', '09:45:00', 1, '202103100110134'),
(2, '2023-06-17', '14:45:00', 1, '202103100110134'),
(2, '2023-06-18', '09:45:00', 1, '202103100110134'),
(2, '2023-06-18', '14:45:00', 0, '202103100110134'),
(2, '2023-06-19', '09:45:00', 0, '202103100110134'),
(2, '2023-06-23', '08:45:00', 1, '202103100110134'),
(2, '2023-06-23', '09:45:00', 1, '202103100110134'),
(2, '2023-06-24', '09:45:00', 1, '202103100110134'),
(2, '2023-06-24', '11:00:00', 1, '202103100110134'),
(2, '2023-06-28', '09:45:00', 1, '202103100110134'),
(2, '2023-06-29', '09:45:00', 1, '202103100110134'),
(2, '2023-06-30', '09:45:00', 0, '202103100110134'),
(2, '2023-07-01', '09:45:00', 0, '202103100110134'),
(2, '2023-07-02', '09:45:00', 1, '202103100110134'),
(2, '2023-07-03', '09:45:00', 0, '202103100110134'),
(2, '2023-07-05', '09:45:00', 1, '202103100110134'),
(2, '2023-07-06', '09:45:00', 0, '202103100110134'),
(2, '2023-07-07', '09:45:00', 1, '202103100110134'),
(2, '2023-07-08', '09:45:00', 1, '202103100110134'),
(2, '2023-07-09', '09:45:00', 1, '202103100110134'),
(2, '2023-07-10', '09:45:00', 0, '202103100110134'),
(2, '2023-07-13', '09:45:00', 1, '202103100110134'),
(2, '2023-07-14', '09:45:00', 1, '202103100110134'),
(2, '2023-07-15', '09:45:00', 0, '202103100110134'),
(2, '2023-07-16', '09:45:00', 1, '202103100110134'),
(2, '2023-07-17', '09:45:00', 1, '202103100110134'),
(2, '2023-07-19', '09:45:00', 1, '202103100110134'),
(2, '2023-07-20', '09:45:00', 1, '202103100110134'),
(2, '2023-07-22', '09:45:00', 1, '202103100110134'),
(2, '2023-07-23', '09:45:00', 1, '202103100110134'),
(2, '2023-07-24', '09:45:00', 1, '202103100110134'),
(2, '2023-07-26', '09:45:00', 1, '202103100110134'),
(2, '2023-07-27', '09:45:00', 1, '202103100110134'),
(2, '2023-07-28', '09:45:00', 1, '202103100110134'),
(2, '2023-07-29', '09:45:00', 0, '202103100110134'),
(2, '2023-07-30', '09:45:00', 1, '202103100110134'),
(2, '2023-07-31', '09:45:00', 1, '202103100110134'),
(2, '2023-08-02', '09:45:00', 0, '202103100110134'),
(2, '2023-08-03', '09:45:00', 0, '202103100110134'),
(2, '2023-08-04', '09:45:00', 1, '202103100110134'),
(2, '2023-08-05', '09:45:00', 0, '202103100110134'),
(2, '2023-08-06', '09:45:00', 0, '202103100110134'),
(2, '2023-08-07', '09:45:00', 1, '202103100110134'),
(2, '2023-08-09', '09:45:00', 1, '202103100110134'),
(2, '2023-08-10', '09:45:00', 0, '202103100110134'),
(2, '2023-08-12', '09:45:00', 1, '202103100110134'),
(2, '2023-08-13', '09:45:00', 1, '202103100110134'),
(2, '2023-08-14', '09:45:00', 1, '202103100110134'),
(2, '2023-08-17', '09:45:00', 1, '202103100110134'),
(2, '2023-08-18', '09:45:00', 1, '202103100110134'),
(2, '2023-08-19', '09:45:00', 1, '202103100110134'),
(2, '2023-08-23', '09:45:00', 1, '202103100110134'),
(2, '2023-08-24', '09:45:00', 1, '202103100110134'),
(2, '2023-08-25', '09:45:00', 1, '202103100110134'),
(2, '2023-08-26', '09:45:00', 1, '202103100110134'),
(2, '2023-08-27', '09:45:00', 1, '202103100110134'),
(2, '2023-08-28', '09:45:00', 0, '202103100110134'),
(2, '2023-08-30', '09:45:00', 1, '202103100110134'),
(2, '2023-09-01', '09:45:00', 0, '202103100110134'),
(2, '2023-09-02', '09:45:00', 1, '202103100110134'),
(2, '2023-09-03', '09:45:00', 0, '202103100110134'),
(2, '2023-09-04', '09:45:00', 1, '202103100110134'),
(2, '2023-09-06', '09:45:00', 0, '202103100110134'),
(2, '2023-09-07', '09:45:00', 1, '202103100110134'),
(2, '2023-09-08', '09:45:00', 1, '202103100110134'),
(2, '2023-09-09', '09:45:00', 1, '202103100110134'),
(2, '2023-09-11', '09:45:00', 0, '202103100110134'),
(2, '2023-09-13', '09:45:00', 1, '202103100110134'),
(2, '2023-09-14', '09:45:00', 1, '202103100110134'),
(2, '2023-09-15', '09:45:00', 0, '202103100110134'),
(2, '2023-09-16', '09:45:00', 1, '202103100110134'),
(2, '2023-09-17', '09:45:00', 1, '202103100110134'),
(2, '2023-09-18', '09:45:00', 1, '202103100110134'),
(2, '2023-09-20', '09:45:00', 1, '202103100110134'),
(2, '2023-09-21', '09:45:00', 1, '202103100110134'),
(2, '2023-09-22', '09:45:00', 1, '202103100110134'),
(2, '2023-09-23', '09:45:00', 1, '202103100110134'),
(2, '2023-09-24', '09:45:00', 1, '202103100110134'),
(2, '2023-09-25', '09:45:00', 1, '202103100110134');
INSERT INTO `attendance` (`cse_id`, `att_date`, `att_time`, `att_status`, `stud_id`) VALUES
(2, '2023-09-27', '09:45:00', 1, '202103100110134'),
(2, '2023-09-28', '09:45:00', 1, '202103100110134'),
(2, '2023-09-29', '09:45:00', 0, '202103100110134'),
(2, '2023-09-30', '09:45:00', 1, '202103100110134'),
(2, '2023-10-01', '09:45:00', 1, '202103100110134'),
(2, '2023-10-04', '09:45:00', 0, '202103100110134'),
(2, '2023-10-05', '09:45:00', 1, '202103100110134'),
(2, '2023-10-06', '09:45:00', 0, '202103100110134'),
(2, '2023-10-07', '09:45:00', 1, '202103100110134'),
(2, '2023-10-08', '09:45:00', 1, '202103100110134'),
(2, '2023-10-09', '09:45:00', 1, '202103100110134'),
(2, '2023-10-11', '09:45:00', 1, '202103100110134'),
(2, '2023-10-16', '09:45:00', 1, '202103100110134'),
(2, '2023-10-21', '09:45:00', 1, '202103100110134'),
(2, '2023-10-22', '09:45:00', 1, '202103100110134'),
(2, '2023-10-23', '09:45:00', 1, '202103100110134'),
(2, '2023-10-25', '09:45:00', 1, '202103100110134'),
(2, '2023-10-26', '09:45:00', 1, '202103100110134'),
(2, '2023-10-27', '09:45:00', 1, '202103100110134'),
(2, '2023-10-28', '09:45:00', 1, '202103100110134'),
(2, '2023-10-29', '09:45:00', 0, '202103100110134'),
(2, '2023-10-30', '09:45:00', 1, '202103100110134'),
(2, '2023-11-15', '09:45:00', 0, '202103100110134'),
(2, '2023-11-16', '09:45:00', 1, '202103100110134'),
(2, '2023-11-17', '09:45:00', 1, '202103100110134'),
(2, '2023-11-18', '09:45:00', 1, '202103100110134'),
(2, '2023-11-20', '09:45:00', 1, '202103100110134'),
(2, '2023-11-22', '09:45:00', 1, '202103100110134'),
(2, '2023-11-23', '09:45:00', 1, '202103100110134'),
(2, '2023-11-25', '09:45:00', 1, '202103100110134'),
(2, '2023-11-26', '09:45:00', 1, '202103100110134'),
(2, '2023-11-27', '09:45:00', 1, '202103100110134'),
(2, '2023-11-29', '09:45:00', 0, '202103100110134'),
(2, '2023-11-30', '09:45:00', 1, '202103100110134'),
(2, '2023-12-01', '09:45:00', 1, '202103100110134'),
(2, '2023-12-02', '09:45:00', 1, '202103100110134'),
(2, '2023-12-03', '09:45:00', 1, '202103100110134'),
(2, '2023-12-04', '09:45:00', 0, '202103100110134'),
(2, '2023-12-06', '09:45:00', 0, '202103100110134'),
(2, '2023-12-07', '09:45:00', 1, '202103100110134'),
(2, '2023-12-08', '09:45:00', 1, '202103100110134'),
(2, '2023-12-09', '09:45:00', 1, '202103100110134'),
(2, '2023-12-10', '09:45:00', 0, '202103100110134'),
(2, '2023-12-11', '09:45:00', 1, '202103100110134'),
(2, '2023-12-13', '09:45:00', 0, '202103100110134'),
(2, '2023-12-14', '09:45:00', 0, '202103100110134'),
(2, '2023-12-15', '09:45:00', 0, '202103100110134'),
(2, '2023-12-16', '09:45:00', 1, '202103100110134'),
(2, '2023-12-17', '09:45:00', 1, '202103100110134'),
(2, '2023-12-18', '09:45:00', 1, '202103100110134'),
(2, '2023-12-20', '09:45:00', 1, '202103100110134'),
(2, '2023-12-21', '09:45:00', 1, '202103100110134'),
(2, '2023-12-22', '09:45:00', 1, '202103100110134'),
(2, '2023-12-23', '09:45:00', 1, '202103100110134'),
(2, '2023-12-27', '09:45:00', 1, '202103100110134'),
(2, '2023-12-28', '09:45:00', 1, '202103100110134'),
(2, '2023-12-29', '09:45:00', 0, '202103100110134'),
(2, '2023-12-30', '09:45:00', 1, '202103100110134'),
(2, '2023-12-31', '09:45:00', 1, '202103100110134'),
(2, '2023-04-05', '09:45:00', 1, '202103100110141'),
(2, '2023-04-06', '09:45:00', 1, '202103100110141'),
(2, '2023-04-08', '09:45:00', 1, '202103100110141'),
(2, '2023-04-09', '09:45:00', 1, '202103100110141'),
(2, '2023-04-09', '11:00:00', 1, '202103100110141'),
(2, '2023-04-12', '09:45:00', 1, '202103100110141'),
(2, '2023-04-16', '08:45:00', 1, '202103100110141'),
(2, '2023-04-16', '09:45:00', 1, '202103100110141'),
(2, '2023-04-17', '09:45:00', 1, '202103100110141'),
(2, '2023-04-17', '13:45:00', 1, '202103100110141'),
(2, '2023-04-19', '09:45:00', 0, '202103100110141'),
(2, '2023-04-20', '09:45:00', 1, '202103100110141'),
(2, '2023-04-20', '11:00:00', 0, '202103100110141'),
(2, '2023-04-22', '09:45:00', 1, '202103100110141'),
(2, '2023-04-23', '09:45:00', 1, '202103100110141'),
(2, '2023-04-24', '09:45:00', 1, '202103100110141'),
(2, '2023-04-26', '09:45:00', 1, '202103100110141'),
(2, '2023-04-27', '09:45:00', 1, '202103100110141'),
(2, '2023-04-28', '09:45:00', 1, '202103100110141'),
(2, '2023-04-29', '09:45:00', 1, '202103100110141'),
(2, '2023-04-30', '09:45:00', 1, '202103100110141'),
(2, '2023-06-07', '09:45:00', 0, '202103100110141'),
(2, '2023-06-08', '09:45:00', 0, '202103100110141'),
(2, '2023-06-09', '09:45:00', 1, '202103100110141'),
(2, '2023-06-10', '09:45:00', 1, '202103100110141'),
(2, '2023-06-11', '09:45:00', 1, '202103100110141'),
(2, '2023-06-12', '09:45:00', 1, '202103100110141'),
(2, '2023-06-14', '09:45:00', 1, '202103100110141'),
(2, '2023-06-15', '09:45:00', 1, '202103100110141'),
(2, '2023-06-16', '09:45:00', 1, '202103100110141'),
(2, '2023-06-17', '09:45:00', 1, '202103100110141'),
(2, '2023-06-17', '14:45:00', 1, '202103100110141'),
(2, '2023-06-18', '09:45:00', 1, '202103100110141'),
(2, '2023-06-18', '14:45:00', 1, '202103100110141'),
(2, '2023-06-19', '09:45:00', 1, '202103100110141'),
(2, '2023-06-23', '08:45:00', 1, '202103100110141'),
(2, '2023-06-23', '09:45:00', 1, '202103100110141'),
(2, '2023-06-24', '09:45:00', 1, '202103100110141'),
(2, '2023-06-24', '11:00:00', 0, '202103100110141'),
(2, '2023-06-28', '09:45:00', 1, '202103100110141'),
(2, '2023-06-29', '09:45:00', 1, '202103100110141'),
(2, '2023-06-30', '09:45:00', 0, '202103100110141'),
(2, '2023-07-01', '09:45:00', 0, '202103100110141'),
(2, '2023-07-02', '09:45:00', 1, '202103100110141'),
(2, '2023-07-03', '09:45:00', 0, '202103100110141'),
(2, '2023-07-05', '09:45:00', 1, '202103100110141'),
(2, '2023-07-06', '09:45:00', 0, '202103100110141'),
(2, '2023-07-07', '09:45:00', 1, '202103100110141'),
(2, '2023-07-08', '09:45:00', 1, '202103100110141'),
(2, '2023-07-09', '09:45:00', 1, '202103100110141'),
(2, '2023-07-10', '09:45:00', 1, '202103100110141'),
(2, '2023-07-13', '09:45:00', 1, '202103100110141'),
(2, '2023-07-14', '09:45:00', 1, '202103100110141'),
(2, '2023-07-15', '09:45:00', 1, '202103100110141'),
(2, '2023-07-16', '09:45:00', 1, '202103100110141'),
(2, '2023-07-17', '09:45:00', 1, '202103100110141'),
(2, '2023-07-19', '09:45:00', 1, '202103100110141'),
(2, '2023-07-20', '09:45:00', 1, '202103100110141'),
(2, '2023-07-22', '09:45:00', 1, '202103100110141'),
(2, '2023-07-23', '09:45:00', 0, '202103100110141'),
(2, '2023-07-24', '09:45:00', 0, '202103100110141'),
(2, '2023-07-26', '09:45:00', 0, '202103100110141'),
(2, '2023-07-27', '09:45:00', 1, '202103100110141'),
(2, '2023-07-28', '09:45:00', 1, '202103100110141'),
(2, '2023-07-29', '09:45:00', 0, '202103100110141'),
(2, '2023-07-30', '09:45:00', 1, '202103100110141'),
(2, '2023-07-31', '09:45:00', 1, '202103100110141'),
(2, '2023-08-02', '09:45:00', 0, '202103100110141'),
(2, '2023-08-03', '09:45:00', 0, '202103100110141'),
(2, '2023-08-04', '09:45:00', 1, '202103100110141'),
(2, '2023-08-05', '09:45:00', 0, '202103100110141'),
(2, '2023-08-06', '09:45:00', 0, '202103100110141'),
(2, '2023-08-07', '09:45:00', 1, '202103100110141'),
(2, '2023-08-09', '09:45:00', 1, '202103100110141'),
(2, '2023-08-10', '09:45:00', 1, '202103100110141'),
(2, '2023-08-12', '09:45:00', 1, '202103100110141'),
(2, '2023-08-13', '09:45:00', 1, '202103100110141'),
(2, '2023-08-14', '09:45:00', 1, '202103100110141'),
(2, '2023-08-17', '09:45:00', 1, '202103100110141'),
(2, '2023-08-18', '09:45:00', 1, '202103100110141'),
(2, '2023-08-19', '09:45:00', 1, '202103100110141'),
(2, '2023-08-23', '09:45:00', 0, '202103100110141'),
(2, '2023-08-24', '09:45:00', 0, '202103100110141'),
(2, '2023-08-25', '09:45:00', 1, '202103100110141'),
(2, '2023-08-26', '09:45:00', 0, '202103100110141'),
(2, '2023-08-27', '09:45:00', 1, '202103100110141'),
(2, '2023-08-28', '09:45:00', 0, '202103100110141'),
(2, '2023-08-30', '09:45:00', 1, '202103100110141'),
(2, '2023-09-01', '09:45:00', 0, '202103100110141'),
(2, '2023-09-02', '09:45:00', 1, '202103100110141'),
(2, '2023-09-03', '09:45:00', 0, '202103100110141'),
(2, '2023-09-04', '09:45:00', 1, '202103100110141'),
(2, '2023-09-06', '09:45:00', 0, '202103100110141'),
(2, '2023-09-07', '09:45:00', 1, '202103100110141'),
(2, '2023-09-08', '09:45:00', 1, '202103100110141'),
(2, '2023-09-09', '09:45:00', 1, '202103100110141'),
(2, '2023-09-11', '09:45:00', 1, '202103100110141'),
(2, '2023-09-13', '09:45:00', 1, '202103100110141'),
(2, '2023-09-14', '09:45:00', 1, '202103100110141'),
(2, '2023-09-15', '09:45:00', 1, '202103100110141'),
(2, '2023-09-16', '09:45:00', 1, '202103100110141'),
(2, '2023-09-17', '09:45:00', 1, '202103100110141'),
(2, '2023-09-18', '09:45:00', 1, '202103100110141'),
(2, '2023-09-20', '09:45:00', 1, '202103100110141'),
(2, '2023-09-21', '09:45:00', 1, '202103100110141'),
(2, '2023-09-22', '09:45:00', 1, '202103100110141'),
(2, '2023-09-23', '09:45:00', 0, '202103100110141'),
(2, '2023-09-24', '09:45:00', 0, '202103100110141'),
(2, '2023-09-25', '09:45:00', 0, '202103100110141'),
(2, '2023-09-27', '09:45:00', 1, '202103100110141'),
(2, '2023-09-28', '09:45:00', 1, '202103100110141'),
(2, '2023-09-29', '09:45:00', 0, '202103100110141'),
(2, '2023-09-30', '09:45:00', 1, '202103100110141'),
(2, '2023-10-01', '09:45:00', 1, '202103100110141'),
(2, '2023-10-04', '09:45:00', 0, '202103100110141'),
(2, '2023-10-05', '09:45:00', 1, '202103100110141'),
(2, '2023-10-06', '09:45:00', 0, '202103100110141'),
(2, '2023-10-07', '09:45:00', 1, '202103100110141'),
(2, '2023-10-08', '09:45:00', 1, '202103100110141'),
(2, '2023-10-09', '09:45:00', 1, '202103100110141'),
(2, '2023-10-11', '09:45:00', 1, '202103100110141'),
(2, '2023-10-16', '09:45:00', 1, '202103100110141'),
(2, '2023-10-21', '09:45:00', 0, '202103100110141'),
(2, '2023-10-22', '09:45:00', 1, '202103100110141'),
(2, '2023-10-23', '09:45:00', 0, '202103100110141'),
(2, '2023-10-25', '09:45:00', 1, '202103100110141'),
(2, '2023-10-26', '09:45:00', 0, '202103100110141'),
(2, '2023-10-27', '09:45:00', 1, '202103100110141'),
(2, '2023-10-28', '09:45:00', 1, '202103100110141'),
(2, '2023-10-29', '09:45:00', 0, '202103100110141'),
(2, '2023-10-30', '09:45:00', 1, '202103100110141'),
(2, '2023-11-15', '09:45:00', 1, '202103100110141'),
(2, '2023-11-16', '09:45:00', 1, '202103100110141'),
(2, '2023-11-17', '09:45:00', 1, '202103100110141'),
(2, '2023-11-18', '09:45:00', 1, '202103100110141'),
(2, '2023-11-20', '09:45:00', 1, '202103100110141'),
(2, '2023-11-22', '09:45:00', 1, '202103100110141'),
(2, '2023-11-23', '09:45:00', 0, '202103100110141'),
(2, '2023-11-25', '09:45:00', 1, '202103100110141'),
(2, '2023-11-26', '09:45:00', 0, '202103100110141'),
(2, '2023-11-27', '09:45:00', 1, '202103100110141'),
(2, '2023-11-29', '09:45:00', 0, '202103100110141'),
(2, '2023-11-30', '09:45:00', 1, '202103100110141'),
(2, '2023-12-01', '09:45:00', 1, '202103100110141'),
(2, '2023-12-02', '09:45:00', 1, '202103100110141'),
(2, '2023-12-03', '09:45:00', 1, '202103100110141'),
(2, '2023-12-04', '09:45:00', 0, '202103100110141'),
(2, '2023-12-06', '09:45:00', 0, '202103100110141'),
(2, '2023-12-07', '09:45:00', 1, '202103100110141'),
(2, '2023-12-08', '09:45:00', 1, '202103100110141'),
(2, '2023-12-09', '09:45:00', 1, '202103100110141'),
(2, '2023-12-10', '09:45:00', 0, '202103100110141'),
(2, '2023-12-11', '09:45:00', 1, '202103100110141'),
(2, '2023-12-13', '09:45:00', 0, '202103100110141'),
(2, '2023-12-14', '09:45:00', 0, '202103100110141'),
(2, '2023-12-15', '09:45:00', 0, '202103100110141'),
(2, '2023-12-16', '09:45:00', 1, '202103100110141'),
(2, '2023-12-17', '09:45:00', 1, '202103100110141'),
(2, '2023-12-18', '09:45:00', 1, '202103100110141'),
(2, '2023-12-20', '09:45:00', 1, '202103100110141'),
(2, '2023-12-21', '09:45:00', 0, '202103100110141'),
(2, '2023-12-22', '09:45:00', 1, '202103100110141'),
(2, '2023-12-23', '09:45:00', 0, '202103100110141'),
(2, '2023-12-27', '09:45:00', 1, '202103100110141'),
(2, '2023-12-28', '09:45:00', 1, '202103100110141'),
(2, '2023-12-29', '09:45:00', 0, '202103100110141'),
(2, '2023-12-30', '09:45:00', 1, '202103100110141'),
(2, '2023-12-31', '09:45:00', 1, '202103100110141'),
(2, '2023-04-05', '09:45:00', 0, '202103100110143'),
(2, '2023-04-06', '09:45:00', 0, '202103100110143'),
(2, '2023-04-08', '09:45:00', 0, '202103100110143'),
(2, '2023-04-09', '09:45:00', 1, '202103100110143'),
(2, '2023-04-09', '11:00:00', 1, '202103100110143'),
(2, '2023-04-12', '09:45:00', 0, '202103100110143'),
(2, '2023-04-16', '08:45:00', 1, '202103100110143'),
(2, '2023-04-16', '09:45:00', 1, '202103100110143'),
(2, '2023-04-17', '09:45:00', 1, '202103100110143'),
(2, '2023-04-17', '13:45:00', 1, '202103100110143'),
(2, '2023-04-19', '09:45:00', 0, '202103100110143'),
(2, '2023-04-20', '09:45:00', 0, '202103100110143'),
(2, '2023-04-20', '11:00:00', 0, '202103100110143'),
(2, '2023-04-22', '09:45:00', 0, '202103100110143'),
(2, '2023-04-23', '09:45:00', 0, '202103100110143'),
(2, '2023-04-24', '09:45:00', 0, '202103100110143'),
(2, '2023-04-26', '09:45:00', 0, '202103100110143'),
(2, '2023-04-27', '09:45:00', 0, '202103100110143'),
(2, '2023-04-28', '09:45:00', 0, '202103100110143'),
(2, '2023-04-29', '09:45:00', 1, '202103100110143'),
(2, '2023-04-30', '09:45:00', 1, '202103100110143'),
(2, '2023-06-07', '09:45:00', 0, '202103100110143'),
(2, '2023-06-08', '09:45:00', 0, '202103100110143'),
(2, '2023-06-09', '09:45:00', 0, '202103100110143'),
(2, '2023-06-10', '09:45:00', 0, '202103100110143'),
(2, '2023-06-11', '09:45:00', 0, '202103100110143'),
(2, '2023-06-12', '09:45:00', 0, '202103100110143'),
(2, '2023-06-14', '09:45:00', 1, '202103100110143'),
(2, '2023-06-15', '09:45:00', 1, '202103100110143'),
(2, '2023-06-16', '09:45:00', 0, '202103100110143'),
(2, '2023-06-17', '09:45:00', 1, '202103100110143'),
(2, '2023-06-17', '14:45:00', 1, '202103100110143'),
(2, '2023-06-18', '09:45:00', 1, '202103100110143'),
(2, '2023-06-18', '14:45:00', 0, '202103100110143'),
(2, '2023-06-19', '09:45:00', 1, '202103100110143'),
(2, '2023-06-23', '08:45:00', 0, '202103100110143'),
(2, '2023-06-23', '09:45:00', 0, '202103100110143'),
(2, '2023-06-24', '09:45:00', 0, '202103100110143'),
(2, '2023-06-24', '11:00:00', 0, '202103100110143'),
(2, '2023-06-28', '09:45:00', 0, '202103100110143'),
(2, '2023-06-29', '09:45:00', 0, '202103100110143'),
(2, '2023-06-30', '09:45:00', 0, '202103100110143'),
(2, '2023-07-01', '09:45:00', 0, '202103100110143'),
(2, '2023-07-02', '09:45:00', 1, '202103100110143'),
(2, '2023-07-03', '09:45:00', 0, '202103100110143'),
(2, '2023-07-05', '09:45:00', 1, '202103100110143'),
(2, '2023-07-06', '09:45:00', 0, '202103100110143'),
(2, '2023-07-07', '09:45:00', 1, '202103100110143'),
(2, '2023-07-08', '09:45:00', 1, '202103100110143'),
(2, '2023-07-09', '09:45:00', 1, '202103100110143'),
(2, '2023-07-10', '09:45:00', 1, '202103100110143'),
(2, '2023-07-13', '09:45:00', 0, '202103100110143'),
(2, '2023-07-14', '09:45:00', 0, '202103100110143'),
(2, '2023-07-15', '09:45:00', 1, '202103100110143'),
(2, '2023-07-16', '09:45:00', 0, '202103100110143'),
(2, '2023-07-17', '09:45:00', 0, '202103100110143'),
(2, '2023-07-19', '09:45:00', 0, '202103100110143'),
(2, '2023-07-20', '09:45:00', 0, '202103100110143'),
(2, '2023-07-22', '09:45:00', 0, '202103100110143'),
(2, '2023-07-23', '09:45:00', 0, '202103100110143'),
(2, '2023-07-24', '09:45:00', 0, '202103100110143'),
(2, '2023-07-26', '09:45:00', 0, '202103100110143'),
(2, '2023-07-27', '09:45:00', 0, '202103100110143'),
(2, '2023-07-28', '09:45:00', 0, '202103100110143'),
(2, '2023-07-29', '09:45:00', 0, '202103100110143'),
(2, '2023-07-30', '09:45:00', 0, '202103100110143'),
(2, '2023-07-31', '09:45:00', 0, '202103100110143'),
(2, '2023-08-02', '09:45:00', 0, '202103100110143'),
(2, '2023-08-03', '09:45:00', 0, '202103100110143'),
(2, '2023-08-04', '09:45:00', 1, '202103100110143'),
(2, '2023-08-05', '09:45:00', 0, '202103100110143'),
(2, '2023-08-06', '09:45:00', 0, '202103100110143'),
(2, '2023-08-07', '09:45:00', 1, '202103100110143'),
(2, '2023-08-09', '09:45:00', 1, '202103100110143'),
(2, '2023-08-10', '09:45:00', 1, '202103100110143'),
(2, '2023-08-12', '09:45:00', 1, '202103100110143'),
(2, '2023-08-13', '09:45:00', 0, '202103100110143'),
(2, '2023-08-14', '09:45:00', 0, '202103100110143'),
(2, '2023-08-17', '09:45:00', 0, '202103100110143'),
(2, '2023-08-18', '09:45:00', 1, '202103100110143'),
(2, '2023-08-19', '09:45:00', 0, '202103100110143'),
(2, '2023-08-23', '09:45:00', 0, '202103100110143'),
(2, '2023-08-24', '09:45:00', 0, '202103100110143'),
(2, '2023-08-25', '09:45:00', 0, '202103100110143'),
(2, '2023-08-26', '09:45:00', 0, '202103100110143'),
(2, '2023-08-27', '09:45:00', 0, '202103100110143'),
(2, '2023-08-28', '09:45:00', 0, '202103100110143'),
(2, '2023-08-30', '09:45:00', 0, '202103100110143'),
(2, '2023-09-01', '09:45:00', 0, '202103100110143'),
(2, '2023-09-02', '09:45:00', 1, '202103100110143'),
(2, '2023-09-03', '09:45:00', 0, '202103100110143'),
(2, '2023-09-04', '09:45:00', 1, '202103100110143'),
(2, '2023-09-06', '09:45:00', 0, '202103100110143'),
(2, '2023-09-07', '09:45:00', 1, '202103100110143'),
(2, '2023-09-08', '09:45:00', 1, '202103100110143'),
(2, '2023-09-09', '09:45:00', 1, '202103100110143'),
(2, '2023-09-11', '09:45:00', 1, '202103100110143'),
(2, '2023-09-13', '09:45:00', 0, '202103100110143'),
(2, '2023-09-14', '09:45:00', 0, '202103100110143'),
(2, '2023-09-15', '09:45:00', 1, '202103100110143'),
(2, '2023-09-16', '09:45:00', 0, '202103100110143'),
(2, '2023-09-17', '09:45:00', 0, '202103100110143'),
(2, '2023-09-18', '09:45:00', 0, '202103100110143'),
(2, '2023-09-20', '09:45:00', 0, '202103100110143'),
(2, '2023-09-21', '09:45:00', 0, '202103100110143'),
(2, '2023-09-22', '09:45:00', 0, '202103100110143'),
(2, '2023-09-23', '09:45:00', 0, '202103100110143'),
(2, '2023-09-24', '09:45:00', 0, '202103100110143'),
(2, '2023-09-25', '09:45:00', 0, '202103100110143'),
(2, '2023-09-27', '09:45:00', 0, '202103100110143'),
(2, '2023-09-28', '09:45:00', 0, '202103100110143'),
(2, '2023-09-29', '09:45:00', 0, '202103100110143'),
(2, '2023-09-30', '09:45:00', 0, '202103100110143'),
(2, '2023-10-01', '09:45:00', 0, '202103100110143'),
(2, '2023-10-04', '09:45:00', 0, '202103100110143'),
(2, '2023-10-05', '09:45:00', 1, '202103100110143'),
(2, '2023-10-06', '09:45:00', 0, '202103100110143'),
(2, '2023-10-07', '09:45:00', 1, '202103100110143'),
(2, '2023-10-08', '09:45:00', 1, '202103100110143'),
(2, '2023-10-09', '09:45:00', 1, '202103100110143'),
(2, '2023-10-11', '09:45:00', 0, '202103100110143'),
(2, '2023-10-16', '09:45:00', 0, '202103100110143'),
(2, '2023-10-21', '09:45:00', 0, '202103100110143'),
(2, '2023-10-22', '09:45:00', 0, '202103100110143'),
(2, '2023-10-23', '09:45:00', 0, '202103100110143'),
(2, '2023-10-25', '09:45:00', 0, '202103100110143'),
(2, '2023-10-26', '09:45:00', 0, '202103100110143'),
(2, '2023-10-27', '09:45:00', 0, '202103100110143'),
(2, '2023-10-28', '09:45:00', 0, '202103100110143'),
(2, '2023-10-29', '09:45:00', 0, '202103100110143'),
(2, '2023-10-30', '09:45:00', 0, '202103100110143'),
(2, '2023-11-15', '09:45:00', 1, '202103100110143'),
(2, '2023-11-16', '09:45:00', 0, '202103100110143'),
(2, '2023-11-17', '09:45:00', 0, '202103100110143'),
(2, '2023-11-18', '09:45:00', 0, '202103100110143'),
(2, '2023-11-20', '09:45:00', 0, '202103100110143'),
(2, '2023-11-22', '09:45:00', 0, '202103100110143'),
(2, '2023-11-23', '09:45:00', 0, '202103100110143'),
(2, '2023-11-25', '09:45:00', 0, '202103100110143'),
(2, '2023-11-26', '09:45:00', 0, '202103100110143'),
(2, '2023-11-27', '09:45:00', 0, '202103100110143'),
(2, '2023-11-29', '09:45:00', 0, '202103100110143'),
(2, '2023-11-30', '09:45:00', 0, '202103100110143'),
(2, '2023-12-01', '09:45:00', 0, '202103100110143'),
(2, '2023-12-02', '09:45:00', 0, '202103100110143'),
(2, '2023-12-03', '09:45:00', 0, '202103100110143'),
(2, '2023-12-04', '09:45:00', 0, '202103100110143'),
(2, '2023-12-06', '09:45:00', 0, '202103100110143'),
(2, '2023-12-07', '09:45:00', 1, '202103100110143'),
(2, '2023-12-08', '09:45:00', 1, '202103100110143'),
(2, '2023-12-09', '09:45:00', 1, '202103100110143'),
(2, '2023-12-10', '09:45:00', 0, '202103100110143'),
(2, '2023-12-11', '09:45:00', 0, '202103100110143'),
(2, '2023-12-13', '09:45:00', 0, '202103100110143'),
(2, '2023-12-14', '09:45:00', 0, '202103100110143'),
(2, '2023-12-15', '09:45:00', 0, '202103100110143'),
(2, '2023-12-16', '09:45:00', 0, '202103100110143'),
(2, '2023-12-17', '09:45:00', 0, '202103100110143'),
(2, '2023-12-18', '09:45:00', 0, '202103100110143'),
(2, '2023-12-20', '09:45:00', 0, '202103100110143'),
(2, '2023-12-21', '09:45:00', 0, '202103100110143'),
(2, '2023-12-22', '09:45:00', 0, '202103100110143'),
(2, '2023-12-23', '09:45:00', 0, '202103100110143'),
(2, '2023-12-27', '09:45:00', 0, '202103100110143'),
(2, '2023-12-28', '09:45:00', 0, '202103100110143'),
(2, '2023-12-29', '09:45:00', 0, '202103100110143'),
(2, '2023-12-30', '09:45:00', 0, '202103100110143'),
(2, '2023-12-31', '09:45:00', 0, '202103100110143'),
(2, '2023-04-05', '09:45:00', 1, '202103100110145'),
(2, '2023-04-06', '09:45:00', 1, '202103100110145'),
(2, '2023-04-08', '09:45:00', 1, '202103100110145'),
(2, '2023-04-09', '09:45:00', 1, '202103100110145'),
(2, '2023-04-09', '11:00:00', 1, '202103100110145'),
(2, '2023-04-12', '09:45:00', 1, '202103100110145'),
(2, '2023-04-16', '08:45:00', 1, '202103100110145'),
(2, '2023-04-16', '09:45:00', 1, '202103100110145'),
(2, '2023-04-17', '09:45:00', 1, '202103100110145'),
(2, '2023-04-17', '13:45:00', 1, '202103100110145'),
(2, '2023-04-19', '09:45:00', 0, '202103100110145'),
(2, '2023-04-20', '09:45:00', 1, '202103100110145'),
(2, '2023-04-20', '11:00:00', 1, '202103100110145'),
(2, '2023-04-22', '09:45:00', 1, '202103100110145'),
(2, '2023-04-23', '09:45:00', 1, '202103100110145'),
(2, '2023-04-24', '09:45:00', 1, '202103100110145'),
(2, '2023-04-26', '09:45:00', 1, '202103100110145'),
(2, '2023-04-27', '09:45:00', 1, '202103100110145'),
(2, '2023-04-28', '09:45:00', 1, '202103100110145'),
(2, '2023-04-29', '09:45:00', 1, '202103100110145'),
(2, '2023-04-30', '09:45:00', 1, '202103100110145'),
(2, '2023-06-07', '09:45:00', 1, '202103100110145'),
(2, '2023-06-08', '09:45:00', 0, '202103100110145'),
(2, '2023-06-09', '09:45:00', 1, '202103100110145'),
(2, '2023-06-10', '09:45:00', 1, '202103100110145'),
(2, '2023-06-11', '09:45:00', 1, '202103100110145'),
(2, '2023-06-12', '09:45:00', 1, '202103100110145'),
(2, '2023-06-14', '09:45:00', 0, '202103100110145'),
(2, '2023-06-15', '09:45:00', 1, '202103100110145'),
(2, '2023-06-16', '09:45:00', 1, '202103100110145'),
(2, '2023-06-17', '09:45:00', 1, '202103100110145'),
(2, '2023-06-17', '14:45:00', 1, '202103100110145'),
(2, '2023-06-18', '09:45:00', 1, '202103100110145'),
(2, '2023-06-18', '14:45:00', 1, '202103100110145'),
(2, '2023-06-19', '09:45:00', 1, '202103100110145'),
(2, '2023-06-23', '08:45:00', 1, '202103100110145'),
(2, '2023-06-23', '09:45:00', 1, '202103100110145'),
(2, '2023-06-24', '09:45:00', 1, '202103100110145'),
(2, '2023-06-24', '11:00:00', 1, '202103100110145'),
(2, '2023-06-28', '09:45:00', 1, '202103100110145'),
(2, '2023-06-29', '09:45:00', 1, '202103100110145'),
(2, '2023-06-30', '09:45:00', 0, '202103100110145'),
(2, '2023-07-01', '09:45:00', 0, '202103100110145'),
(2, '2023-07-02', '09:45:00', 1, '202103100110145'),
(2, '2023-07-03', '09:45:00', 0, '202103100110145'),
(2, '2023-07-05', '09:45:00', 1, '202103100110145'),
(2, '2023-07-06', '09:45:00', 0, '202103100110145'),
(2, '2023-07-07', '09:45:00', 1, '202103100110145'),
(2, '2023-07-08', '09:45:00', 1, '202103100110145'),
(2, '2023-07-09', '09:45:00', 1, '202103100110145'),
(2, '2023-07-10', '09:45:00', 1, '202103100110145'),
(2, '2023-07-13', '09:45:00', 1, '202103100110145'),
(2, '2023-07-14', '09:45:00', 1, '202103100110145'),
(2, '2023-07-15', '09:45:00', 1, '202103100110145'),
(2, '2023-07-16', '09:45:00', 1, '202103100110145'),
(2, '2023-07-17', '09:45:00', 1, '202103100110145'),
(2, '2023-07-19', '09:45:00', 1, '202103100110145'),
(2, '2023-07-20', '09:45:00', 1, '202103100110145'),
(2, '2023-07-22', '09:45:00', 1, '202103100110145'),
(2, '2023-07-23', '09:45:00', 1, '202103100110145'),
(2, '2023-07-24', '09:45:00', 1, '202103100110145'),
(2, '2023-07-26', '09:45:00', 1, '202103100110145'),
(2, '2023-07-27', '09:45:00', 1, '202103100110145'),
(2, '2023-07-28', '09:45:00', 1, '202103100110145'),
(2, '2023-07-29', '09:45:00', 0, '202103100110145'),
(2, '2023-07-30', '09:45:00', 1, '202103100110145'),
(2, '2023-07-31', '09:45:00', 1, '202103100110145'),
(2, '2023-08-02', '09:45:00', 1, '202103100110145'),
(2, '2023-08-03', '09:45:00', 0, '202103100110145'),
(2, '2023-08-04', '09:45:00', 1, '202103100110145'),
(2, '2023-08-05', '09:45:00', 0, '202103100110145'),
(2, '2023-08-06', '09:45:00', 0, '202103100110145'),
(2, '2023-08-07', '09:45:00', 1, '202103100110145'),
(2, '2023-08-09', '09:45:00', 1, '202103100110145'),
(2, '2023-08-10', '09:45:00', 1, '202103100110145'),
(2, '2023-08-12', '09:45:00', 1, '202103100110145'),
(2, '2023-08-13', '09:45:00', 1, '202103100110145'),
(2, '2023-08-14', '09:45:00', 1, '202103100110145'),
(2, '2023-08-17', '09:45:00', 1, '202103100110145'),
(2, '2023-08-18', '09:45:00', 1, '202103100110145'),
(2, '2023-08-19', '09:45:00', 1, '202103100110145'),
(2, '2023-08-23', '09:45:00', 1, '202103100110145'),
(2, '2023-08-24', '09:45:00', 1, '202103100110145'),
(2, '2023-08-25', '09:45:00', 1, '202103100110145'),
(2, '2023-08-26', '09:45:00', 1, '202103100110145'),
(2, '2023-08-27', '09:45:00', 1, '202103100110145'),
(2, '2023-08-28', '09:45:00', 0, '202103100110145'),
(2, '2023-08-30', '09:45:00', 1, '202103100110145'),
(2, '2023-09-01', '09:45:00', 0, '202103100110145'),
(2, '2023-09-02', '09:45:00', 1, '202103100110145'),
(2, '2023-09-03', '09:45:00', 0, '202103100110145'),
(2, '2023-09-04', '09:45:00', 1, '202103100110145'),
(2, '2023-09-06', '09:45:00', 0, '202103100110145'),
(2, '2023-09-07', '09:45:00', 1, '202103100110145'),
(2, '2023-09-08', '09:45:00', 1, '202103100110145'),
(2, '2023-09-09', '09:45:00', 1, '202103100110145'),
(2, '2023-09-11', '09:45:00', 1, '202103100110145'),
(2, '2023-09-13', '09:45:00', 1, '202103100110145'),
(2, '2023-09-14', '09:45:00', 1, '202103100110145'),
(2, '2023-09-15', '09:45:00', 1, '202103100110145'),
(2, '2023-09-16', '09:45:00', 1, '202103100110145'),
(2, '2023-09-17', '09:45:00', 1, '202103100110145'),
(2, '2023-09-18', '09:45:00', 1, '202103100110145'),
(2, '2023-09-20', '09:45:00', 1, '202103100110145'),
(2, '2023-09-21', '09:45:00', 1, '202103100110145'),
(2, '2023-09-22', '09:45:00', 1, '202103100110145'),
(2, '2023-09-23', '09:45:00', 1, '202103100110145'),
(2, '2023-09-24', '09:45:00', 1, '202103100110145'),
(2, '2023-09-25', '09:45:00', 1, '202103100110145'),
(2, '2023-09-27', '09:45:00', 1, '202103100110145'),
(2, '2023-09-28', '09:45:00', 1, '202103100110145'),
(2, '2023-09-29', '09:45:00', 0, '202103100110145'),
(2, '2023-09-30', '09:45:00', 1, '202103100110145'),
(2, '2023-10-01', '09:45:00', 1, '202103100110145'),
(2, '2023-10-04', '09:45:00', 1, '202103100110145'),
(2, '2023-10-05', '09:45:00', 1, '202103100110145'),
(2, '2023-10-06', '09:45:00', 0, '202103100110145'),
(2, '2023-10-07', '09:45:00', 1, '202103100110145'),
(2, '2023-10-08', '09:45:00', 1, '202103100110145'),
(2, '2023-10-09', '09:45:00', 1, '202103100110145'),
(2, '2023-10-11', '09:45:00', 1, '202103100110145'),
(2, '2023-10-16', '09:45:00', 1, '202103100110145'),
(2, '2023-10-21', '09:45:00', 1, '202103100110145'),
(2, '2023-10-22', '09:45:00', 1, '202103100110145'),
(2, '2023-10-23', '09:45:00', 1, '202103100110145'),
(2, '2023-10-25', '09:45:00', 1, '202103100110145'),
(2, '2023-10-26', '09:45:00', 1, '202103100110145'),
(2, '2023-10-27', '09:45:00', 1, '202103100110145'),
(2, '2023-10-28', '09:45:00', 1, '202103100110145'),
(2, '2023-10-29', '09:45:00', 0, '202103100110145'),
(2, '2023-10-30', '09:45:00', 1, '202103100110145'),
(2, '2023-11-15', '09:45:00', 1, '202103100110145'),
(2, '2023-11-16', '09:45:00', 1, '202103100110145'),
(2, '2023-11-17', '09:45:00', 1, '202103100110145'),
(2, '2023-11-18', '09:45:00', 1, '202103100110145'),
(2, '2023-11-20', '09:45:00', 1, '202103100110145'),
(2, '2023-11-22', '09:45:00', 1, '202103100110145'),
(2, '2023-11-23', '09:45:00', 1, '202103100110145'),
(2, '2023-11-25', '09:45:00', 1, '202103100110145'),
(2, '2023-11-26', '09:45:00', 1, '202103100110145'),
(2, '2023-11-27', '09:45:00', 1, '202103100110145'),
(2, '2023-11-29', '09:45:00', 0, '202103100110145'),
(2, '2023-11-30', '09:45:00', 1, '202103100110145'),
(2, '2023-12-01', '09:45:00', 1, '202103100110145'),
(2, '2023-12-02', '09:45:00', 1, '202103100110145'),
(2, '2023-12-03', '09:45:00', 1, '202103100110145'),
(2, '2023-12-04', '09:45:00', 1, '202103100110145'),
(2, '2023-12-06', '09:45:00', 0, '202103100110145'),
(2, '2023-12-07', '09:45:00', 1, '202103100110145'),
(2, '2023-12-08', '09:45:00', 1, '202103100110145'),
(2, '2023-12-09', '09:45:00', 1, '202103100110145'),
(2, '2023-12-10', '09:45:00', 0, '202103100110145'),
(2, '2023-12-11', '09:45:00', 1, '202103100110145'),
(2, '2023-12-13', '09:45:00', 0, '202103100110145'),
(2, '2023-12-14', '09:45:00', 0, '202103100110145'),
(2, '2023-12-15', '09:45:00', 0, '202103100110145'),
(2, '2023-12-16', '09:45:00', 1, '202103100110145'),
(2, '2023-12-17', '09:45:00', 1, '202103100110145'),
(2, '2023-12-18', '09:45:00', 1, '202103100110145'),
(2, '2023-12-20', '09:45:00', 1, '202103100110145'),
(2, '2023-12-21', '09:45:00', 1, '202103100110145'),
(2, '2023-12-22', '09:45:00', 1, '202103100110145'),
(2, '2023-12-23', '09:45:00', 1, '202103100110145'),
(2, '2023-12-27', '09:45:00', 1, '202103100110145'),
(2, '2023-12-28', '09:45:00', 1, '202103100110145'),
(2, '2023-12-29', '09:45:00', 0, '202103100110145'),
(2, '2023-12-30', '09:45:00', 1, '202103100110145'),
(2, '2023-12-31', '09:45:00', 1, '202103100110145'),
(2, '2023-04-05', '09:45:00', 1, '202103100110147'),
(2, '2023-04-06', '09:45:00', 1, '202103100110147'),
(2, '2023-04-08', '09:45:00', 1, '202103100110147'),
(2, '2023-04-09', '09:45:00', 1, '202103100110147'),
(2, '2023-04-09', '11:00:00', 1, '202103100110147'),
(2, '2023-04-12', '09:45:00', 1, '202103100110147'),
(2, '2023-04-16', '08:45:00', 1, '202103100110147'),
(2, '2023-04-16', '09:45:00', 1, '202103100110147'),
(2, '2023-04-17', '09:45:00', 1, '202103100110147'),
(2, '2023-04-17', '13:45:00', 1, '202103100110147'),
(2, '2023-04-19', '09:45:00', 1, '202103100110147'),
(2, '2023-04-20', '09:45:00', 1, '202103100110147'),
(2, '2023-04-20', '11:00:00', 0, '202103100110147'),
(2, '2023-04-22', '09:45:00', 1, '202103100110147'),
(2, '2023-04-23', '09:45:00', 1, '202103100110147'),
(2, '2023-04-24', '09:45:00', 1, '202103100110147'),
(2, '2023-04-26', '09:45:00', 1, '202103100110147'),
(2, '2023-04-27', '09:45:00', 1, '202103100110147'),
(2, '2023-04-28', '09:45:00', 1, '202103100110147'),
(2, '2023-04-29', '09:45:00', 1, '202103100110147'),
(2, '2023-04-30', '09:45:00', 1, '202103100110147'),
(2, '2023-06-07', '09:45:00', 1, '202103100110147'),
(2, '2023-06-08', '09:45:00', 0, '202103100110147'),
(2, '2023-06-09', '09:45:00', 1, '202103100110147'),
(2, '2023-06-10', '09:45:00', 1, '202103100110147'),
(2, '2023-06-11', '09:45:00', 1, '202103100110147'),
(2, '2023-06-12', '09:45:00', 1, '202103100110147'),
(2, '2023-06-14', '09:45:00', 0, '202103100110147'),
(2, '2023-06-15', '09:45:00', 1, '202103100110147'),
(2, '2023-06-16', '09:45:00', 1, '202103100110147'),
(2, '2023-06-17', '09:45:00', 1, '202103100110147'),
(2, '2023-06-17', '14:45:00', 1, '202103100110147'),
(2, '2023-06-18', '09:45:00', 1, '202103100110147'),
(2, '2023-06-18', '14:45:00', 0, '202103100110147'),
(2, '2023-06-19', '09:45:00', 1, '202103100110147'),
(2, '2023-06-23', '08:45:00', 1, '202103100110147'),
(2, '2023-06-23', '09:45:00', 1, '202103100110147'),
(2, '2023-06-24', '09:45:00', 1, '202103100110147'),
(2, '2023-06-24', '11:00:00', 0, '202103100110147'),
(2, '2023-06-28', '09:45:00', 1, '202103100110147'),
(2, '2023-06-29', '09:45:00', 1, '202103100110147'),
(2, '2023-06-30', '09:45:00', 0, '202103100110147'),
(2, '2023-07-01', '09:45:00', 0, '202103100110147'),
(2, '2023-07-02', '09:45:00', 1, '202103100110147'),
(2, '2023-07-03', '09:45:00', 0, '202103100110147'),
(2, '2023-07-05', '09:45:00', 1, '202103100110147'),
(2, '2023-07-06', '09:45:00', 0, '202103100110147'),
(2, '2023-07-07', '09:45:00', 1, '202103100110147'),
(2, '2023-07-08', '09:45:00', 1, '202103100110147'),
(2, '2023-07-09', '09:45:00', 1, '202103100110147'),
(2, '2023-07-10', '09:45:00', 1, '202103100110147'),
(2, '2023-07-13', '09:45:00', 1, '202103100110147'),
(2, '2023-07-14', '09:45:00', 1, '202103100110147'),
(2, '2023-07-15', '09:45:00', 1, '202103100110147'),
(2, '2023-07-16', '09:45:00', 1, '202103100110147'),
(2, '2023-07-17', '09:45:00', 1, '202103100110147'),
(2, '2023-07-19', '09:45:00', 1, '202103100110147'),
(2, '2023-07-20', '09:45:00', 1, '202103100110147'),
(2, '2023-07-22', '09:45:00', 1, '202103100110147'),
(2, '2023-07-23', '09:45:00', 1, '202103100110147'),
(2, '2023-07-24', '09:45:00', 1, '202103100110147'),
(2, '2023-07-26', '09:45:00', 1, '202103100110147'),
(2, '2023-07-27', '09:45:00', 1, '202103100110147'),
(2, '2023-07-28', '09:45:00', 1, '202103100110147'),
(2, '2023-07-29', '09:45:00', 0, '202103100110147'),
(2, '2023-07-30', '09:45:00', 1, '202103100110147'),
(2, '2023-07-31', '09:45:00', 1, '202103100110147'),
(2, '2023-08-02', '09:45:00', 1, '202103100110147'),
(2, '2023-08-03', '09:45:00', 0, '202103100110147'),
(2, '2023-08-04', '09:45:00', 1, '202103100110147'),
(2, '2023-08-05', '09:45:00', 0, '202103100110147'),
(2, '2023-08-06', '09:45:00', 0, '202103100110147'),
(2, '2023-08-07', '09:45:00', 1, '202103100110147'),
(2, '2023-08-09', '09:45:00', 1, '202103100110147'),
(2, '2023-08-10', '09:45:00', 1, '202103100110147'),
(2, '2023-08-12', '09:45:00', 1, '202103100110147'),
(2, '2023-08-13', '09:45:00', 1, '202103100110147'),
(2, '2023-08-14', '09:45:00', 1, '202103100110147'),
(2, '2023-08-17', '09:45:00', 1, '202103100110147'),
(2, '2023-08-18', '09:45:00', 1, '202103100110147'),
(2, '2023-08-19', '09:45:00', 1, '202103100110147'),
(2, '2023-08-23', '09:45:00', 1, '202103100110147'),
(2, '2023-08-24', '09:45:00', 1, '202103100110147'),
(2, '2023-08-25', '09:45:00', 1, '202103100110147'),
(2, '2023-08-26', '09:45:00', 1, '202103100110147'),
(2, '2023-08-27', '09:45:00', 1, '202103100110147'),
(2, '2023-08-28', '09:45:00', 0, '202103100110147'),
(2, '2023-08-30', '09:45:00', 1, '202103100110147'),
(2, '2023-09-01', '09:45:00', 0, '202103100110147'),
(2, '2023-09-02', '09:45:00', 1, '202103100110147'),
(2, '2023-09-03', '09:45:00', 0, '202103100110147'),
(2, '2023-09-04', '09:45:00', 1, '202103100110147'),
(2, '2023-09-06', '09:45:00', 0, '202103100110147'),
(2, '2023-09-07', '09:45:00', 1, '202103100110147'),
(2, '2023-09-08', '09:45:00', 1, '202103100110147'),
(2, '2023-09-09', '09:45:00', 1, '202103100110147'),
(2, '2023-09-11', '09:45:00', 1, '202103100110147'),
(2, '2023-09-13', '09:45:00', 1, '202103100110147'),
(2, '2023-09-14', '09:45:00', 1, '202103100110147'),
(2, '2023-09-15', '09:45:00', 1, '202103100110147'),
(2, '2023-09-16', '09:45:00', 1, '202103100110147'),
(2, '2023-09-17', '09:45:00', 1, '202103100110147'),
(2, '2023-09-18', '09:45:00', 1, '202103100110147'),
(2, '2023-09-20', '09:45:00', 1, '202103100110147'),
(2, '2023-09-21', '09:45:00', 1, '202103100110147'),
(2, '2023-09-22', '09:45:00', 1, '202103100110147'),
(2, '2023-09-23', '09:45:00', 1, '202103100110147'),
(2, '2023-09-24', '09:45:00', 1, '202103100110147'),
(2, '2023-09-25', '09:45:00', 1, '202103100110147'),
(2, '2023-09-27', '09:45:00', 1, '202103100110147'),
(2, '2023-09-28', '09:45:00', 1, '202103100110147'),
(2, '2023-09-29', '09:45:00', 0, '202103100110147'),
(2, '2023-09-30', '09:45:00', 1, '202103100110147'),
(2, '2023-10-01', '09:45:00', 1, '202103100110147'),
(2, '2023-10-04', '09:45:00', 1, '202103100110147'),
(2, '2023-10-05', '09:45:00', 1, '202103100110147'),
(2, '2023-10-06', '09:45:00', 0, '202103100110147'),
(2, '2023-10-07', '09:45:00', 1, '202103100110147'),
(2, '2023-10-08', '09:45:00', 1, '202103100110147'),
(2, '2023-10-09', '09:45:00', 1, '202103100110147'),
(2, '2023-10-11', '09:45:00', 1, '202103100110147'),
(2, '2023-10-16', '09:45:00', 1, '202103100110147'),
(2, '2023-10-21', '09:45:00', 1, '202103100110147'),
(2, '2023-10-22', '09:45:00', 1, '202103100110147'),
(2, '2023-10-23', '09:45:00', 1, '202103100110147'),
(2, '2023-10-25', '09:45:00', 1, '202103100110147'),
(2, '2023-10-26', '09:45:00', 1, '202103100110147'),
(2, '2023-10-27', '09:45:00', 1, '202103100110147'),
(2, '2023-10-28', '09:45:00', 1, '202103100110147'),
(2, '2023-10-29', '09:45:00', 0, '202103100110147'),
(2, '2023-10-30', '09:45:00', 1, '202103100110147'),
(2, '2023-11-15', '09:45:00', 1, '202103100110147'),
(2, '2023-11-16', '09:45:00', 1, '202103100110147'),
(2, '2023-11-17', '09:45:00', 1, '202103100110147'),
(2, '2023-11-18', '09:45:00', 1, '202103100110147'),
(2, '2023-11-20', '09:45:00', 1, '202103100110147'),
(2, '2023-11-22', '09:45:00', 1, '202103100110147'),
(2, '2023-11-23', '09:45:00', 1, '202103100110147'),
(2, '2023-11-25', '09:45:00', 1, '202103100110147'),
(2, '2023-11-26', '09:45:00', 1, '202103100110147'),
(2, '2023-11-27', '09:45:00', 1, '202103100110147'),
(2, '2023-11-29', '09:45:00', 0, '202103100110147'),
(2, '2023-11-30', '09:45:00', 1, '202103100110147'),
(2, '2023-12-01', '09:45:00', 1, '202103100110147'),
(2, '2023-12-02', '09:45:00', 1, '202103100110147'),
(2, '2023-12-03', '09:45:00', 1, '202103100110147'),
(2, '2023-12-04', '09:45:00', 1, '202103100110147'),
(2, '2023-12-06', '09:45:00', 0, '202103100110147'),
(2, '2023-12-07', '09:45:00', 1, '202103100110147'),
(2, '2023-12-08', '09:45:00', 1, '202103100110147'),
(2, '2023-12-09', '09:45:00', 1, '202103100110147'),
(2, '2023-12-10', '09:45:00', 0, '202103100110147'),
(2, '2023-12-11', '09:45:00', 1, '202103100110147'),
(2, '2023-12-13', '09:45:00', 0, '202103100110147'),
(2, '2023-12-14', '09:45:00', 0, '202103100110147'),
(2, '2023-12-15', '09:45:00', 0, '202103100110147'),
(2, '2023-12-16', '09:45:00', 1, '202103100110147'),
(2, '2023-12-17', '09:45:00', 1, '202103100110147'),
(2, '2023-12-18', '09:45:00', 1, '202103100110147'),
(2, '2023-12-20', '09:45:00', 1, '202103100110147'),
(2, '2023-12-21', '09:45:00', 1, '202103100110147'),
(2, '2023-12-22', '09:45:00', 1, '202103100110147'),
(2, '2023-12-23', '09:45:00', 1, '202103100110147'),
(2, '2023-12-27', '09:45:00', 1, '202103100110147'),
(2, '2023-12-28', '09:45:00', 1, '202103100110147'),
(2, '2023-12-29', '09:45:00', 0, '202103100110147'),
(2, '2023-12-30', '09:45:00', 1, '202103100110147'),
(2, '2023-12-31', '09:45:00', 1, '202103100110147'),
(3, '2023-04-05', '11:00:00', 1, '202103100110134'),
(3, '2023-04-06', '11:00:00', 1, '202103100110134'),
(3, '2023-04-08', '11:00:00', 1, '202103100110134'),
(3, '2023-04-09', '13:45:00', 1, '202103100110134'),
(3, '2023-04-12', '14:45:00', 0, '202103100110134'),
(3, '2023-04-16', '11:00:00', 1, '202103100110134'),
(3, '2023-04-16', '13:45:00', 1, '202103100110134'),
(3, '2023-04-17', '08:45:00', 1, '202103100110134'),
(3, '2023-04-17', '11:00:00', 1, '202103100110134'),
(3, '2023-04-19', '11:00:00', 0, '202103100110134'),
(3, '2023-04-20', '14:45:00', 0, '202103100110134'),
(3, '2023-04-22', '11:00:00', 1, '202103100110134'),
(3, '2023-04-22', '13:45:00', 0, '202103100110134'),
(3, '2023-04-23', '11:00:00', 1, '202103100110134'),
(3, '2023-04-24', '11:00:00', 1, '202103100110134'),
(3, '2023-04-26', '11:00:00', 1, '202103100110134'),
(3, '2023-04-27', '11:00:00', 1, '202103100110134'),
(3, '2023-04-28', '11:00:00', 1, '202103100110134'),
(3, '2023-04-29', '11:00:00', 1, '202103100110134'),
(3, '2023-04-30', '11:00:00', 1, '202103100110134'),
(3, '2023-06-07', '11:00:00', 1, '202103100110134'),
(3, '2023-06-08', '11:00:00', 1, '202103100110134'),
(3, '2023-06-09', '11:00:00', 1, '202103100110134'),
(3, '2023-06-10', '11:00:00', 1, '202103100110134'),
(3, '2023-06-10', '13:45:00', 0, '202103100110134'),
(3, '2023-06-11', '11:00:00', 1, '202103100110134'),
(3, '2023-06-12', '11:00:00', 0, '202103100110134'),
(3, '2023-06-14', '11:00:00', 1, '202103100110134'),
(3, '2023-06-15', '11:00:00', 1, '202103100110134'),
(3, '2023-06-16', '11:00:00', 1, '202103100110134'),
(3, '2023-06-17', '11:00:00', 1, '202103100110134'),
(3, '2023-06-18', '11:00:00', 1, '202103100110134'),
(3, '2023-06-19', '11:00:00', 1, '202103100110134'),
(3, '2023-06-19', '14:45:00', 0, '202103100110134'),
(3, '2023-06-21', '11:00:00', 1, '202103100110134'),
(3, '2023-06-22', '11:00:00', 1, '202103100110134'),
(3, '2023-06-23', '11:00:00', 1, '202103100110134'),
(3, '2023-06-25', '09:45:00', 1, '202103100110134'),
(3, '2023-06-25', '11:00:00', 1, '202103100110134'),
(3, '2023-06-26', '09:45:00', 0, '202103100110134'),
(3, '2023-06-26', '11:00:00', 0, '202103100110134'),
(3, '2023-06-28', '11:00:00', 1, '202103100110134'),
(3, '2023-06-29', '11:00:00', 1, '202103100110134'),
(3, '2023-06-30', '11:00:00', 1, '202103100110134'),
(3, '2023-07-01', '11:00:00', 0, '202103100110134'),
(3, '2023-07-02', '11:00:00', 1, '202103100110134'),
(3, '2023-07-03', '11:00:00', 0, '202103100110134'),
(3, '2023-07-05', '11:00:00', 1, '202103100110134'),
(3, '2023-07-06', '11:00:00', 0, '202103100110134'),
(3, '2023-07-07', '11:00:00', 1, '202103100110134'),
(3, '2023-07-08', '11:00:00', 1, '202103100110134'),
(3, '2023-07-09', '11:00:00', 1, '202103100110134'),
(3, '2023-07-10', '11:00:00', 1, '202103100110134'),
(3, '2023-07-13', '11:00:00', 1, '202103100110134'),
(3, '2023-07-14', '11:00:00', 1, '202103100110134'),
(3, '2023-07-15', '11:00:00', 1, '202103100110134'),
(3, '2023-07-16', '11:00:00', 1, '202103100110134'),
(3, '2023-07-17', '11:00:00', 1, '202103100110134'),
(3, '2023-07-19', '11:00:00', 1, '202103100110134'),
(3, '2023-07-20', '11:00:00', 1, '202103100110134'),
(3, '2023-07-22', '11:00:00', 1, '202103100110134'),
(3, '2023-07-23', '11:00:00', 1, '202103100110134'),
(3, '2023-07-24', '11:00:00', 1, '202103100110134'),
(3, '2023-07-26', '11:00:00', 1, '202103100110134'),
(3, '2023-07-27', '11:00:00', 1, '202103100110134'),
(3, '2023-07-28', '11:00:00', 1, '202103100110134'),
(3, '2023-07-29', '11:00:00', 0, '202103100110134'),
(3, '2023-07-30', '11:00:00', 1, '202103100110134'),
(3, '2023-07-31', '11:00:00', 1, '202103100110134'),
(3, '2023-08-02', '11:00:00', 1, '202103100110134'),
(3, '2023-08-03', '11:00:00', 0, '202103100110134'),
(3, '2023-08-04', '11:00:00', 1, '202103100110134'),
(3, '2023-08-05', '11:00:00', 0, '202103100110134'),
(3, '2023-08-06', '11:00:00', 0, '202103100110134'),
(3, '2023-08-07', '11:00:00', 1, '202103100110134'),
(3, '2023-08-09', '11:00:00', 1, '202103100110134'),
(3, '2023-08-10', '11:00:00', 1, '202103100110134'),
(3, '2023-08-12', '11:00:00', 1, '202103100110134'),
(3, '2023-08-13', '11:00:00', 1, '202103100110134'),
(3, '2023-08-14', '11:00:00', 1, '202103100110134'),
(3, '2023-08-17', '11:00:00', 1, '202103100110134'),
(3, '2023-08-18', '11:00:00', 1, '202103100110134'),
(3, '2023-08-19', '11:00:00', 1, '202103100110134'),
(3, '2023-08-23', '11:00:00', 1, '202103100110134'),
(3, '2023-08-24', '11:00:00', 1, '202103100110134'),
(3, '2023-08-25', '11:00:00', 1, '202103100110134'),
(3, '2023-08-26', '11:00:00', 1, '202103100110134'),
(3, '2023-08-27', '11:00:00', 1, '202103100110134'),
(3, '2023-08-28', '11:00:00', 0, '202103100110134'),
(3, '2023-08-30', '11:00:00', 1, '202103100110134'),
(3, '2023-09-01', '11:00:00', 0, '202103100110134'),
(3, '2023-09-02', '11:00:00', 1, '202103100110134'),
(3, '2023-09-03', '11:00:00', 0, '202103100110134'),
(3, '2023-09-04', '11:00:00', 1, '202103100110134'),
(3, '2023-09-06', '11:00:00', 0, '202103100110134'),
(3, '2023-09-07', '11:00:00', 1, '202103100110134'),
(3, '2023-09-08', '11:00:00', 1, '202103100110134'),
(3, '2023-09-09', '11:00:00', 1, '202103100110134'),
(3, '2023-09-11', '11:00:00', 1, '202103100110134'),
(3, '2023-09-13', '11:00:00', 1, '202103100110134'),
(3, '2023-09-14', '11:00:00', 1, '202103100110134'),
(3, '2023-09-15', '11:00:00', 1, '202103100110134'),
(3, '2023-09-16', '11:00:00', 1, '202103100110134'),
(3, '2023-09-17', '11:00:00', 1, '202103100110134'),
(3, '2023-09-18', '11:00:00', 1, '202103100110134'),
(3, '2023-09-20', '11:00:00', 1, '202103100110134'),
(3, '2023-09-21', '11:00:00', 1, '202103100110134'),
(3, '2023-09-22', '11:00:00', 1, '202103100110134'),
(3, '2023-09-23', '11:00:00', 1, '202103100110134'),
(3, '2023-09-24', '11:00:00', 1, '202103100110134'),
(3, '2023-09-25', '11:00:00', 1, '202103100110134'),
(3, '2023-09-27', '11:00:00', 1, '202103100110134'),
(3, '2023-09-28', '11:00:00', 0, '202103100110134'),
(3, '2023-09-29', '11:00:00', 0, '202103100110134'),
(3, '2023-09-30', '11:00:00', 1, '202103100110134'),
(3, '2023-10-01', '11:00:00', 1, '202103100110134'),
(3, '2023-10-04', '11:00:00', 1, '202103100110134'),
(3, '2023-10-05', '11:00:00', 1, '202103100110134'),
(3, '2023-10-06', '11:00:00', 0, '202103100110134'),
(3, '2023-10-07', '11:00:00', 1, '202103100110134'),
(3, '2023-10-08', '11:00:00', 1, '202103100110134'),
(3, '2023-10-09', '11:00:00', 1, '202103100110134'),
(3, '2023-10-11', '11:00:00', 1, '202103100110134'),
(3, '2023-10-16', '11:00:00', 1, '202103100110134'),
(3, '2023-10-21', '11:00:00', 1, '202103100110134'),
(3, '2023-10-22', '11:00:00', 1, '202103100110134'),
(3, '2023-10-23', '11:00:00', 1, '202103100110134'),
(3, '2023-10-25', '11:00:00', 1, '202103100110134'),
(3, '2023-10-26', '11:00:00', 1, '202103100110134'),
(3, '2023-10-27', '11:00:00', 1, '202103100110134'),
(3, '2023-10-28', '11:00:00', 1, '202103100110134'),
(3, '2023-10-29', '11:00:00', 0, '202103100110134'),
(3, '2023-10-30', '11:00:00', 1, '202103100110134'),
(3, '2023-11-15', '11:00:00', 1, '202103100110134'),
(3, '2023-11-16', '11:00:00', 1, '202103100110134'),
(3, '2023-11-17', '11:00:00', 1, '202103100110134'),
(3, '2023-11-18', '11:00:00', 1, '202103100110134'),
(3, '2023-11-20', '11:00:00', 1, '202103100110134'),
(3, '2023-11-22', '11:00:00', 1, '202103100110134'),
(3, '2023-11-23', '11:00:00', 1, '202103100110134'),
(3, '2023-11-25', '11:00:00', 1, '202103100110134'),
(3, '2023-11-26', '11:00:00', 1, '202103100110134'),
(3, '2023-11-27', '11:00:00', 1, '202103100110134'),
(3, '2023-11-29', '11:00:00', 0, '202103100110134'),
(3, '2023-11-30', '11:00:00', 1, '202103100110134'),
(3, '2023-12-01', '11:00:00', 1, '202103100110134'),
(3, '2023-12-02', '11:00:00', 1, '202103100110134'),
(3, '2023-12-03', '11:00:00', 1, '202103100110134'),
(3, '2023-12-04', '11:00:00', 1, '202103100110134'),
(3, '2023-12-06', '11:00:00', 0, '202103100110134'),
(3, '2023-12-07', '11:00:00', 1, '202103100110134'),
(3, '2023-12-08', '11:00:00', 1, '202103100110134'),
(3, '2023-12-09', '11:00:00', 1, '202103100110134'),
(3, '2023-12-10', '11:00:00', 0, '202103100110134'),
(3, '2023-12-11', '11:00:00', 1, '202103100110134'),
(3, '2023-12-13', '11:00:00', 0, '202103100110134'),
(3, '2023-12-14', '11:00:00', 0, '202103100110134'),
(3, '2023-12-15', '11:00:00', 0, '202103100110134'),
(3, '2023-12-16', '11:00:00', 1, '202103100110134'),
(3, '2023-12-17', '11:00:00', 1, '202103100110134'),
(3, '2023-12-18', '11:00:00', 1, '202103100110134'),
(3, '2023-12-20', '11:00:00', 1, '202103100110134'),
(3, '2023-12-21', '11:00:00', 1, '202103100110134'),
(3, '2023-12-22', '11:00:00', 1, '202103100110134'),
(3, '2023-12-23', '11:00:00', 1, '202103100110134'),
(3, '2023-12-27', '11:00:00', 1, '202103100110134'),
(3, '2023-12-28', '11:00:00', 1, '202103100110134'),
(3, '2023-12-29', '11:00:00', 0, '202103100110134'),
(3, '2023-12-30', '11:00:00', 1, '202103100110134'),
(3, '2023-12-31', '11:00:00', 1, '202103100110134'),
(3, '2023-04-05', '11:00:00', 0, '202103100110141'),
(3, '2023-04-06', '11:00:00', 0, '202103100110141'),
(3, '2023-04-08', '11:00:00', 0, '202103100110141'),
(3, '2023-04-09', '13:45:00', 1, '202103100110141'),
(3, '2023-04-12', '14:45:00', 1, '202103100110141'),
(3, '2023-04-16', '11:00:00', 1, '202103100110141'),
(3, '2023-04-16', '13:45:00', 1, '202103100110141'),
(3, '2023-04-17', '08:45:00', 1, '202103100110141'),
(3, '2023-04-17', '11:00:00', 1, '202103100110141'),
(3, '2023-04-19', '11:00:00', 0, '202103100110141'),
(3, '2023-04-20', '14:45:00', 1, '202103100110141'),
(3, '2023-04-22', '11:00:00', 0, '202103100110141'),
(3, '2023-04-22', '13:45:00', 1, '202103100110141'),
(3, '2023-04-23', '11:00:00', 0, '202103100110141'),
(3, '2023-04-24', '11:00:00', 0, '202103100110141'),
(3, '2023-04-26', '11:00:00', 0, '202103100110141'),
(3, '2023-04-27', '11:00:00', 0, '202103100110141'),
(3, '2023-04-28', '11:00:00', 0, '202103100110141'),
(3, '2023-04-29', '11:00:00', 0, '202103100110141'),
(3, '2023-04-30', '11:00:00', 1, '202103100110141'),
(3, '2023-06-07', '11:00:00', 0, '202103100110141'),
(3, '2023-06-08', '11:00:00', 0, '202103100110141'),
(3, '2023-06-09', '11:00:00', 0, '202103100110141'),
(3, '2023-06-10', '11:00:00', 0, '202103100110141'),
(3, '2023-06-10', '13:45:00', 1, '202103100110141'),
(3, '2023-06-11', '11:00:00', 0, '202103100110141'),
(3, '2023-06-12', '11:00:00', 0, '202103100110141'),
(3, '2023-06-14', '11:00:00', 0, '202103100110141'),
(3, '2023-06-15', '11:00:00', 1, '202103100110141'),
(3, '2023-06-16', '11:00:00', 0, '202103100110141'),
(3, '2023-06-17', '11:00:00', 1, '202103100110141'),
(3, '2023-06-18', '11:00:00', 0, '202103100110141'),
(3, '2023-06-19', '11:00:00', 0, '202103100110141'),
(3, '2023-06-19', '14:45:00', 1, '202103100110141'),
(3, '2023-06-21', '11:00:00', 0, '202103100110141'),
(3, '2023-06-22', '11:00:00', 0, '202103100110141'),
(3, '2023-06-23', '11:00:00', 0, '202103100110141'),
(3, '2023-06-25', '09:45:00', 1, '202103100110141'),
(3, '2023-06-25', '11:00:00', 0, '202103100110141'),
(3, '2023-06-26', '09:45:00', 0, '202103100110141'),
(3, '2023-06-26', '11:00:00', 0, '202103100110141'),
(3, '2023-06-28', '11:00:00', 0, '202103100110141'),
(3, '2023-06-29', '11:00:00', 0, '202103100110141'),
(3, '2023-06-30', '11:00:00', 1, '202103100110141'),
(3, '2023-07-01', '11:00:00', 0, '202103100110141'),
(3, '2023-07-02', '11:00:00', 1, '202103100110141'),
(3, '2023-07-03', '11:00:00', 0, '202103100110141'),
(3, '2023-07-05', '11:00:00', 1, '202103100110141'),
(3, '2023-07-06', '11:00:00', 0, '202103100110141'),
(3, '2023-07-07', '11:00:00', 1, '202103100110141'),
(3, '2023-07-08', '11:00:00', 1, '202103100110141'),
(3, '2023-07-09', '11:00:00', 0, '202103100110141'),
(3, '2023-07-10', '11:00:00', 0, '202103100110141'),
(3, '2023-07-13', '11:00:00', 0, '202103100110141'),
(3, '2023-07-14', '11:00:00', 0, '202103100110141'),
(3, '2023-07-15', '11:00:00', 0, '202103100110141'),
(3, '2023-07-16', '11:00:00', 0, '202103100110141'),
(3, '2023-07-17', '11:00:00', 0, '202103100110141'),
(3, '2023-07-19', '11:00:00', 0, '202103100110141'),
(3, '2023-07-20', '11:00:00', 0, '202103100110141'),
(3, '2023-07-22', '11:00:00', 0, '202103100110141'),
(3, '2023-07-23', '11:00:00', 0, '202103100110141'),
(3, '2023-07-24', '11:00:00', 0, '202103100110141'),
(3, '2023-07-26', '11:00:00', 0, '202103100110141'),
(3, '2023-07-27', '11:00:00', 1, '202103100110141'),
(3, '2023-07-28', '11:00:00', 0, '202103100110141'),
(3, '2023-07-29', '11:00:00', 0, '202103100110141'),
(3, '2023-07-30', '11:00:00', 0, '202103100110141'),
(3, '2023-07-31', '11:00:00', 0, '202103100110141'),
(3, '2023-08-02', '11:00:00', 0, '202103100110141'),
(3, '2023-08-03', '11:00:00', 0, '202103100110141'),
(3, '2023-08-04', '11:00:00', 1, '202103100110141'),
(3, '2023-08-05', '11:00:00', 0, '202103100110141'),
(3, '2023-08-06', '11:00:00', 0, '202103100110141'),
(3, '2023-08-07', '11:00:00', 1, '202103100110141'),
(3, '2023-08-09', '11:00:00', 0, '202103100110141'),
(3, '2023-08-10', '11:00:00', 0, '202103100110141');
INSERT INTO `attendance` (`cse_id`, `att_date`, `att_time`, `att_status`, `stud_id`) VALUES
(3, '2023-08-12', '11:00:00', 1, '202103100110141'),
(3, '2023-08-13', '11:00:00', 0, '202103100110141'),
(3, '2023-08-14', '11:00:00', 0, '202103100110141'),
(3, '2023-08-17', '11:00:00', 0, '202103100110141'),
(3, '2023-08-18', '11:00:00', 1, '202103100110141'),
(3, '2023-08-19', '11:00:00', 0, '202103100110141'),
(3, '2023-08-23', '11:00:00', 0, '202103100110141'),
(3, '2023-08-24', '11:00:00', 0, '202103100110141'),
(3, '2023-08-25', '11:00:00', 0, '202103100110141'),
(3, '2023-08-26', '11:00:00', 0, '202103100110141'),
(3, '2023-08-27', '11:00:00', 1, '202103100110141'),
(3, '2023-08-28', '11:00:00', 0, '202103100110141'),
(3, '2023-08-30', '11:00:00', 0, '202103100110141'),
(3, '2023-09-01', '11:00:00', 0, '202103100110141'),
(3, '2023-09-02', '11:00:00', 1, '202103100110141'),
(3, '2023-09-03', '11:00:00', 0, '202103100110141'),
(3, '2023-09-04', '11:00:00', 1, '202103100110141'),
(3, '2023-09-06', '11:00:00', 0, '202103100110141'),
(3, '2023-09-07', '11:00:00', 1, '202103100110141'),
(3, '2023-09-08', '11:00:00', 1, '202103100110141'),
(3, '2023-09-09', '11:00:00', 0, '202103100110141'),
(3, '2023-09-11', '11:00:00', 0, '202103100110141'),
(3, '2023-09-13', '11:00:00', 0, '202103100110141'),
(3, '2023-09-14', '11:00:00', 0, '202103100110141'),
(3, '2023-09-15', '11:00:00', 0, '202103100110141'),
(3, '2023-09-16', '11:00:00', 0, '202103100110141'),
(3, '2023-09-17', '11:00:00', 0, '202103100110141'),
(3, '2023-09-18', '11:00:00', 0, '202103100110141'),
(3, '2023-09-20', '11:00:00', 0, '202103100110141'),
(3, '2023-09-21', '11:00:00', 0, '202103100110141'),
(3, '2023-09-22', '11:00:00', 0, '202103100110141'),
(3, '2023-09-23', '11:00:00', 0, '202103100110141'),
(3, '2023-09-24', '11:00:00', 0, '202103100110141'),
(3, '2023-09-25', '11:00:00', 1, '202103100110141'),
(3, '2023-09-27', '11:00:00', 1, '202103100110141'),
(3, '2023-09-28', '11:00:00', 0, '202103100110141'),
(3, '2023-09-29', '11:00:00', 0, '202103100110141'),
(3, '2023-09-30', '11:00:00', 0, '202103100110141'),
(3, '2023-10-01', '11:00:00', 0, '202103100110141'),
(3, '2023-10-04', '11:00:00', 0, '202103100110141'),
(3, '2023-10-05', '11:00:00', 1, '202103100110141'),
(3, '2023-10-06', '11:00:00', 0, '202103100110141'),
(3, '2023-10-07', '11:00:00', 1, '202103100110141'),
(3, '2023-10-08', '11:00:00', 1, '202103100110141'),
(3, '2023-10-09', '11:00:00', 0, '202103100110141'),
(3, '2023-10-11', '11:00:00', 0, '202103100110141'),
(3, '2023-10-16', '11:00:00', 0, '202103100110141'),
(3, '2023-10-21', '11:00:00', 0, '202103100110141'),
(3, '2023-10-22', '11:00:00', 0, '202103100110141'),
(3, '2023-10-23', '11:00:00', 0, '202103100110141'),
(3, '2023-10-25', '11:00:00', 0, '202103100110141'),
(3, '2023-10-26', '11:00:00', 0, '202103100110141'),
(3, '2023-10-27', '11:00:00', 1, '202103100110141'),
(3, '2023-10-28', '11:00:00', 0, '202103100110141'),
(3, '2023-10-29', '11:00:00', 0, '202103100110141'),
(3, '2023-10-30', '11:00:00', 0, '202103100110141'),
(3, '2023-11-15', '11:00:00', 0, '202103100110141'),
(3, '2023-11-16', '11:00:00', 0, '202103100110141'),
(3, '2023-11-17', '11:00:00', 0, '202103100110141'),
(3, '2023-11-18', '11:00:00', 0, '202103100110141'),
(3, '2023-11-20', '11:00:00', 0, '202103100110141'),
(3, '2023-11-22', '11:00:00', 0, '202103100110141'),
(3, '2023-11-23', '11:00:00', 0, '202103100110141'),
(3, '2023-11-25', '11:00:00', 0, '202103100110141'),
(3, '2023-11-26', '11:00:00', 0, '202103100110141'),
(3, '2023-11-27', '11:00:00', 1, '202103100110141'),
(3, '2023-11-29', '11:00:00', 0, '202103100110141'),
(3, '2023-11-30', '11:00:00', 0, '202103100110141'),
(3, '2023-12-01', '11:00:00', 0, '202103100110141'),
(3, '2023-12-02', '11:00:00', 0, '202103100110141'),
(3, '2023-12-03', '11:00:00', 0, '202103100110141'),
(3, '2023-12-04', '11:00:00', 0, '202103100110141'),
(3, '2023-12-06', '11:00:00', 0, '202103100110141'),
(3, '2023-12-07', '11:00:00', 1, '202103100110141'),
(3, '2023-12-08', '11:00:00', 1, '202103100110141'),
(3, '2023-12-09', '11:00:00', 0, '202103100110141'),
(3, '2023-12-10', '11:00:00', 0, '202103100110141'),
(3, '2023-12-11', '11:00:00', 0, '202103100110141'),
(3, '2023-12-13', '11:00:00', 0, '202103100110141'),
(3, '2023-12-14', '11:00:00', 0, '202103100110141'),
(3, '2023-12-15', '11:00:00', 0, '202103100110141'),
(3, '2023-12-16', '11:00:00', 0, '202103100110141'),
(3, '2023-12-17', '11:00:00', 0, '202103100110141'),
(3, '2023-12-18', '11:00:00', 0, '202103100110141'),
(3, '2023-12-20', '11:00:00', 0, '202103100110141'),
(3, '2023-12-21', '11:00:00', 0, '202103100110141'),
(3, '2023-12-22', '11:00:00', 0, '202103100110141'),
(3, '2023-12-23', '11:00:00', 0, '202103100110141'),
(3, '2023-12-27', '11:00:00', 1, '202103100110141'),
(3, '2023-12-28', '11:00:00', 0, '202103100110141'),
(3, '2023-12-29', '11:00:00', 0, '202103100110141'),
(3, '2023-12-30', '11:00:00', 0, '202103100110141'),
(3, '2023-12-31', '11:00:00', 0, '202103100110141'),
(3, '2023-04-05', '11:00:00', 0, '202103100110143'),
(3, '2023-04-06', '11:00:00', 1, '202103100110143'),
(3, '2023-04-08', '11:00:00', 0, '202103100110143'),
(3, '2023-04-09', '13:45:00', 1, '202103100110143'),
(3, '2023-04-12', '14:45:00', 0, '202103100110143'),
(3, '2023-04-16', '11:00:00', 1, '202103100110143'),
(3, '2023-04-16', '13:45:00', 1, '202103100110143'),
(3, '2023-04-17', '08:45:00', 1, '202103100110143'),
(3, '2023-04-17', '11:00:00', 1, '202103100110143'),
(3, '2023-04-19', '11:00:00', 0, '202103100110143'),
(3, '2023-04-20', '14:45:00', 0, '202103100110143'),
(3, '2023-04-22', '11:00:00', 1, '202103100110143'),
(3, '2023-04-22', '13:45:00', 0, '202103100110143'),
(3, '2023-04-23', '11:00:00', 0, '202103100110143'),
(3, '2023-04-24', '11:00:00', 0, '202103100110143'),
(3, '2023-04-26', '11:00:00', 0, '202103100110143'),
(3, '2023-04-27', '11:00:00', 0, '202103100110143'),
(3, '2023-04-28', '11:00:00', 0, '202103100110143'),
(3, '2023-04-29', '11:00:00', 1, '202103100110143'),
(3, '2023-04-30', '11:00:00', 1, '202103100110143'),
(3, '2023-06-07', '11:00:00', 1, '202103100110143'),
(3, '2023-06-08', '11:00:00', 0, '202103100110143'),
(3, '2023-06-09', '11:00:00', 0, '202103100110143'),
(3, '2023-06-10', '11:00:00', 0, '202103100110143'),
(3, '2023-06-10', '13:45:00', 0, '202103100110143'),
(3, '2023-06-11', '11:00:00', 0, '202103100110143'),
(3, '2023-06-12', '11:00:00', 0, '202103100110143'),
(3, '2023-06-14', '11:00:00', 0, '202103100110143'),
(3, '2023-06-15', '11:00:00', 1, '202103100110143'),
(3, '2023-06-16', '11:00:00', 0, '202103100110143'),
(3, '2023-06-17', '11:00:00', 1, '202103100110143'),
(3, '2023-06-18', '11:00:00', 1, '202103100110143'),
(3, '2023-06-19', '11:00:00', 0, '202103100110143'),
(3, '2023-06-19', '14:45:00', 0, '202103100110143'),
(3, '2023-06-21', '11:00:00', 0, '202103100110143'),
(3, '2023-06-22', '11:00:00', 0, '202103100110143'),
(3, '2023-06-23', '11:00:00', 0, '202103100110143'),
(3, '2023-06-25', '09:45:00', 0, '202103100110143'),
(3, '2023-06-25', '11:00:00', 0, '202103100110143'),
(3, '2023-06-26', '09:45:00', 0, '202103100110143'),
(3, '2023-06-26', '11:00:00', 0, '202103100110143'),
(3, '2023-06-28', '11:00:00', 0, '202103100110143'),
(3, '2023-06-29', '11:00:00', 0, '202103100110143'),
(3, '2023-06-30', '11:00:00', 1, '202103100110143'),
(3, '2023-07-01', '11:00:00', 0, '202103100110143'),
(3, '2023-07-02', '11:00:00', 1, '202103100110143'),
(3, '2023-07-03', '11:00:00', 0, '202103100110143'),
(3, '2023-07-05', '11:00:00', 1, '202103100110143'),
(3, '2023-07-06', '11:00:00', 0, '202103100110143'),
(3, '2023-07-07', '11:00:00', 1, '202103100110143'),
(3, '2023-07-08', '11:00:00', 1, '202103100110143'),
(3, '2023-07-09', '11:00:00', 1, '202103100110143'),
(3, '2023-07-10', '11:00:00', 0, '202103100110143'),
(3, '2023-07-13', '11:00:00', 0, '202103100110143'),
(3, '2023-07-14', '11:00:00', 0, '202103100110143'),
(3, '2023-07-15', '11:00:00', 0, '202103100110143'),
(3, '2023-07-16', '11:00:00', 0, '202103100110143'),
(3, '2023-07-17', '11:00:00', 0, '202103100110143'),
(3, '2023-07-19', '11:00:00', 0, '202103100110143'),
(3, '2023-07-20', '11:00:00', 0, '202103100110143'),
(3, '2023-07-22', '11:00:00', 0, '202103100110143'),
(3, '2023-07-23', '11:00:00', 0, '202103100110143'),
(3, '2023-07-24', '11:00:00', 0, '202103100110143'),
(3, '2023-07-26', '11:00:00', 1, '202103100110143'),
(3, '2023-07-27', '11:00:00', 0, '202103100110143'),
(3, '2023-07-28', '11:00:00', 0, '202103100110143'),
(3, '2023-07-29', '11:00:00', 0, '202103100110143'),
(3, '2023-07-30', '11:00:00', 0, '202103100110143'),
(3, '2023-07-31', '11:00:00', 0, '202103100110143'),
(3, '2023-08-02', '11:00:00', 1, '202103100110143'),
(3, '2023-08-03', '11:00:00', 0, '202103100110143'),
(3, '2023-08-04', '11:00:00', 1, '202103100110143'),
(3, '2023-08-05', '11:00:00', 0, '202103100110143'),
(3, '2023-08-06', '11:00:00', 0, '202103100110143'),
(3, '2023-08-07', '11:00:00', 1, '202103100110143'),
(3, '2023-08-09', '11:00:00', 1, '202103100110143'),
(3, '2023-08-10', '11:00:00', 0, '202103100110143'),
(3, '2023-08-12', '11:00:00', 1, '202103100110143'),
(3, '2023-08-13', '11:00:00', 0, '202103100110143'),
(3, '2023-08-14', '11:00:00', 0, '202103100110143'),
(3, '2023-08-17', '11:00:00', 0, '202103100110143'),
(3, '2023-08-18', '11:00:00', 1, '202103100110143'),
(3, '2023-08-19', '11:00:00', 0, '202103100110143'),
(3, '2023-08-23', '11:00:00', 0, '202103100110143'),
(3, '2023-08-24', '11:00:00', 0, '202103100110143'),
(3, '2023-08-25', '11:00:00', 0, '202103100110143'),
(3, '2023-08-26', '11:00:00', 1, '202103100110143'),
(3, '2023-08-27', '11:00:00', 0, '202103100110143'),
(3, '2023-08-28', '11:00:00', 0, '202103100110143'),
(3, '2023-08-30', '11:00:00', 0, '202103100110143'),
(3, '2023-09-01', '11:00:00', 0, '202103100110143'),
(3, '2023-09-02', '11:00:00', 1, '202103100110143'),
(3, '2023-09-03', '11:00:00', 0, '202103100110143'),
(3, '2023-09-04', '11:00:00', 1, '202103100110143'),
(3, '2023-09-06', '11:00:00', 0, '202103100110143'),
(3, '2023-09-07', '11:00:00', 1, '202103100110143'),
(3, '2023-09-08', '11:00:00', 1, '202103100110143'),
(3, '2023-09-09', '11:00:00', 1, '202103100110143'),
(3, '2023-09-11', '11:00:00', 0, '202103100110143'),
(3, '2023-09-13', '11:00:00', 0, '202103100110143'),
(3, '2023-09-14', '11:00:00', 0, '202103100110143'),
(3, '2023-09-15', '11:00:00', 0, '202103100110143'),
(3, '2023-09-16', '11:00:00', 0, '202103100110143'),
(3, '2023-09-17', '11:00:00', 0, '202103100110143'),
(3, '2023-09-18', '11:00:00', 0, '202103100110143'),
(3, '2023-09-20', '11:00:00', 0, '202103100110143'),
(3, '2023-09-21', '11:00:00', 0, '202103100110143'),
(3, '2023-09-22', '11:00:00', 0, '202103100110143'),
(3, '2023-09-23', '11:00:00', 0, '202103100110143'),
(3, '2023-09-24', '11:00:00', 0, '202103100110143'),
(3, '2023-09-25', '11:00:00', 1, '202103100110143'),
(3, '2023-09-27', '11:00:00', 0, '202103100110143'),
(3, '2023-09-28', '11:00:00', 0, '202103100110143'),
(3, '2023-09-29', '11:00:00', 0, '202103100110143'),
(3, '2023-09-30', '11:00:00', 0, '202103100110143'),
(3, '2023-10-01', '11:00:00', 0, '202103100110143'),
(3, '2023-10-04', '11:00:00', 1, '202103100110143'),
(3, '2023-10-05', '11:00:00', 1, '202103100110143'),
(3, '2023-10-06', '11:00:00', 0, '202103100110143'),
(3, '2023-10-07', '11:00:00', 1, '202103100110143'),
(3, '2023-10-08', '11:00:00', 1, '202103100110143'),
(3, '2023-10-09', '11:00:00', 1, '202103100110143'),
(3, '2023-10-11', '11:00:00', 0, '202103100110143'),
(3, '2023-10-16', '11:00:00', 0, '202103100110143'),
(3, '2023-10-21', '11:00:00', 0, '202103100110143'),
(3, '2023-10-22', '11:00:00', 0, '202103100110143'),
(3, '2023-10-23', '11:00:00', 0, '202103100110143'),
(3, '2023-10-25', '11:00:00', 0, '202103100110143'),
(3, '2023-10-26', '11:00:00', 1, '202103100110143'),
(3, '2023-10-27', '11:00:00', 0, '202103100110143'),
(3, '2023-10-28', '11:00:00', 0, '202103100110143'),
(3, '2023-10-29', '11:00:00', 0, '202103100110143'),
(3, '2023-10-30', '11:00:00', 0, '202103100110143'),
(3, '2023-11-15', '11:00:00', 0, '202103100110143'),
(3, '2023-11-16', '11:00:00', 0, '202103100110143'),
(3, '2023-11-17', '11:00:00', 0, '202103100110143'),
(3, '2023-11-18', '11:00:00', 0, '202103100110143'),
(3, '2023-11-20', '11:00:00', 0, '202103100110143'),
(3, '2023-11-22', '11:00:00', 0, '202103100110143'),
(3, '2023-11-23', '11:00:00', 0, '202103100110143'),
(3, '2023-11-25', '11:00:00', 0, '202103100110143'),
(3, '2023-11-26', '11:00:00', 1, '202103100110143'),
(3, '2023-11-27', '11:00:00', 0, '202103100110143'),
(3, '2023-11-29', '11:00:00', 0, '202103100110143'),
(3, '2023-11-30', '11:00:00', 0, '202103100110143'),
(3, '2023-12-01', '11:00:00', 0, '202103100110143'),
(3, '2023-12-02', '11:00:00', 0, '202103100110143'),
(3, '2023-12-03', '11:00:00', 0, '202103100110143'),
(3, '2023-12-04', '11:00:00', 1, '202103100110143'),
(3, '2023-12-06', '11:00:00', 0, '202103100110143'),
(3, '2023-12-07', '11:00:00', 1, '202103100110143'),
(3, '2023-12-08', '11:00:00', 1, '202103100110143'),
(3, '2023-12-09', '11:00:00', 1, '202103100110143'),
(3, '2023-12-10', '11:00:00', 0, '202103100110143'),
(3, '2023-12-11', '11:00:00', 0, '202103100110143'),
(3, '2023-12-13', '11:00:00', 0, '202103100110143'),
(3, '2023-12-14', '11:00:00', 0, '202103100110143'),
(3, '2023-12-15', '11:00:00', 0, '202103100110143'),
(3, '2023-12-16', '11:00:00', 0, '202103100110143'),
(3, '2023-12-17', '11:00:00', 0, '202103100110143'),
(3, '2023-12-18', '11:00:00', 0, '202103100110143'),
(3, '2023-12-20', '11:00:00', 0, '202103100110143'),
(3, '2023-12-21', '11:00:00', 0, '202103100110143'),
(3, '2023-12-22', '11:00:00', 0, '202103100110143'),
(3, '2023-12-23', '11:00:00', 0, '202103100110143'),
(3, '2023-12-27', '11:00:00', 0, '202103100110143'),
(3, '2023-12-28', '11:00:00', 0, '202103100110143'),
(3, '2023-12-29', '11:00:00', 0, '202103100110143'),
(3, '2023-12-30', '11:00:00', 0, '202103100110143'),
(3, '2023-12-31', '11:00:00', 0, '202103100110143'),
(3, '2023-04-05', '11:00:00', 1, '202103100110145'),
(3, '2023-04-06', '11:00:00', 1, '202103100110145'),
(3, '2023-04-08', '11:00:00', 1, '202103100110145'),
(3, '2023-04-09', '13:45:00', 1, '202103100110145'),
(3, '2023-04-12', '14:45:00', 1, '202103100110145'),
(3, '2023-04-16', '11:00:00', 1, '202103100110145'),
(3, '2023-04-16', '13:45:00', 1, '202103100110145'),
(3, '2023-04-17', '08:45:00', 1, '202103100110145'),
(3, '2023-04-17', '11:00:00', 1, '202103100110145'),
(3, '2023-04-19', '11:00:00', 0, '202103100110145'),
(3, '2023-04-20', '14:45:00', 1, '202103100110145'),
(3, '2023-04-22', '11:00:00', 1, '202103100110145'),
(3, '2023-04-22', '13:45:00', 1, '202103100110145'),
(3, '2023-04-23', '11:00:00', 1, '202103100110145'),
(3, '2023-04-24', '11:00:00', 1, '202103100110145'),
(3, '2023-04-26', '11:00:00', 1, '202103100110145'),
(3, '2023-04-27', '11:00:00', 1, '202103100110145'),
(3, '2023-04-28', '11:00:00', 1, '202103100110145'),
(3, '2023-04-29', '11:00:00', 1, '202103100110145'),
(3, '2023-04-30', '11:00:00', 1, '202103100110145'),
(3, '2023-06-07', '11:00:00', 1, '202103100110145'),
(3, '2023-06-08', '11:00:00', 1, '202103100110145'),
(3, '2023-06-09', '11:00:00', 1, '202103100110145'),
(3, '2023-06-10', '11:00:00', 1, '202103100110145'),
(3, '2023-06-10', '13:45:00', 1, '202103100110145'),
(3, '2023-06-11', '11:00:00', 1, '202103100110145'),
(3, '2023-06-12', '11:00:00', 1, '202103100110145'),
(3, '2023-06-14', '11:00:00', 1, '202103100110145'),
(3, '2023-06-15', '11:00:00', 1, '202103100110145'),
(3, '2023-06-16', '11:00:00', 1, '202103100110145'),
(3, '2023-06-17', '11:00:00', 1, '202103100110145'),
(3, '2023-06-18', '11:00:00', 1, '202103100110145'),
(3, '2023-06-19', '11:00:00', 1, '202103100110145'),
(3, '2023-06-19', '14:45:00', 1, '202103100110145'),
(3, '2023-06-21', '11:00:00', 1, '202103100110145'),
(3, '2023-06-22', '11:00:00', 1, '202103100110145'),
(3, '2023-06-23', '11:00:00', 1, '202103100110145'),
(3, '2023-06-25', '09:45:00', 1, '202103100110145'),
(3, '2023-06-25', '11:00:00', 1, '202103100110145'),
(3, '2023-06-26', '09:45:00', 0, '202103100110145'),
(3, '2023-06-26', '11:00:00', 0, '202103100110145'),
(3, '2023-06-28', '11:00:00', 1, '202103100110145'),
(3, '2023-06-29', '11:00:00', 1, '202103100110145'),
(3, '2023-06-30', '11:00:00', 1, '202103100110145'),
(3, '2023-07-01', '11:00:00', 0, '202103100110145'),
(3, '2023-07-02', '11:00:00', 1, '202103100110145'),
(3, '2023-07-03', '11:00:00', 0, '202103100110145'),
(3, '2023-07-05', '11:00:00', 1, '202103100110145'),
(3, '2023-07-06', '11:00:00', 0, '202103100110145'),
(3, '2023-07-07', '11:00:00', 1, '202103100110145'),
(3, '2023-07-08', '11:00:00', 1, '202103100110145'),
(3, '2023-07-09', '11:00:00', 1, '202103100110145'),
(3, '2023-07-10', '11:00:00', 1, '202103100110145'),
(3, '2023-07-13', '11:00:00', 1, '202103100110145'),
(3, '2023-07-14', '11:00:00', 1, '202103100110145'),
(3, '2023-07-15', '11:00:00', 1, '202103100110145'),
(3, '2023-07-16', '11:00:00', 1, '202103100110145'),
(3, '2023-07-17', '11:00:00', 1, '202103100110145'),
(3, '2023-07-19', '11:00:00', 1, '202103100110145'),
(3, '2023-07-20', '11:00:00', 1, '202103100110145'),
(3, '2023-07-22', '11:00:00', 1, '202103100110145'),
(3, '2023-07-23', '11:00:00', 1, '202103100110145'),
(3, '2023-07-24', '11:00:00', 1, '202103100110145'),
(3, '2023-07-26', '11:00:00', 0, '202103100110145'),
(3, '2023-07-27', '11:00:00', 1, '202103100110145'),
(3, '2023-07-28', '11:00:00', 1, '202103100110145'),
(3, '2023-07-29', '11:00:00', 0, '202103100110145'),
(3, '2023-07-30', '11:00:00', 1, '202103100110145'),
(3, '2023-07-31', '11:00:00', 1, '202103100110145'),
(3, '2023-08-02', '11:00:00', 1, '202103100110145'),
(3, '2023-08-03', '11:00:00', 0, '202103100110145'),
(3, '2023-08-04', '11:00:00', 1, '202103100110145'),
(3, '2023-08-05', '11:00:00', 0, '202103100110145'),
(3, '2023-08-06', '11:00:00', 0, '202103100110145'),
(3, '2023-08-07', '11:00:00', 1, '202103100110145'),
(3, '2023-08-09', '11:00:00', 1, '202103100110145'),
(3, '2023-08-10', '11:00:00', 1, '202103100110145'),
(3, '2023-08-12', '11:00:00', 1, '202103100110145'),
(3, '2023-08-13', '11:00:00', 1, '202103100110145'),
(3, '2023-08-14', '11:00:00', 1, '202103100110145'),
(3, '2023-08-17', '11:00:00', 1, '202103100110145'),
(3, '2023-08-18', '11:00:00', 1, '202103100110145'),
(3, '2023-08-19', '11:00:00', 1, '202103100110145'),
(3, '2023-08-23', '11:00:00', 1, '202103100110145'),
(3, '2023-08-24', '11:00:00', 1, '202103100110145'),
(3, '2023-08-25', '11:00:00', 1, '202103100110145'),
(3, '2023-08-26', '11:00:00', 0, '202103100110145'),
(3, '2023-08-27', '11:00:00', 1, '202103100110145'),
(3, '2023-08-28', '11:00:00', 0, '202103100110145'),
(3, '2023-08-30', '11:00:00', 1, '202103100110145'),
(3, '2023-09-01', '11:00:00', 0, '202103100110145'),
(3, '2023-09-02', '11:00:00', 1, '202103100110145'),
(3, '2023-09-03', '11:00:00', 0, '202103100110145'),
(3, '2023-09-04', '11:00:00', 1, '202103100110145'),
(3, '2023-09-06', '11:00:00', 0, '202103100110145'),
(3, '2023-09-07', '11:00:00', 1, '202103100110145'),
(3, '2023-09-08', '11:00:00', 1, '202103100110145'),
(3, '2023-09-09', '11:00:00', 1, '202103100110145'),
(3, '2023-09-11', '11:00:00', 1, '202103100110145'),
(3, '2023-09-13', '11:00:00', 1, '202103100110145'),
(3, '2023-09-14', '11:00:00', 1, '202103100110145'),
(3, '2023-09-15', '11:00:00', 1, '202103100110145'),
(3, '2023-09-16', '11:00:00', 1, '202103100110145'),
(3, '2023-09-17', '11:00:00', 1, '202103100110145'),
(3, '2023-09-18', '11:00:00', 1, '202103100110145'),
(3, '2023-09-20', '11:00:00', 1, '202103100110145'),
(3, '2023-09-21', '11:00:00', 1, '202103100110145'),
(3, '2023-09-22', '11:00:00', 1, '202103100110145'),
(3, '2023-09-23', '11:00:00', 1, '202103100110145'),
(3, '2023-09-24', '11:00:00', 1, '202103100110145'),
(3, '2023-09-25', '11:00:00', 1, '202103100110145'),
(3, '2023-09-27', '11:00:00', 1, '202103100110145'),
(3, '2023-09-28', '11:00:00', 1, '202103100110145'),
(3, '2023-09-29', '11:00:00', 0, '202103100110145'),
(3, '2023-09-30', '11:00:00', 1, '202103100110145'),
(3, '2023-10-01', '11:00:00', 1, '202103100110145'),
(3, '2023-10-04', '11:00:00', 1, '202103100110145'),
(3, '2023-10-05', '11:00:00', 1, '202103100110145'),
(3, '2023-10-06', '11:00:00', 0, '202103100110145'),
(3, '2023-10-07', '11:00:00', 1, '202103100110145'),
(3, '2023-10-08', '11:00:00', 1, '202103100110145'),
(3, '2023-10-09', '11:00:00', 1, '202103100110145'),
(3, '2023-10-11', '11:00:00', 1, '202103100110145'),
(3, '2023-10-16', '11:00:00', 1, '202103100110145'),
(3, '2023-10-21', '11:00:00', 1, '202103100110145'),
(3, '2023-10-22', '11:00:00', 1, '202103100110145'),
(3, '2023-10-23', '11:00:00', 1, '202103100110145'),
(3, '2023-10-25', '11:00:00', 1, '202103100110145'),
(3, '2023-10-26', '11:00:00', 0, '202103100110145'),
(3, '2023-10-27', '11:00:00', 1, '202103100110145'),
(3, '2023-10-28', '11:00:00', 1, '202103100110145'),
(3, '2023-10-29', '11:00:00', 0, '202103100110145'),
(3, '2023-10-30', '11:00:00', 1, '202103100110145'),
(3, '2023-11-15', '11:00:00', 1, '202103100110145'),
(3, '2023-11-16', '11:00:00', 1, '202103100110145'),
(3, '2023-11-17', '11:00:00', 1, '202103100110145'),
(3, '2023-11-18', '11:00:00', 1, '202103100110145'),
(3, '2023-11-20', '11:00:00', 1, '202103100110145'),
(3, '2023-11-22', '11:00:00', 1, '202103100110145'),
(3, '2023-11-23', '11:00:00', 1, '202103100110145'),
(3, '2023-11-25', '11:00:00', 1, '202103100110145'),
(3, '2023-11-26', '11:00:00', 0, '202103100110145'),
(3, '2023-11-27', '11:00:00', 1, '202103100110145'),
(3, '2023-11-29', '11:00:00', 0, '202103100110145'),
(3, '2023-11-30', '11:00:00', 1, '202103100110145'),
(3, '2023-12-01', '11:00:00', 1, '202103100110145'),
(3, '2023-12-02', '11:00:00', 1, '202103100110145'),
(3, '2023-12-03', '11:00:00', 1, '202103100110145'),
(3, '2023-12-04', '11:00:00', 1, '202103100110145'),
(3, '2023-12-06', '11:00:00', 0, '202103100110145'),
(3, '2023-12-07', '11:00:00', 1, '202103100110145'),
(3, '2023-12-08', '11:00:00', 1, '202103100110145'),
(3, '2023-12-09', '11:00:00', 1, '202103100110145'),
(3, '2023-12-10', '11:00:00', 0, '202103100110145'),
(3, '2023-12-11', '11:00:00', 1, '202103100110145'),
(3, '2023-12-13', '11:00:00', 0, '202103100110145'),
(3, '2023-12-14', '11:00:00', 0, '202103100110145'),
(3, '2023-12-15', '11:00:00', 0, '202103100110145'),
(3, '2023-12-16', '11:00:00', 1, '202103100110145'),
(3, '2023-12-17', '11:00:00', 1, '202103100110145'),
(3, '2023-12-18', '11:00:00', 1, '202103100110145'),
(3, '2023-12-20', '11:00:00', 1, '202103100110145'),
(3, '2023-12-21', '11:00:00', 1, '202103100110145'),
(3, '2023-12-22', '11:00:00', 1, '202103100110145'),
(3, '2023-12-23', '11:00:00', 1, '202103100110145'),
(3, '2023-12-27', '11:00:00', 1, '202103100110145'),
(3, '2023-12-28', '11:00:00', 1, '202103100110145'),
(3, '2023-12-29', '11:00:00', 0, '202103100110145'),
(3, '2023-12-30', '11:00:00', 1, '202103100110145'),
(3, '2023-12-31', '11:00:00', 1, '202103100110145'),
(3, '2023-04-05', '11:00:00', 0, '202103100110147'),
(3, '2023-04-06', '11:00:00', 0, '202103100110147'),
(3, '2023-04-08', '11:00:00', 1, '202103100110147'),
(3, '2023-04-09', '13:45:00', 1, '202103100110147'),
(3, '2023-04-12', '14:45:00', 0, '202103100110147'),
(3, '2023-04-16', '11:00:00', 1, '202103100110147'),
(3, '2023-04-16', '13:45:00', 1, '202103100110147'),
(3, '2023-04-17', '08:45:00', 1, '202103100110147'),
(3, '2023-04-17', '11:00:00', 1, '202103100110147'),
(3, '2023-04-19', '11:00:00', 0, '202103100110147'),
(3, '2023-04-20', '14:45:00', 0, '202103100110147'),
(3, '2023-04-22', '11:00:00', 1, '202103100110147'),
(3, '2023-04-22', '13:45:00', 1, '202103100110147'),
(3, '2023-04-23', '11:00:00', 0, '202103100110147'),
(3, '2023-04-24', '11:00:00', 0, '202103100110147'),
(3, '2023-04-26', '11:00:00', 0, '202103100110147'),
(3, '2023-04-27', '11:00:00', 0, '202103100110147'),
(3, '2023-04-28', '11:00:00', 0, '202103100110147'),
(3, '2023-04-29', '11:00:00', 1, '202103100110147'),
(3, '2023-04-30', '11:00:00', 1, '202103100110147'),
(3, '2023-06-07', '11:00:00', 0, '202103100110147'),
(3, '2023-06-08', '11:00:00', 0, '202103100110147'),
(3, '2023-06-09', '11:00:00', 0, '202103100110147'),
(3, '2023-06-10', '11:00:00', 0, '202103100110147'),
(3, '2023-06-10', '13:45:00', 1, '202103100110147'),
(3, '2023-06-11', '11:00:00', 0, '202103100110147'),
(3, '2023-06-12', '11:00:00', 0, '202103100110147'),
(3, '2023-06-14', '11:00:00', 0, '202103100110147'),
(3, '2023-06-15', '11:00:00', 1, '202103100110147'),
(3, '2023-06-16', '11:00:00', 0, '202103100110147'),
(3, '2023-06-17', '11:00:00', 1, '202103100110147'),
(3, '2023-06-18', '11:00:00', 1, '202103100110147'),
(3, '2023-06-19', '11:00:00', 0, '202103100110147'),
(3, '2023-06-19', '14:45:00', 0, '202103100110147'),
(3, '2023-06-21', '11:00:00', 0, '202103100110147'),
(3, '2023-06-22', '11:00:00', 0, '202103100110147'),
(3, '2023-06-23', '11:00:00', 0, '202103100110147'),
(3, '2023-06-25', '09:45:00', 1, '202103100110147'),
(3, '2023-06-25', '11:00:00', 1, '202103100110147'),
(3, '2023-06-26', '09:45:00', 0, '202103100110147'),
(3, '2023-06-26', '11:00:00', 0, '202103100110147'),
(3, '2023-06-28', '11:00:00', 0, '202103100110147'),
(3, '2023-06-29', '11:00:00', 0, '202103100110147'),
(3, '2023-06-30', '11:00:00', 1, '202103100110147'),
(3, '2023-07-01', '11:00:00', 0, '202103100110147'),
(3, '2023-07-02', '11:00:00', 1, '202103100110147'),
(3, '2023-07-03', '11:00:00', 0, '202103100110147'),
(3, '2023-07-05', '11:00:00', 1, '202103100110147'),
(3, '2023-07-06', '11:00:00', 0, '202103100110147'),
(3, '2023-07-07', '11:00:00', 1, '202103100110147'),
(3, '2023-07-08', '11:00:00', 1, '202103100110147'),
(3, '2023-07-09', '11:00:00', 1, '202103100110147'),
(3, '2023-07-10', '11:00:00', 0, '202103100110147'),
(3, '2023-07-13', '11:00:00', 0, '202103100110147'),
(3, '2023-07-14', '11:00:00', 0, '202103100110147'),
(3, '2023-07-15', '11:00:00', 0, '202103100110147'),
(3, '2023-07-16', '11:00:00', 0, '202103100110147'),
(3, '2023-07-17', '11:00:00', 0, '202103100110147'),
(3, '2023-07-19', '11:00:00', 0, '202103100110147'),
(3, '2023-07-20', '11:00:00', 0, '202103100110147'),
(3, '2023-07-22', '11:00:00', 0, '202103100110147'),
(3, '2023-07-23', '11:00:00', 0, '202103100110147'),
(3, '2023-07-24', '11:00:00', 0, '202103100110147'),
(3, '2023-07-26', '11:00:00', 1, '202103100110147'),
(3, '2023-07-27', '11:00:00', 0, '202103100110147'),
(3, '2023-07-28', '11:00:00', 0, '202103100110147'),
(3, '2023-07-29', '11:00:00', 0, '202103100110147'),
(3, '2023-07-30', '11:00:00', 0, '202103100110147'),
(3, '2023-07-31', '11:00:00', 0, '202103100110147'),
(3, '2023-08-02', '11:00:00', 0, '202103100110147'),
(3, '2023-08-03', '11:00:00', 0, '202103100110147'),
(3, '2023-08-04', '11:00:00', 1, '202103100110147'),
(3, '2023-08-05', '11:00:00', 0, '202103100110147'),
(3, '2023-08-06', '11:00:00', 0, '202103100110147'),
(3, '2023-08-07', '11:00:00', 1, '202103100110147'),
(3, '2023-08-09', '11:00:00', 1, '202103100110147'),
(3, '2023-08-10', '11:00:00', 0, '202103100110147'),
(3, '2023-08-12', '11:00:00', 1, '202103100110147'),
(3, '2023-08-13', '11:00:00', 0, '202103100110147'),
(3, '2023-08-14', '11:00:00', 0, '202103100110147'),
(3, '2023-08-17', '11:00:00', 0, '202103100110147'),
(3, '2023-08-18', '11:00:00', 1, '202103100110147'),
(3, '2023-08-19', '11:00:00', 0, '202103100110147'),
(3, '2023-08-23', '11:00:00', 0, '202103100110147'),
(3, '2023-08-24', '11:00:00', 0, '202103100110147'),
(3, '2023-08-25', '11:00:00', 0, '202103100110147'),
(3, '2023-08-26', '11:00:00', 1, '202103100110147'),
(3, '2023-08-27', '11:00:00', 0, '202103100110147'),
(3, '2023-08-28', '11:00:00', 0, '202103100110147'),
(3, '2023-08-30', '11:00:00', 0, '202103100110147'),
(3, '2023-09-01', '11:00:00', 0, '202103100110147'),
(3, '2023-09-02', '11:00:00', 1, '202103100110147'),
(3, '2023-09-03', '11:00:00', 0, '202103100110147'),
(3, '2023-09-04', '11:00:00', 1, '202103100110147'),
(3, '2023-09-06', '11:00:00', 0, '202103100110147'),
(3, '2023-09-07', '11:00:00', 1, '202103100110147'),
(3, '2023-09-08', '11:00:00', 1, '202103100110147'),
(3, '2023-09-09', '11:00:00', 1, '202103100110147'),
(3, '2023-09-11', '11:00:00', 0, '202103100110147'),
(3, '2023-09-13', '11:00:00', 0, '202103100110147'),
(3, '2023-09-14', '11:00:00', 0, '202103100110147'),
(3, '2023-09-15', '11:00:00', 0, '202103100110147'),
(3, '2023-09-16', '11:00:00', 0, '202103100110147'),
(3, '2023-09-17', '11:00:00', 0, '202103100110147'),
(3, '2023-09-18', '11:00:00', 0, '202103100110147'),
(3, '2023-09-20', '11:00:00', 0, '202103100110147'),
(3, '2023-09-21', '11:00:00', 0, '202103100110147'),
(3, '2023-09-22', '11:00:00', 0, '202103100110147'),
(3, '2023-09-23', '11:00:00', 0, '202103100110147'),
(3, '2023-09-24', '11:00:00', 0, '202103100110147'),
(3, '2023-09-25', '11:00:00', 1, '202103100110147'),
(3, '2023-09-27', '11:00:00', 0, '202103100110147'),
(3, '2023-09-28', '11:00:00', 0, '202103100110147'),
(3, '2023-09-29', '11:00:00', 0, '202103100110147'),
(3, '2023-09-30', '11:00:00', 0, '202103100110147'),
(3, '2023-10-01', '11:00:00', 0, '202103100110147'),
(3, '2023-10-04', '11:00:00', 0, '202103100110147'),
(3, '2023-10-05', '11:00:00', 1, '202103100110147'),
(3, '2023-10-06', '11:00:00', 0, '202103100110147'),
(3, '2023-10-07', '11:00:00', 1, '202103100110147'),
(3, '2023-10-08', '11:00:00', 1, '202103100110147'),
(3, '2023-10-09', '11:00:00', 1, '202103100110147'),
(3, '2023-10-11', '11:00:00', 0, '202103100110147'),
(3, '2023-10-16', '11:00:00', 0, '202103100110147'),
(3, '2023-10-21', '11:00:00', 0, '202103100110147'),
(3, '2023-10-22', '11:00:00', 0, '202103100110147'),
(3, '2023-10-23', '11:00:00', 0, '202103100110147'),
(3, '2023-10-25', '11:00:00', 0, '202103100110147'),
(3, '2023-10-26', '11:00:00', 1, '202103100110147'),
(3, '2023-10-27', '11:00:00', 0, '202103100110147'),
(3, '2023-10-28', '11:00:00', 0, '202103100110147'),
(3, '2023-10-29', '11:00:00', 0, '202103100110147'),
(3, '2023-10-30', '11:00:00', 0, '202103100110147'),
(3, '2023-11-15', '11:00:00', 0, '202103100110147'),
(3, '2023-11-16', '11:00:00', 0, '202103100110147'),
(3, '2023-11-17', '11:00:00', 0, '202103100110147'),
(3, '2023-11-18', '11:00:00', 0, '202103100110147'),
(3, '2023-11-20', '11:00:00', 0, '202103100110147'),
(3, '2023-11-22', '11:00:00', 0, '202103100110147'),
(3, '2023-11-23', '11:00:00', 0, '202103100110147'),
(3, '2023-11-25', '11:00:00', 0, '202103100110147'),
(3, '2023-11-26', '11:00:00', 1, '202103100110147'),
(3, '2023-11-27', '11:00:00', 0, '202103100110147'),
(3, '2023-11-29', '11:00:00', 0, '202103100110147'),
(3, '2023-11-30', '11:00:00', 0, '202103100110147'),
(3, '2023-12-01', '11:00:00', 0, '202103100110147'),
(3, '2023-12-02', '11:00:00', 0, '202103100110147'),
(3, '2023-12-03', '11:00:00', 0, '202103100110147'),
(3, '2023-12-04', '11:00:00', 0, '202103100110147'),
(3, '2023-12-06', '11:00:00', 0, '202103100110147'),
(3, '2023-12-07', '11:00:00', 1, '202103100110147'),
(3, '2023-12-08', '11:00:00', 1, '202103100110147'),
(3, '2023-12-09', '11:00:00', 1, '202103100110147'),
(3, '2023-12-10', '11:00:00', 0, '202103100110147'),
(3, '2023-12-11', '11:00:00', 0, '202103100110147'),
(3, '2023-12-13', '11:00:00', 0, '202103100110147'),
(3, '2023-12-14', '11:00:00', 0, '202103100110147'),
(3, '2023-12-15', '11:00:00', 0, '202103100110147'),
(3, '2023-12-16', '11:00:00', 0, '202103100110147'),
(3, '2023-12-17', '11:00:00', 0, '202103100110147'),
(3, '2023-12-18', '11:00:00', 0, '202103100110147'),
(3, '2023-12-20', '11:00:00', 0, '202103100110147'),
(3, '2023-12-21', '11:00:00', 0, '202103100110147'),
(3, '2023-12-22', '11:00:00', 0, '202103100110147'),
(3, '2023-12-23', '11:00:00', 0, '202103100110147'),
(3, '2023-12-27', '11:00:00', 0, '202103100110147'),
(3, '2023-12-28', '11:00:00', 0, '202103100110147'),
(3, '2023-12-29', '11:00:00', 0, '202103100110147'),
(3, '2023-12-30', '11:00:00', 0, '202103100110147'),
(3, '2023-12-31', '11:00:00', 0, '202103100110147'),
(4, '2023-04-05', '12:05:00', 0, '202103100110134'),
(4, '2023-04-06', '12:05:00', 0, '202103100110134'),
(4, '2023-04-08', '12:05:00', 0, '202103100110134'),
(4, '2023-04-08', '13:45:00', 0, '202103100110134'),
(4, '2023-04-09', '12:05:00', 1, '202103100110134'),
(4, '2023-04-10', '11:00:00', 1, '202103100110134'),
(4, '2023-04-10', '12:05:00', 0, '202103100110134'),
(4, '2023-04-12', '11:00:00', 1, '202103100110134'),
(4, '2023-04-12', '12:05:00', 0, '202103100110134'),
(4, '2023-04-16', '12:05:00', 1, '202103100110134'),
(4, '2023-04-17', '12:05:00', 1, '202103100110134'),
(4, '2023-04-19', '12:05:00', 0, '202103100110134'),
(4, '2023-04-22', '12:05:00', 1, '202103100110134'),
(4, '2023-04-23', '12:05:00', 0, '202103100110134'),
(4, '2023-04-24', '12:05:00', 0, '202103100110134'),
(4, '2023-04-26', '12:05:00', 0, '202103100110134'),
(4, '2023-04-27', '12:05:00', 0, '202103100110134'),
(4, '2023-04-28', '12:05:00', 0, '202103100110134'),
(4, '2023-04-29', '12:05:00', 1, '202103100110134'),
(4, '2023-04-30', '12:05:00', 1, '202103100110134'),
(4, '2023-06-07', '12:05:00', 1, '202103100110134'),
(4, '2023-06-07', '13:45:00', 0, '202103100110134'),
(4, '2023-06-08', '12:05:00', 0, '202103100110134'),
(4, '2023-06-08', '13:45:00', 0, '202103100110134'),
(4, '2023-06-09', '12:05:00', 0, '202103100110134'),
(4, '2023-06-10', '12:05:00', 0, '202103100110134'),
(4, '2023-06-11', '12:05:00', 0, '202103100110134'),
(4, '2023-06-12', '12:05:00', 0, '202103100110134'),
(4, '2023-06-14', '12:05:00', 0, '202103100110134'),
(4, '2023-06-15', '12:05:00', 1, '202103100110134'),
(4, '2023-06-16', '12:05:00', 0, '202103100110134'),
(4, '2023-06-17', '12:05:00', 1, '202103100110134'),
(4, '2023-06-18', '12:05:00', 0, '202103100110134'),
(4, '2023-06-18', '13:45:00', 0, '202103100110134'),
(4, '2023-06-19', '12:05:00', 0, '202103100110134'),
(4, '2023-06-21', '12:05:00', 0, '202103100110134'),
(4, '2023-06-22', '12:05:00', 0, '202103100110134'),
(4, '2023-06-23', '12:05:00', 0, '202103100110134'),
(4, '2023-06-23', '13:45:00', 0, '202103100110134'),
(4, '2023-06-24', '12:05:00', 0, '202103100110134'),
(4, '2023-06-25', '12:05:00', 1, '202103100110134'),
(4, '2023-06-26', '12:05:00', 0, '202103100110134'),
(4, '2023-06-26', '14:45:00', 0, '202103100110134'),
(4, '2023-06-28', '12:05:00', 0, '202103100110134'),
(4, '2023-06-29', '12:05:00', 0, '202103100110134'),
(4, '2023-06-30', '12:05:00', 0, '202103100110134'),
(4, '2023-07-01', '12:05:00', 0, '202103100110134'),
(4, '2023-07-02', '12:05:00', 1, '202103100110134'),
(4, '2023-07-03', '12:05:00', 0, '202103100110134'),
(4, '2023-07-05', '12:05:00', 1, '202103100110134'),
(4, '2023-07-06', '12:05:00', 0, '202103100110134'),
(4, '2023-07-07', '12:05:00', 1, '202103100110134'),
(4, '2023-07-08', '12:05:00', 1, '202103100110134'),
(4, '2023-07-09', '12:05:00', 0, '202103100110134'),
(4, '2023-07-10', '12:05:00', 0, '202103100110134'),
(4, '2023-07-13', '12:05:00', 0, '202103100110134'),
(4, '2023-07-14', '12:05:00', 0, '202103100110134'),
(4, '2023-07-15', '12:05:00', 0, '202103100110134'),
(4, '2023-07-16', '12:05:00', 0, '202103100110134'),
(4, '2023-07-17', '12:05:00', 0, '202103100110134'),
(4, '2023-07-19', '12:05:00', 0, '202103100110134'),
(4, '2023-07-20', '12:05:00', 0, '202103100110134'),
(4, '2023-07-22', '12:05:00', 0, '202103100110134'),
(4, '2023-07-23', '12:05:00', 1, '202103100110134'),
(4, '2023-07-24', '12:05:00', 1, '202103100110134'),
(4, '2023-07-26', '12:05:00', 0, '202103100110134'),
(4, '2023-07-27', '12:05:00', 0, '202103100110134'),
(4, '2023-07-28', '12:05:00', 0, '202103100110134'),
(4, '2023-07-29', '12:05:00', 0, '202103100110134'),
(4, '2023-07-30', '12:05:00', 0, '202103100110134'),
(4, '2023-07-31', '12:05:00', 0, '202103100110134'),
(4, '2023-08-02', '12:05:00', 1, '202103100110134'),
(4, '2023-08-03', '12:05:00', 0, '202103100110134'),
(4, '2023-08-04', '12:05:00', 1, '202103100110134'),
(4, '2023-08-05', '12:05:00', 0, '202103100110134'),
(4, '2023-08-06', '12:05:00', 0, '202103100110134'),
(4, '2023-08-07', '12:05:00', 1, '202103100110134'),
(4, '2023-08-09', '12:05:00', 0, '202103100110134'),
(4, '2023-08-10', '12:05:00', 0, '202103100110134'),
(4, '2023-08-12', '12:05:00', 1, '202103100110134'),
(4, '2023-08-13', '12:05:00', 0, '202103100110134'),
(4, '2023-08-14', '12:05:00', 0, '202103100110134'),
(4, '2023-08-17', '12:05:00', 0, '202103100110134'),
(4, '2023-08-18', '12:05:00', 1, '202103100110134'),
(4, '2023-08-19', '12:05:00', 0, '202103100110134'),
(4, '2023-08-23', '12:05:00', 1, '202103100110134'),
(4, '2023-08-24', '12:05:00', 1, '202103100110134'),
(4, '2023-08-25', '12:05:00', 0, '202103100110134'),
(4, '2023-08-26', '12:05:00', 0, '202103100110134'),
(4, '2023-08-27', '12:05:00', 0, '202103100110134'),
(4, '2023-08-28', '12:05:00', 0, '202103100110134'),
(4, '2023-08-30', '12:05:00', 0, '202103100110134'),
(4, '2023-09-01', '12:05:00', 0, '202103100110134'),
(4, '2023-09-02', '12:05:00', 1, '202103100110134'),
(4, '2023-09-03', '12:05:00', 0, '202103100110134'),
(4, '2023-09-04', '12:05:00', 1, '202103100110134'),
(4, '2023-09-06', '12:05:00', 0, '202103100110134'),
(4, '2023-09-07', '12:05:00', 1, '202103100110134'),
(4, '2023-09-08', '12:05:00', 1, '202103100110134'),
(4, '2023-09-09', '12:05:00', 0, '202103100110134'),
(4, '2023-09-11', '12:05:00', 0, '202103100110134'),
(4, '2023-09-13', '12:05:00', 0, '202103100110134'),
(4, '2023-09-14', '12:05:00', 0, '202103100110134'),
(4, '2023-09-15', '12:05:00', 0, '202103100110134'),
(4, '2023-09-16', '12:05:00', 0, '202103100110134'),
(4, '2023-09-17', '12:05:00', 0, '202103100110134'),
(4, '2023-09-18', '12:05:00', 0, '202103100110134'),
(4, '2023-09-20', '12:05:00', 0, '202103100110134'),
(4, '2023-09-21', '12:05:00', 0, '202103100110134'),
(4, '2023-09-22', '12:05:00', 0, '202103100110134'),
(4, '2023-09-23', '12:05:00', 1, '202103100110134'),
(4, '2023-09-24', '12:05:00', 1, '202103100110134'),
(4, '2023-09-25', '12:05:00', 1, '202103100110134'),
(4, '2023-09-27', '12:05:00', 0, '202103100110134'),
(4, '2023-09-28', '12:05:00', 0, '202103100110134'),
(4, '2023-09-29', '12:05:00', 0, '202103100110134'),
(4, '2023-09-30', '12:05:00', 0, '202103100110134'),
(4, '2023-10-01', '12:05:00', 0, '202103100110134'),
(4, '2023-10-04', '12:05:00', 1, '202103100110134'),
(4, '2023-10-05', '12:05:00', 1, '202103100110134'),
(4, '2023-10-06', '12:05:00', 0, '202103100110134'),
(4, '2023-10-07', '12:05:00', 1, '202103100110134'),
(4, '2023-10-08', '12:05:00', 1, '202103100110134'),
(4, '2023-10-09', '12:05:00', 0, '202103100110134'),
(4, '2023-10-11', '12:05:00', 0, '202103100110134'),
(4, '2023-10-16', '12:05:00', 0, '202103100110134'),
(4, '2023-10-21', '12:05:00', 1, '202103100110134'),
(4, '2023-10-22', '12:05:00', 0, '202103100110134'),
(4, '2023-10-23', '12:05:00', 1, '202103100110134'),
(4, '2023-10-25', '12:05:00', 0, '202103100110134'),
(4, '2023-10-26', '12:05:00', 0, '202103100110134'),
(4, '2023-10-27', '12:05:00', 0, '202103100110134'),
(4, '2023-10-28', '12:05:00', 0, '202103100110134'),
(4, '2023-10-29', '12:05:00', 0, '202103100110134'),
(4, '2023-10-30', '12:05:00', 0, '202103100110134'),
(4, '2023-11-15', '12:05:00', 0, '202103100110134'),
(4, '2023-11-16', '12:05:00', 0, '202103100110134'),
(4, '2023-11-17', '12:05:00', 0, '202103100110134'),
(4, '2023-11-18', '12:05:00', 0, '202103100110134'),
(4, '2023-11-20', '12:05:00', 0, '202103100110134'),
(4, '2023-11-22', '12:05:00', 0, '202103100110134'),
(4, '2023-11-23', '12:05:00', 1, '202103100110134'),
(4, '2023-11-25', '12:05:00', 0, '202103100110134'),
(4, '2023-11-26', '12:05:00', 0, '202103100110134'),
(4, '2023-11-27', '12:05:00', 0, '202103100110134'),
(4, '2023-11-29', '12:05:00', 0, '202103100110134'),
(4, '2023-11-30', '12:05:00', 0, '202103100110134'),
(4, '2023-12-01', '12:05:00', 0, '202103100110134'),
(4, '2023-12-02', '12:05:00', 0, '202103100110134'),
(4, '2023-12-03', '12:05:00', 0, '202103100110134'),
(4, '2023-12-04', '12:05:00', 1, '202103100110134'),
(4, '2023-12-06', '12:05:00', 0, '202103100110134'),
(4, '2023-12-07', '12:05:00', 1, '202103100110134'),
(4, '2023-12-08', '12:05:00', 1, '202103100110134'),
(4, '2023-12-09', '12:05:00', 0, '202103100110134'),
(4, '2023-12-10', '12:05:00', 0, '202103100110134'),
(4, '2023-12-11', '12:05:00', 0, '202103100110134'),
(4, '2023-12-13', '12:05:00', 0, '202103100110134'),
(4, '2023-12-14', '12:05:00', 0, '202103100110134'),
(4, '2023-12-15', '12:05:00', 0, '202103100110134'),
(4, '2023-12-16', '12:05:00', 0, '202103100110134'),
(4, '2023-12-17', '12:05:00', 0, '202103100110134'),
(4, '2023-12-18', '12:05:00', 0, '202103100110134'),
(4, '2023-12-20', '12:05:00', 0, '202103100110134'),
(4, '2023-12-21', '12:05:00', 1, '202103100110134'),
(4, '2023-12-22', '12:05:00', 0, '202103100110134'),
(4, '2023-12-23', '12:05:00', 1, '202103100110134'),
(4, '2023-12-27', '12:05:00', 0, '202103100110134'),
(4, '2023-12-28', '12:05:00', 0, '202103100110134'),
(4, '2023-12-29', '12:05:00', 0, '202103100110134'),
(4, '2023-12-30', '12:05:00', 0, '202103100110134'),
(4, '2023-12-31', '12:05:00', 0, '202103100110134'),
(4, '2023-04-05', '12:05:00', 0, '202103100110141'),
(4, '2023-04-06', '12:05:00', 0, '202103100110141'),
(4, '2023-04-08', '12:05:00', 0, '202103100110141'),
(4, '2023-04-08', '13:45:00', 0, '202103100110141'),
(4, '2023-04-09', '12:05:00', 1, '202103100110141'),
(4, '2023-04-10', '11:00:00', 0, '202103100110141'),
(4, '2023-04-10', '12:05:00', 0, '202103100110141'),
(4, '2023-04-12', '11:00:00', 0, '202103100110141'),
(4, '2023-04-12', '12:05:00', 0, '202103100110141'),
(4, '2023-04-16', '12:05:00', 1, '202103100110141'),
(4, '2023-04-17', '12:05:00', 1, '202103100110141'),
(4, '2023-04-19', '12:05:00', 0, '202103100110141'),
(4, '2023-04-22', '12:05:00', 1, '202103100110141'),
(4, '2023-04-23', '12:05:00', 0, '202103100110141'),
(4, '2023-04-24', '12:05:00', 0, '202103100110141'),
(4, '2023-04-26', '12:05:00', 0, '202103100110141'),
(4, '2023-04-27', '12:05:00', 0, '202103100110141'),
(4, '2023-04-28', '12:05:00', 0, '202103100110141'),
(4, '2023-04-29', '12:05:00', 1, '202103100110141'),
(4, '2023-04-30', '12:05:00', 1, '202103100110141'),
(4, '2023-06-07', '12:05:00', 1, '202103100110141'),
(4, '2023-06-07', '13:45:00', 1, '202103100110141'),
(4, '2023-06-08', '12:05:00', 0, '202103100110141'),
(4, '2023-06-08', '13:45:00', 1, '202103100110141'),
(4, '2023-06-09', '12:05:00', 0, '202103100110141'),
(4, '2023-06-10', '12:05:00', 0, '202103100110141'),
(4, '2023-06-11', '12:05:00', 0, '202103100110141'),
(4, '2023-06-12', '12:05:00', 0, '202103100110141'),
(4, '2023-06-14', '12:05:00', 0, '202103100110141'),
(4, '2023-06-15', '12:05:00', 1, '202103100110141'),
(4, '2023-06-16', '12:05:00', 1, '202103100110141'),
(4, '2023-06-17', '12:05:00', 1, '202103100110141'),
(4, '2023-06-18', '12:05:00', 0, '202103100110141'),
(4, '2023-06-18', '13:45:00', 1, '202103100110141'),
(4, '2023-06-19', '12:05:00', 0, '202103100110141'),
(4, '2023-06-21', '12:05:00', 0, '202103100110141'),
(4, '2023-06-22', '12:05:00', 0, '202103100110141'),
(4, '2023-06-23', '12:05:00', 0, '202103100110141'),
(4, '2023-06-23', '13:45:00', 1, '202103100110141'),
(4, '2023-06-24', '12:05:00', 0, '202103100110141'),
(4, '2023-06-25', '12:05:00', 1, '202103100110141'),
(4, '2023-06-26', '12:05:00', 0, '202103100110141'),
(4, '2023-06-26', '14:45:00', 0, '202103100110141'),
(4, '2023-06-28', '12:05:00', 0, '202103100110141'),
(4, '2023-06-29', '12:05:00', 0, '202103100110141'),
(4, '2023-06-30', '12:05:00', 0, '202103100110141'),
(4, '2023-07-01', '12:05:00', 0, '202103100110141'),
(4, '2023-07-02', '12:05:00', 1, '202103100110141'),
(4, '2023-07-03', '12:05:00', 0, '202103100110141'),
(4, '2023-07-05', '12:05:00', 1, '202103100110141'),
(4, '2023-07-06', '12:05:00', 0, '202103100110141'),
(4, '2023-07-07', '12:05:00', 1, '202103100110141'),
(4, '2023-07-08', '12:05:00', 1, '202103100110141'),
(4, '2023-07-09', '12:05:00', 0, '202103100110141'),
(4, '2023-07-10', '12:05:00', 0, '202103100110141'),
(4, '2023-07-13', '12:05:00', 0, '202103100110141'),
(4, '2023-07-14', '12:05:00', 0, '202103100110141'),
(4, '2023-07-15', '12:05:00', 0, '202103100110141'),
(4, '2023-07-16', '12:05:00', 0, '202103100110141'),
(4, '2023-07-17', '12:05:00', 0, '202103100110141'),
(4, '2023-07-19', '12:05:00', 0, '202103100110141'),
(4, '2023-07-20', '12:05:00', 0, '202103100110141'),
(4, '2023-07-22', '12:05:00', 0, '202103100110141'),
(4, '2023-07-23', '12:05:00', 0, '202103100110141'),
(4, '2023-07-24', '12:05:00', 0, '202103100110141'),
(4, '2023-07-26', '12:05:00', 0, '202103100110141'),
(4, '2023-07-27', '12:05:00', 0, '202103100110141'),
(4, '2023-07-28', '12:05:00', 0, '202103100110141'),
(4, '2023-07-29', '12:05:00', 0, '202103100110141'),
(4, '2023-07-30', '12:05:00', 0, '202103100110141'),
(4, '2023-07-31', '12:05:00', 0, '202103100110141'),
(4, '2023-08-02', '12:05:00', 1, '202103100110141'),
(4, '2023-08-03', '12:05:00', 0, '202103100110141'),
(4, '2023-08-04', '12:05:00', 1, '202103100110141'),
(4, '2023-08-05', '12:05:00', 0, '202103100110141'),
(4, '2023-08-06', '12:05:00', 0, '202103100110141'),
(4, '2023-08-07', '12:05:00', 1, '202103100110141'),
(4, '2023-08-09', '12:05:00', 0, '202103100110141'),
(4, '2023-08-10', '12:05:00', 0, '202103100110141'),
(4, '2023-08-12', '12:05:00', 1, '202103100110141'),
(4, '2023-08-13', '12:05:00', 0, '202103100110141'),
(4, '2023-08-14', '12:05:00', 0, '202103100110141'),
(4, '2023-08-17', '12:05:00', 0, '202103100110141'),
(4, '2023-08-18', '12:05:00', 1, '202103100110141'),
(4, '2023-08-19', '12:05:00', 0, '202103100110141'),
(4, '2023-08-23', '12:05:00', 0, '202103100110141'),
(4, '2023-08-24', '12:05:00', 0, '202103100110141'),
(4, '2023-08-25', '12:05:00', 0, '202103100110141'),
(4, '2023-08-26', '12:05:00', 0, '202103100110141'),
(4, '2023-08-27', '12:05:00', 0, '202103100110141'),
(4, '2023-08-28', '12:05:00', 0, '202103100110141'),
(4, '2023-08-30', '12:05:00', 0, '202103100110141'),
(4, '2023-09-01', '12:05:00', 0, '202103100110141'),
(4, '2023-09-02', '12:05:00', 1, '202103100110141'),
(4, '2023-09-03', '12:05:00', 0, '202103100110141'),
(4, '2023-09-04', '12:05:00', 1, '202103100110141'),
(4, '2023-09-06', '12:05:00', 0, '202103100110141'),
(4, '2023-09-07', '12:05:00', 1, '202103100110141'),
(4, '2023-09-08', '12:05:00', 1, '202103100110141'),
(4, '2023-09-09', '12:05:00', 0, '202103100110141'),
(4, '2023-09-11', '12:05:00', 0, '202103100110141'),
(4, '2023-09-13', '12:05:00', 0, '202103100110141'),
(4, '2023-09-14', '12:05:00', 0, '202103100110141'),
(4, '2023-09-15', '12:05:00', 0, '202103100110141'),
(4, '2023-09-16', '12:05:00', 0, '202103100110141'),
(4, '2023-09-17', '12:05:00', 0, '202103100110141'),
(4, '2023-09-18', '12:05:00', 0, '202103100110141'),
(4, '2023-09-20', '12:05:00', 0, '202103100110141'),
(4, '2023-09-21', '12:05:00', 0, '202103100110141'),
(4, '2023-09-22', '12:05:00', 0, '202103100110141'),
(4, '2023-09-23', '12:05:00', 0, '202103100110141'),
(4, '2023-09-24', '12:05:00', 0, '202103100110141'),
(4, '2023-09-25', '12:05:00', 1, '202103100110141'),
(4, '2023-09-27', '12:05:00', 0, '202103100110141'),
(4, '2023-09-28', '12:05:00', 0, '202103100110141'),
(4, '2023-09-29', '12:05:00', 0, '202103100110141'),
(4, '2023-09-30', '12:05:00', 0, '202103100110141'),
(4, '2023-10-01', '12:05:00', 0, '202103100110141'),
(4, '2023-10-04', '12:05:00', 1, '202103100110141'),
(4, '2023-10-05', '12:05:00', 1, '202103100110141'),
(4, '2023-10-06', '12:05:00', 0, '202103100110141'),
(4, '2023-10-07', '12:05:00', 1, '202103100110141'),
(4, '2023-10-08', '12:05:00', 1, '202103100110141'),
(4, '2023-10-09', '12:05:00', 0, '202103100110141'),
(4, '2023-10-11', '12:05:00', 0, '202103100110141'),
(4, '2023-10-16', '12:05:00', 0, '202103100110141'),
(4, '2023-10-21', '12:05:00', 0, '202103100110141'),
(4, '2023-10-22', '12:05:00', 0, '202103100110141'),
(4, '2023-10-23', '12:05:00', 0, '202103100110141'),
(4, '2023-10-25', '12:05:00', 0, '202103100110141'),
(4, '2023-10-26', '12:05:00', 0, '202103100110141'),
(4, '2023-10-27', '12:05:00', 0, '202103100110141'),
(4, '2023-10-28', '12:05:00', 0, '202103100110141'),
(4, '2023-10-29', '12:05:00', 0, '202103100110141'),
(4, '2023-10-30', '12:05:00', 0, '202103100110141'),
(4, '2023-11-15', '12:05:00', 0, '202103100110141'),
(4, '2023-11-16', '12:05:00', 0, '202103100110141'),
(4, '2023-11-17', '12:05:00', 0, '202103100110141'),
(4, '2023-11-18', '12:05:00', 0, '202103100110141'),
(4, '2023-11-20', '12:05:00', 0, '202103100110141'),
(4, '2023-11-22', '12:05:00', 0, '202103100110141'),
(4, '2023-11-23', '12:05:00', 0, '202103100110141'),
(4, '2023-11-25', '12:05:00', 0, '202103100110141'),
(4, '2023-11-26', '12:05:00', 0, '202103100110141'),
(4, '2023-11-27', '12:05:00', 0, '202103100110141'),
(4, '2023-11-29', '12:05:00', 0, '202103100110141'),
(4, '2023-11-30', '12:05:00', 0, '202103100110141'),
(4, '2023-12-01', '12:05:00', 0, '202103100110141'),
(4, '2023-12-02', '12:05:00', 0, '202103100110141'),
(4, '2023-12-03', '12:05:00', 0, '202103100110141'),
(4, '2023-12-04', '12:05:00', 1, '202103100110141'),
(4, '2023-12-06', '12:05:00', 0, '202103100110141'),
(4, '2023-12-07', '12:05:00', 1, '202103100110141'),
(4, '2023-12-08', '12:05:00', 1, '202103100110141'),
(4, '2023-12-09', '12:05:00', 0, '202103100110141'),
(4, '2023-12-10', '12:05:00', 0, '202103100110141'),
(4, '2023-12-11', '12:05:00', 0, '202103100110141'),
(4, '2023-12-13', '12:05:00', 0, '202103100110141'),
(4, '2023-12-14', '12:05:00', 0, '202103100110141'),
(4, '2023-12-15', '12:05:00', 0, '202103100110141'),
(4, '2023-12-16', '12:05:00', 0, '202103100110141'),
(4, '2023-12-17', '12:05:00', 0, '202103100110141'),
(4, '2023-12-18', '12:05:00', 0, '202103100110141'),
(4, '2023-12-20', '12:05:00', 0, '202103100110141'),
(4, '2023-12-21', '12:05:00', 0, '202103100110141'),
(4, '2023-12-22', '12:05:00', 0, '202103100110141'),
(4, '2023-12-23', '12:05:00', 0, '202103100110141'),
(4, '2023-12-27', '12:05:00', 0, '202103100110141'),
(4, '2023-12-28', '12:05:00', 0, '202103100110141'),
(4, '2023-12-29', '12:05:00', 0, '202103100110141'),
(4, '2023-12-30', '12:05:00', 0, '202103100110141'),
(4, '2023-12-31', '12:05:00', 0, '202103100110141'),
(4, '2023-04-05', '12:05:00', 0, '202103100110143'),
(4, '2023-04-06', '12:05:00', 0, '202103100110143'),
(4, '2023-04-08', '12:05:00', 0, '202103100110143'),
(4, '2023-04-08', '13:45:00', 0, '202103100110143'),
(4, '2023-04-09', '12:05:00', 1, '202103100110143'),
(4, '2023-04-10', '11:00:00', 0, '202103100110143'),
(4, '2023-04-10', '12:05:00', 0, '202103100110143'),
(4, '2023-04-12', '11:00:00', 0, '202103100110143'),
(4, '2023-04-12', '12:05:00', 0, '202103100110143'),
(4, '2023-04-16', '12:05:00', 1, '202103100110143'),
(4, '2023-04-17', '12:05:00', 1, '202103100110143'),
(4, '2023-04-19', '12:05:00', 0, '202103100110143'),
(4, '2023-04-22', '12:05:00', 1, '202103100110143'),
(4, '2023-04-23', '12:05:00', 0, '202103100110143'),
(4, '2023-04-24', '12:05:00', 0, '202103100110143'),
(4, '2023-04-26', '12:05:00', 0, '202103100110143'),
(4, '2023-04-27', '12:05:00', 0, '202103100110143'),
(4, '2023-04-28', '12:05:00', 0, '202103100110143'),
(4, '2023-04-29', '12:05:00', 1, '202103100110143'),
(4, '2023-04-30', '12:05:00', 1, '202103100110143'),
(4, '2023-06-07', '12:05:00', 0, '202103100110143'),
(4, '2023-06-07', '13:45:00', 1, '202103100110143'),
(4, '2023-06-08', '12:05:00', 1, '202103100110143'),
(4, '2023-06-08', '13:45:00', 0, '202103100110143'),
(4, '2023-06-09', '12:05:00', 0, '202103100110143'),
(4, '2023-06-10', '12:05:00', 0, '202103100110143'),
(4, '2023-06-11', '12:05:00', 0, '202103100110143'),
(4, '2023-06-12', '12:05:00', 0, '202103100110143'),
(4, '2023-06-14', '12:05:00', 1, '202103100110143'),
(4, '2023-06-15', '12:05:00', 1, '202103100110143'),
(4, '2023-06-16', '12:05:00', 0, '202103100110143');
INSERT INTO `attendance` (`cse_id`, `att_date`, `att_time`, `att_status`, `stud_id`) VALUES
(4, '2023-06-17', '12:05:00', 1, '202103100110143'),
(4, '2023-06-18', '12:05:00', 0, '202103100110143'),
(4, '2023-06-18', '13:45:00', 0, '202103100110143'),
(4, '2023-06-19', '12:05:00', 0, '202103100110143'),
(4, '2023-06-21', '12:05:00', 0, '202103100110143'),
(4, '2023-06-22', '12:05:00', 0, '202103100110143'),
(4, '2023-06-23', '12:05:00', 0, '202103100110143'),
(4, '2023-06-23', '13:45:00', 0, '202103100110143'),
(4, '2023-06-24', '12:05:00', 0, '202103100110143'),
(4, '2023-06-25', '12:05:00', 1, '202103100110143'),
(4, '2023-06-26', '12:05:00', 0, '202103100110143'),
(4, '2023-06-26', '14:45:00', 0, '202103100110143'),
(4, '2023-06-28', '12:05:00', 0, '202103100110143'),
(4, '2023-06-29', '12:05:00', 0, '202103100110143'),
(4, '2023-06-30', '12:05:00', 0, '202103100110143'),
(4, '2023-07-01', '12:05:00', 0, '202103100110143'),
(4, '2023-07-02', '12:05:00', 1, '202103100110143'),
(4, '2023-07-03', '12:05:00', 0, '202103100110143'),
(4, '2023-07-05', '12:05:00', 1, '202103100110143'),
(4, '2023-07-06', '12:05:00', 0, '202103100110143'),
(4, '2023-07-07', '12:05:00', 1, '202103100110143'),
(4, '2023-07-08', '12:05:00', 1, '202103100110143'),
(4, '2023-07-09', '12:05:00', 0, '202103100110143'),
(4, '2023-07-10', '12:05:00', 0, '202103100110143'),
(4, '2023-07-13', '12:05:00', 0, '202103100110143'),
(4, '2023-07-14', '12:05:00', 0, '202103100110143'),
(4, '2023-07-15', '12:05:00', 0, '202103100110143'),
(4, '2023-07-16', '12:05:00', 0, '202103100110143'),
(4, '2023-07-17', '12:05:00', 0, '202103100110143'),
(4, '2023-07-19', '12:05:00', 0, '202103100110143'),
(4, '2023-07-20', '12:05:00', 0, '202103100110143'),
(4, '2023-07-22', '12:05:00', 0, '202103100110143'),
(4, '2023-07-23', '12:05:00', 0, '202103100110143'),
(4, '2023-07-24', '12:05:00', 1, '202103100110143'),
(4, '2023-07-26', '12:05:00', 0, '202103100110143'),
(4, '2023-07-27', '12:05:00', 0, '202103100110143'),
(4, '2023-07-28', '12:05:00', 0, '202103100110143'),
(4, '2023-07-29', '12:05:00', 0, '202103100110143'),
(4, '2023-07-30', '12:05:00', 0, '202103100110143'),
(4, '2023-07-31', '12:05:00', 0, '202103100110143'),
(4, '2023-08-02', '12:05:00', 0, '202103100110143'),
(4, '2023-08-03', '12:05:00', 0, '202103100110143'),
(4, '2023-08-04', '12:05:00', 1, '202103100110143'),
(4, '2023-08-05', '12:05:00', 0, '202103100110143'),
(4, '2023-08-06', '12:05:00', 0, '202103100110143'),
(4, '2023-08-07', '12:05:00', 1, '202103100110143'),
(4, '2023-08-09', '12:05:00', 0, '202103100110143'),
(4, '2023-08-10', '12:05:00', 0, '202103100110143'),
(4, '2023-08-12', '12:05:00', 1, '202103100110143'),
(4, '2023-08-13', '12:05:00', 0, '202103100110143'),
(4, '2023-08-14', '12:05:00', 0, '202103100110143'),
(4, '2023-08-17', '12:05:00', 0, '202103100110143'),
(4, '2023-08-18', '12:05:00', 1, '202103100110143'),
(4, '2023-08-19', '12:05:00', 0, '202103100110143'),
(4, '2023-08-23', '12:05:00', 0, '202103100110143'),
(4, '2023-08-24', '12:05:00', 1, '202103100110143'),
(4, '2023-08-25', '12:05:00', 0, '202103100110143'),
(4, '2023-08-26', '12:05:00', 0, '202103100110143'),
(4, '2023-08-27', '12:05:00', 0, '202103100110143'),
(4, '2023-08-28', '12:05:00', 0, '202103100110143'),
(4, '2023-08-30', '12:05:00', 0, '202103100110143'),
(4, '2023-09-01', '12:05:00', 0, '202103100110143'),
(4, '2023-09-02', '12:05:00', 1, '202103100110143'),
(4, '2023-09-03', '12:05:00', 0, '202103100110143'),
(4, '2023-09-04', '12:05:00', 1, '202103100110143'),
(4, '2023-09-06', '12:05:00', 0, '202103100110143'),
(4, '2023-09-07', '12:05:00', 1, '202103100110143'),
(4, '2023-09-08', '12:05:00', 1, '202103100110143'),
(4, '2023-09-09', '12:05:00', 0, '202103100110143'),
(4, '2023-09-11', '12:05:00', 0, '202103100110143'),
(4, '2023-09-13', '12:05:00', 0, '202103100110143'),
(4, '2023-09-14', '12:05:00', 0, '202103100110143'),
(4, '2023-09-15', '12:05:00', 0, '202103100110143'),
(4, '2023-09-16', '12:05:00', 0, '202103100110143'),
(4, '2023-09-17', '12:05:00', 0, '202103100110143'),
(4, '2023-09-18', '12:05:00', 0, '202103100110143'),
(4, '2023-09-20', '12:05:00', 0, '202103100110143'),
(4, '2023-09-21', '12:05:00', 0, '202103100110143'),
(4, '2023-09-22', '12:05:00', 0, '202103100110143'),
(4, '2023-09-23', '12:05:00', 0, '202103100110143'),
(4, '2023-09-24', '12:05:00', 1, '202103100110143'),
(4, '2023-09-25', '12:05:00', 0, '202103100110143'),
(4, '2023-09-27', '12:05:00', 1, '202103100110143'),
(4, '2023-09-28', '12:05:00', 0, '202103100110143'),
(4, '2023-09-29', '12:05:00', 0, '202103100110143'),
(4, '2023-09-30', '12:05:00', 0, '202103100110143'),
(4, '2023-10-01', '12:05:00', 0, '202103100110143'),
(4, '2023-10-04', '12:05:00', 0, '202103100110143'),
(4, '2023-10-05', '12:05:00', 1, '202103100110143'),
(4, '2023-10-06', '12:05:00', 0, '202103100110143'),
(4, '2023-10-07', '12:05:00', 1, '202103100110143'),
(4, '2023-10-08', '12:05:00', 1, '202103100110143'),
(4, '2023-10-09', '12:05:00', 0, '202103100110143'),
(4, '2023-10-11', '12:05:00', 0, '202103100110143'),
(4, '2023-10-16', '12:05:00', 0, '202103100110143'),
(4, '2023-10-21', '12:05:00', 1, '202103100110143'),
(4, '2023-10-22', '12:05:00', 0, '202103100110143'),
(4, '2023-10-23', '12:05:00', 0, '202103100110143'),
(4, '2023-10-25', '12:05:00', 0, '202103100110143'),
(4, '2023-10-26', '12:05:00', 0, '202103100110143'),
(4, '2023-10-27', '12:05:00', 0, '202103100110143'),
(4, '2023-10-28', '12:05:00', 0, '202103100110143'),
(4, '2023-10-29', '12:05:00', 0, '202103100110143'),
(4, '2023-10-30', '12:05:00', 0, '202103100110143'),
(4, '2023-11-15', '12:05:00', 0, '202103100110143'),
(4, '2023-11-16', '12:05:00', 0, '202103100110143'),
(4, '2023-11-17', '12:05:00', 0, '202103100110143'),
(4, '2023-11-18', '12:05:00', 0, '202103100110143'),
(4, '2023-11-20', '12:05:00', 0, '202103100110143'),
(4, '2023-11-22', '12:05:00', 0, '202103100110143'),
(4, '2023-11-23', '12:05:00', 0, '202103100110143'),
(4, '2023-11-25', '12:05:00', 0, '202103100110143'),
(4, '2023-11-26', '12:05:00', 0, '202103100110143'),
(4, '2023-11-27', '12:05:00', 0, '202103100110143'),
(4, '2023-11-29', '12:05:00', 0, '202103100110143'),
(4, '2023-11-30', '12:05:00', 0, '202103100110143'),
(4, '2023-12-01', '12:05:00', 0, '202103100110143'),
(4, '2023-12-02', '12:05:00', 0, '202103100110143'),
(4, '2023-12-03', '12:05:00', 0, '202103100110143'),
(4, '2023-12-04', '12:05:00', 0, '202103100110143'),
(4, '2023-12-06', '12:05:00', 0, '202103100110143'),
(4, '2023-12-07', '12:05:00', 1, '202103100110143'),
(4, '2023-12-08', '12:05:00', 1, '202103100110143'),
(4, '2023-12-09', '12:05:00', 0, '202103100110143'),
(4, '2023-12-10', '12:05:00', 0, '202103100110143'),
(4, '2023-12-11', '12:05:00', 0, '202103100110143'),
(4, '2023-12-13', '12:05:00', 0, '202103100110143'),
(4, '2023-12-14', '12:05:00', 0, '202103100110143'),
(4, '2023-12-15', '12:05:00', 0, '202103100110143'),
(4, '2023-12-16', '12:05:00', 0, '202103100110143'),
(4, '2023-12-17', '12:05:00', 0, '202103100110143'),
(4, '2023-12-18', '12:05:00', 0, '202103100110143'),
(4, '2023-12-20', '12:05:00', 0, '202103100110143'),
(4, '2023-12-21', '12:05:00', 1, '202103100110143'),
(4, '2023-12-22', '12:05:00', 0, '202103100110143'),
(4, '2023-12-23', '12:05:00', 0, '202103100110143'),
(4, '2023-12-27', '12:05:00', 0, '202103100110143'),
(4, '2023-12-28', '12:05:00', 0, '202103100110143'),
(4, '2023-12-29', '12:05:00', 0, '202103100110143'),
(4, '2023-12-30', '12:05:00', 0, '202103100110143'),
(4, '2023-12-31', '12:05:00', 0, '202103100110143'),
(4, '2023-04-05', '12:05:00', 1, '202103100110145'),
(4, '2023-04-06', '12:05:00', 1, '202103100110145'),
(4, '2023-04-08', '12:05:00', 0, '202103100110145'),
(4, '2023-04-08', '13:45:00', 0, '202103100110145'),
(4, '2023-04-09', '12:05:00', 1, '202103100110145'),
(4, '2023-04-10', '11:00:00', 0, '202103100110145'),
(4, '2023-04-10', '12:05:00', 1, '202103100110145'),
(4, '2023-04-12', '11:00:00', 1, '202103100110145'),
(4, '2023-04-12', '12:05:00', 1, '202103100110145'),
(4, '2023-04-16', '12:05:00', 1, '202103100110145'),
(4, '2023-04-17', '12:05:00', 1, '202103100110145'),
(4, '2023-04-19', '12:05:00', 0, '202103100110145'),
(4, '2023-04-22', '12:05:00', 1, '202103100110145'),
(4, '2023-04-23', '12:05:00', 1, '202103100110145'),
(4, '2023-04-24', '12:05:00', 1, '202103100110145'),
(4, '2023-04-26', '12:05:00', 1, '202103100110145'),
(4, '2023-04-27', '12:05:00', 1, '202103100110145'),
(4, '2023-04-28', '12:05:00', 1, '202103100110145'),
(4, '2023-04-29', '12:05:00', 1, '202103100110145'),
(4, '2023-04-30', '12:05:00', 1, '202103100110145'),
(4, '2023-06-07', '12:05:00', 1, '202103100110145'),
(4, '2023-06-07', '13:45:00', 1, '202103100110145'),
(4, '2023-06-08', '12:05:00', 1, '202103100110145'),
(4, '2023-06-08', '13:45:00', 0, '202103100110145'),
(4, '2023-06-09', '12:05:00', 1, '202103100110145'),
(4, '2023-06-10', '12:05:00', 1, '202103100110145'),
(4, '2023-06-11', '12:05:00', 1, '202103100110145'),
(4, '2023-06-12', '12:05:00', 1, '202103100110145'),
(4, '2023-06-14', '12:05:00', 1, '202103100110145'),
(4, '2023-06-15', '12:05:00', 1, '202103100110145'),
(4, '2023-06-16', '12:05:00', 1, '202103100110145'),
(4, '2023-06-17', '12:05:00', 1, '202103100110145'),
(4, '2023-06-18', '12:05:00', 1, '202103100110145'),
(4, '2023-06-18', '13:45:00', 1, '202103100110145'),
(4, '2023-06-19', '12:05:00', 1, '202103100110145'),
(4, '2023-06-21', '12:05:00', 1, '202103100110145'),
(4, '2023-06-22', '12:05:00', 1, '202103100110145'),
(4, '2023-06-23', '12:05:00', 1, '202103100110145'),
(4, '2023-06-23', '13:45:00', 1, '202103100110145'),
(4, '2023-06-24', '12:05:00', 1, '202103100110145'),
(4, '2023-06-25', '12:05:00', 1, '202103100110145'),
(4, '2023-06-26', '12:05:00', 0, '202103100110145'),
(4, '2023-06-26', '14:45:00', 0, '202103100110145'),
(4, '2023-06-28', '12:05:00', 1, '202103100110145'),
(4, '2023-06-29', '12:05:00', 1, '202103100110145'),
(4, '2023-06-30', '12:05:00', 0, '202103100110145'),
(4, '2023-07-01', '12:05:00', 0, '202103100110145'),
(4, '2023-07-02', '12:05:00', 1, '202103100110145'),
(4, '2023-07-03', '12:05:00', 0, '202103100110145'),
(4, '2023-07-05', '12:05:00', 1, '202103100110145'),
(4, '2023-07-06', '12:05:00', 0, '202103100110145'),
(4, '2023-07-07', '12:05:00', 1, '202103100110145'),
(4, '2023-07-08', '12:05:00', 1, '202103100110145'),
(4, '2023-07-09', '12:05:00', 1, '202103100110145'),
(4, '2023-07-10', '12:05:00', 1, '202103100110145'),
(4, '2023-07-13', '12:05:00', 1, '202103100110145'),
(4, '2023-07-14', '12:05:00', 1, '202103100110145'),
(4, '2023-07-15', '12:05:00', 1, '202103100110145'),
(4, '2023-07-16', '12:05:00', 1, '202103100110145'),
(4, '2023-07-17', '12:05:00', 1, '202103100110145'),
(4, '2023-07-19', '12:05:00', 1, '202103100110145'),
(4, '2023-07-20', '12:05:00', 1, '202103100110145'),
(4, '2023-07-22', '12:05:00', 1, '202103100110145'),
(4, '2023-07-23', '12:05:00', 1, '202103100110145'),
(4, '2023-07-24', '12:05:00', 0, '202103100110145'),
(4, '2023-07-26', '12:05:00', 1, '202103100110145'),
(4, '2023-07-27', '12:05:00', 1, '202103100110145'),
(4, '2023-07-28', '12:05:00', 1, '202103100110145'),
(4, '2023-07-29', '12:05:00', 0, '202103100110145'),
(4, '2023-07-30', '12:05:00', 1, '202103100110145'),
(4, '2023-07-31', '12:05:00', 1, '202103100110145'),
(4, '2023-08-02', '12:05:00', 1, '202103100110145'),
(4, '2023-08-03', '12:05:00', 0, '202103100110145'),
(4, '2023-08-04', '12:05:00', 1, '202103100110145'),
(4, '2023-08-05', '12:05:00', 0, '202103100110145'),
(4, '2023-08-06', '12:05:00', 0, '202103100110145'),
(4, '2023-08-07', '12:05:00', 1, '202103100110145'),
(4, '2023-08-09', '12:05:00', 1, '202103100110145'),
(4, '2023-08-10', '12:05:00', 1, '202103100110145'),
(4, '2023-08-12', '12:05:00', 1, '202103100110145'),
(4, '2023-08-13', '12:05:00', 1, '202103100110145'),
(4, '2023-08-14', '12:05:00', 1, '202103100110145'),
(4, '2023-08-17', '12:05:00', 1, '202103100110145'),
(4, '2023-08-18', '12:05:00', 1, '202103100110145'),
(4, '2023-08-19', '12:05:00', 1, '202103100110145'),
(4, '2023-08-23', '12:05:00', 1, '202103100110145'),
(4, '2023-08-24', '12:05:00', 0, '202103100110145'),
(4, '2023-08-25', '12:05:00', 1, '202103100110145'),
(4, '2023-08-26', '12:05:00', 1, '202103100110145'),
(4, '2023-08-27', '12:05:00', 1, '202103100110145'),
(4, '2023-08-28', '12:05:00', 0, '202103100110145'),
(4, '2023-08-30', '12:05:00', 1, '202103100110145'),
(4, '2023-09-01', '12:05:00', 0, '202103100110145'),
(4, '2023-09-02', '12:05:00', 1, '202103100110145'),
(4, '2023-09-03', '12:05:00', 0, '202103100110145'),
(4, '2023-09-04', '12:05:00', 1, '202103100110145'),
(4, '2023-09-06', '12:05:00', 0, '202103100110145'),
(4, '2023-09-07', '12:05:00', 1, '202103100110145'),
(4, '2023-09-08', '12:05:00', 1, '202103100110145'),
(4, '2023-09-09', '12:05:00', 1, '202103100110145'),
(4, '2023-09-11', '12:05:00', 1, '202103100110145'),
(4, '2023-09-13', '12:05:00', 1, '202103100110145'),
(4, '2023-09-14', '12:05:00', 1, '202103100110145'),
(4, '2023-09-15', '12:05:00', 1, '202103100110145'),
(4, '2023-09-16', '12:05:00', 1, '202103100110145'),
(4, '2023-09-17', '12:05:00', 1, '202103100110145'),
(4, '2023-09-18', '12:05:00', 1, '202103100110145'),
(4, '2023-09-20', '12:05:00', 1, '202103100110145'),
(4, '2023-09-21', '12:05:00', 1, '202103100110145'),
(4, '2023-09-22', '12:05:00', 1, '202103100110145'),
(4, '2023-09-23', '12:05:00', 1, '202103100110145'),
(4, '2023-09-24', '12:05:00', 0, '202103100110145'),
(4, '2023-09-25', '12:05:00', 1, '202103100110145'),
(4, '2023-09-27', '12:05:00', 1, '202103100110145'),
(4, '2023-09-28', '12:05:00', 1, '202103100110145'),
(4, '2023-09-29', '12:05:00', 0, '202103100110145'),
(4, '2023-09-30', '12:05:00', 1, '202103100110145'),
(4, '2023-10-01', '12:05:00', 1, '202103100110145'),
(4, '2023-10-04', '12:05:00', 1, '202103100110145'),
(4, '2023-10-05', '12:05:00', 1, '202103100110145'),
(4, '2023-10-06', '12:05:00', 0, '202103100110145'),
(4, '2023-10-07', '12:05:00', 1, '202103100110145'),
(4, '2023-10-08', '12:05:00', 1, '202103100110145'),
(4, '2023-10-09', '12:05:00', 1, '202103100110145'),
(4, '2023-10-11', '12:05:00', 1, '202103100110145'),
(4, '2023-10-16', '12:05:00', 1, '202103100110145'),
(4, '2023-10-21', '12:05:00', 0, '202103100110145'),
(4, '2023-10-22', '12:05:00', 1, '202103100110145'),
(4, '2023-10-23', '12:05:00', 1, '202103100110145'),
(4, '2023-10-25', '12:05:00', 1, '202103100110145'),
(4, '2023-10-26', '12:05:00', 1, '202103100110145'),
(4, '2023-10-27', '12:05:00', 1, '202103100110145'),
(4, '2023-10-28', '12:05:00', 1, '202103100110145'),
(4, '2023-10-29', '12:05:00', 0, '202103100110145'),
(4, '2023-10-30', '12:05:00', 1, '202103100110145'),
(4, '2023-11-15', '12:05:00', 1, '202103100110145'),
(4, '2023-11-16', '12:05:00', 1, '202103100110145'),
(4, '2023-11-17', '12:05:00', 1, '202103100110145'),
(4, '2023-11-18', '12:05:00', 1, '202103100110145'),
(4, '2023-11-20', '12:05:00', 1, '202103100110145'),
(4, '2023-11-22', '12:05:00', 1, '202103100110145'),
(4, '2023-11-23', '12:05:00', 1, '202103100110145'),
(4, '2023-11-25', '12:05:00', 1, '202103100110145'),
(4, '2023-11-26', '12:05:00', 1, '202103100110145'),
(4, '2023-11-27', '12:05:00', 1, '202103100110145'),
(4, '2023-11-29', '12:05:00', 0, '202103100110145'),
(4, '2023-11-30', '12:05:00', 1, '202103100110145'),
(4, '2023-12-01', '12:05:00', 1, '202103100110145'),
(4, '2023-12-02', '12:05:00', 1, '202103100110145'),
(4, '2023-12-03', '12:05:00', 1, '202103100110145'),
(4, '2023-12-04', '12:05:00', 1, '202103100110145'),
(4, '2023-12-06', '12:05:00', 0, '202103100110145'),
(4, '2023-12-07', '12:05:00', 1, '202103100110145'),
(4, '2023-12-08', '12:05:00', 1, '202103100110145'),
(4, '2023-12-09', '12:05:00', 1, '202103100110145'),
(4, '2023-12-10', '12:05:00', 0, '202103100110145'),
(4, '2023-12-11', '12:05:00', 1, '202103100110145'),
(4, '2023-12-13', '12:05:00', 0, '202103100110145'),
(4, '2023-12-14', '12:05:00', 0, '202103100110145'),
(4, '2023-12-15', '12:05:00', 0, '202103100110145'),
(4, '2023-12-16', '12:05:00', 1, '202103100110145'),
(4, '2023-12-17', '12:05:00', 1, '202103100110145'),
(4, '2023-12-18', '12:05:00', 1, '202103100110145'),
(4, '2023-12-20', '12:05:00', 1, '202103100110145'),
(4, '2023-12-21', '12:05:00', 0, '202103100110145'),
(4, '2023-12-22', '12:05:00', 1, '202103100110145'),
(4, '2023-12-23', '12:05:00', 1, '202103100110145'),
(4, '2023-12-27', '12:05:00', 1, '202103100110145'),
(4, '2023-12-28', '12:05:00', 1, '202103100110145'),
(4, '2023-12-29', '12:05:00', 0, '202103100110145'),
(4, '2023-12-30', '12:05:00', 1, '202103100110145'),
(4, '2023-12-31', '12:05:00', 1, '202103100110145'),
(4, '2023-04-05', '12:05:00', 0, '202103100110147'),
(4, '2023-04-06', '12:05:00', 0, '202103100110147'),
(4, '2023-04-08', '12:05:00', 0, '202103100110147'),
(4, '2023-04-08', '13:45:00', 1, '202103100110147'),
(4, '2023-04-09', '12:05:00', 1, '202103100110147'),
(4, '2023-04-10', '11:00:00', 0, '202103100110147'),
(4, '2023-04-10', '12:05:00', 0, '202103100110147'),
(4, '2023-04-12', '11:00:00', 0, '202103100110147'),
(4, '2023-04-12', '12:05:00', 0, '202103100110147'),
(4, '2023-04-16', '12:05:00', 1, '202103100110147'),
(4, '2023-04-17', '12:05:00', 1, '202103100110147'),
(4, '2023-04-19', '12:05:00', 0, '202103100110147'),
(4, '2023-04-22', '12:05:00', 1, '202103100110147'),
(4, '2023-04-23', '12:05:00', 0, '202103100110147'),
(4, '2023-04-24', '12:05:00', 0, '202103100110147'),
(4, '2023-04-26', '12:05:00', 1, '202103100110147'),
(4, '2023-04-27', '12:05:00', 0, '202103100110147'),
(4, '2023-04-28', '12:05:00', 0, '202103100110147'),
(4, '2023-04-29', '12:05:00', 0, '202103100110147'),
(4, '2023-04-30', '12:05:00', 1, '202103100110147'),
(4, '2023-06-07', '12:05:00', 0, '202103100110147'),
(4, '2023-06-07', '13:45:00', 1, '202103100110147'),
(4, '2023-06-08', '12:05:00', 0, '202103100110147'),
(4, '2023-06-08', '13:45:00', 1, '202103100110147'),
(4, '2023-06-09', '12:05:00', 0, '202103100110147'),
(4, '2023-06-10', '12:05:00', 0, '202103100110147'),
(4, '2023-06-11', '12:05:00', 0, '202103100110147'),
(4, '2023-06-12', '12:05:00', 0, '202103100110147'),
(4, '2023-06-14', '12:05:00', 0, '202103100110147'),
(4, '2023-06-15', '12:05:00', 1, '202103100110147'),
(4, '2023-06-16', '12:05:00', 0, '202103100110147'),
(4, '2023-06-17', '12:05:00', 1, '202103100110147'),
(4, '2023-06-18', '12:05:00', 0, '202103100110147'),
(4, '2023-06-18', '13:45:00', 1, '202103100110147'),
(4, '2023-06-19', '12:05:00', 0, '202103100110147'),
(4, '2023-06-21', '12:05:00', 0, '202103100110147'),
(4, '2023-06-22', '12:05:00', 0, '202103100110147'),
(4, '2023-06-23', '12:05:00', 0, '202103100110147'),
(4, '2023-06-23', '13:45:00', 1, '202103100110147'),
(4, '2023-06-24', '12:05:00', 0, '202103100110147'),
(4, '2023-06-25', '12:05:00', 0, '202103100110147'),
(4, '2023-06-26', '12:05:00', 0, '202103100110147'),
(4, '2023-06-26', '14:45:00', 0, '202103100110147'),
(4, '2023-06-28', '12:05:00', 0, '202103100110147'),
(4, '2023-06-29', '12:05:00', 0, '202103100110147'),
(4, '2023-06-30', '12:05:00', 0, '202103100110147'),
(4, '2023-07-01', '12:05:00', 0, '202103100110147'),
(4, '2023-07-02', '12:05:00', 1, '202103100110147'),
(4, '2023-07-03', '12:05:00', 0, '202103100110147'),
(4, '2023-07-05', '12:05:00', 1, '202103100110147'),
(4, '2023-07-06', '12:05:00', 0, '202103100110147'),
(4, '2023-07-07', '12:05:00', 1, '202103100110147'),
(4, '2023-07-08', '12:05:00', 1, '202103100110147'),
(4, '2023-07-09', '12:05:00', 0, '202103100110147'),
(4, '2023-07-10', '12:05:00', 0, '202103100110147'),
(4, '2023-07-13', '12:05:00', 0, '202103100110147'),
(4, '2023-07-14', '12:05:00', 0, '202103100110147'),
(4, '2023-07-15', '12:05:00', 0, '202103100110147'),
(4, '2023-07-16', '12:05:00', 0, '202103100110147'),
(4, '2023-07-17', '12:05:00', 1, '202103100110147'),
(4, '2023-07-19', '12:05:00', 0, '202103100110147'),
(4, '2023-07-20', '12:05:00', 0, '202103100110147'),
(4, '2023-07-22', '12:05:00', 1, '202103100110147'),
(4, '2023-07-23', '12:05:00', 0, '202103100110147'),
(4, '2023-07-24', '12:05:00', 0, '202103100110147'),
(4, '2023-07-26', '12:05:00', 0, '202103100110147'),
(4, '2023-07-27', '12:05:00', 0, '202103100110147'),
(4, '2023-07-28', '12:05:00', 0, '202103100110147'),
(4, '2023-07-29', '12:05:00', 0, '202103100110147'),
(4, '2023-07-30', '12:05:00', 0, '202103100110147'),
(4, '2023-07-31', '12:05:00', 0, '202103100110147'),
(4, '2023-08-02', '12:05:00', 0, '202103100110147'),
(4, '2023-08-03', '12:05:00', 0, '202103100110147'),
(4, '2023-08-04', '12:05:00', 1, '202103100110147'),
(4, '2023-08-05', '12:05:00', 0, '202103100110147'),
(4, '2023-08-06', '12:05:00', 0, '202103100110147'),
(4, '2023-08-07', '12:05:00', 1, '202103100110147'),
(4, '2023-08-09', '12:05:00', 0, '202103100110147'),
(4, '2023-08-10', '12:05:00', 0, '202103100110147'),
(4, '2023-08-12', '12:05:00', 1, '202103100110147'),
(4, '2023-08-13', '12:05:00', 0, '202103100110147'),
(4, '2023-08-14', '12:05:00', 0, '202103100110147'),
(4, '2023-08-17', '12:05:00', 1, '202103100110147'),
(4, '2023-08-18', '12:05:00', 1, '202103100110147'),
(4, '2023-08-19', '12:05:00', 0, '202103100110147'),
(4, '2023-08-23', '12:05:00', 0, '202103100110147'),
(4, '2023-08-24', '12:05:00', 0, '202103100110147'),
(4, '2023-08-25', '12:05:00', 1, '202103100110147'),
(4, '2023-08-26', '12:05:00', 0, '202103100110147'),
(4, '2023-08-27', '12:05:00', 0, '202103100110147'),
(4, '2023-08-28', '12:05:00', 0, '202103100110147'),
(4, '2023-08-30', '12:05:00', 0, '202103100110147'),
(4, '2023-09-01', '12:05:00', 0, '202103100110147'),
(4, '2023-09-02', '12:05:00', 1, '202103100110147'),
(4, '2023-09-03', '12:05:00', 0, '202103100110147'),
(4, '2023-09-04', '12:05:00', 1, '202103100110147'),
(4, '2023-09-06', '12:05:00', 0, '202103100110147'),
(4, '2023-09-07', '12:05:00', 1, '202103100110147'),
(4, '2023-09-08', '12:05:00', 1, '202103100110147'),
(4, '2023-09-09', '12:05:00', 0, '202103100110147'),
(4, '2023-09-11', '12:05:00', 0, '202103100110147'),
(4, '2023-09-13', '12:05:00', 0, '202103100110147'),
(4, '2023-09-14', '12:05:00', 0, '202103100110147'),
(4, '2023-09-15', '12:05:00', 0, '202103100110147'),
(4, '2023-09-16', '12:05:00', 0, '202103100110147'),
(4, '2023-09-17', '12:05:00', 1, '202103100110147'),
(4, '2023-09-18', '12:05:00', 0, '202103100110147'),
(4, '2023-09-20', '12:05:00', 0, '202103100110147'),
(4, '2023-09-21', '12:05:00', 1, '202103100110147'),
(4, '2023-09-22', '12:05:00', 1, '202103100110147'),
(4, '2023-09-23', '12:05:00', 0, '202103100110147'),
(4, '2023-09-24', '12:05:00', 0, '202103100110147'),
(4, '2023-09-25', '12:05:00', 0, '202103100110147'),
(4, '2023-09-27', '12:05:00', 1, '202103100110147'),
(4, '2023-09-28', '12:05:00', 0, '202103100110147'),
(4, '2023-09-29', '12:05:00', 0, '202103100110147'),
(4, '2023-09-30', '12:05:00', 0, '202103100110147'),
(4, '2023-10-01', '12:05:00', 0, '202103100110147'),
(4, '2023-10-04', '12:05:00', 0, '202103100110147'),
(4, '2023-10-05', '12:05:00', 1, '202103100110147'),
(4, '2023-10-06', '12:05:00', 0, '202103100110147'),
(4, '2023-10-07', '12:05:00', 1, '202103100110147'),
(4, '2023-10-08', '12:05:00', 1, '202103100110147'),
(4, '2023-10-09', '12:05:00', 0, '202103100110147'),
(4, '2023-10-11', '12:05:00', 0, '202103100110147'),
(4, '2023-10-16', '12:05:00', 0, '202103100110147'),
(4, '2023-10-21', '12:05:00', 0, '202103100110147'),
(4, '2023-10-22', '12:05:00', 1, '202103100110147'),
(4, '2023-10-23', '12:05:00', 0, '202103100110147'),
(4, '2023-10-25', '12:05:00', 0, '202103100110147'),
(4, '2023-10-26', '12:05:00', 0, '202103100110147'),
(4, '2023-10-27', '12:05:00', 0, '202103100110147'),
(4, '2023-10-28', '12:05:00', 0, '202103100110147'),
(4, '2023-10-29', '12:05:00', 0, '202103100110147'),
(4, '2023-10-30', '12:05:00', 0, '202103100110147'),
(4, '2023-11-15', '12:05:00', 0, '202103100110147'),
(4, '2023-11-16', '12:05:00', 0, '202103100110147'),
(4, '2023-11-17', '12:05:00', 1, '202103100110147'),
(4, '2023-11-18', '12:05:00', 0, '202103100110147'),
(4, '2023-11-20', '12:05:00', 0, '202103100110147'),
(4, '2023-11-22', '12:05:00', 1, '202103100110147'),
(4, '2023-11-23', '12:05:00', 0, '202103100110147'),
(4, '2023-11-25', '12:05:00', 0, '202103100110147'),
(4, '2023-11-26', '12:05:00', 0, '202103100110147'),
(4, '2023-11-27', '12:05:00', 0, '202103100110147'),
(4, '2023-11-29', '12:05:00', 0, '202103100110147'),
(4, '2023-11-30', '12:05:00', 0, '202103100110147'),
(4, '2023-12-01', '12:05:00', 0, '202103100110147'),
(4, '2023-12-02', '12:05:00', 0, '202103100110147'),
(4, '2023-12-03', '12:05:00', 0, '202103100110147'),
(4, '2023-12-04', '12:05:00', 0, '202103100110147'),
(4, '2023-12-06', '12:05:00', 0, '202103100110147'),
(4, '2023-12-07', '12:05:00', 1, '202103100110147'),
(4, '2023-12-08', '12:05:00', 1, '202103100110147'),
(4, '2023-12-09', '12:05:00', 0, '202103100110147'),
(4, '2023-12-10', '12:05:00', 0, '202103100110147'),
(4, '2023-12-11', '12:05:00', 0, '202103100110147'),
(4, '2023-12-13', '12:05:00', 0, '202103100110147'),
(4, '2023-12-14', '12:05:00', 0, '202103100110147'),
(4, '2023-12-15', '12:05:00', 0, '202103100110147'),
(4, '2023-12-16', '12:05:00', 0, '202103100110147'),
(4, '2023-12-17', '12:05:00', 0, '202103100110147'),
(4, '2023-12-18', '12:05:00', 0, '202103100110147'),
(4, '2023-12-20', '12:05:00', 0, '202103100110147'),
(4, '2023-12-21', '12:05:00', 0, '202103100110147'),
(4, '2023-12-22', '12:05:00', 1, '202103100110147'),
(4, '2023-12-23', '12:05:00', 0, '202103100110147'),
(4, '2023-12-27', '12:05:00', 0, '202103100110147'),
(4, '2023-12-28', '12:05:00', 0, '202103100110147'),
(4, '2023-12-29', '12:05:00', 0, '202103100110147'),
(4, '2023-12-30', '12:05:00', 0, '202103100110147'),
(4, '2023-12-31', '12:05:00', 0, '202103100110147'),
(5, '2023-04-05', '13:45:00', 0, '202103100110134'),
(5, '2023-04-06', '13:45:00', 0, '202103100110134'),
(5, '2023-04-06', '14:45:00', 0, '202103100110134'),
(5, '2023-04-08', '14:45:00', 0, '202103100110134'),
(5, '2023-04-09', '14:45:00', 1, '202103100110134'),
(5, '2023-04-10', '13:45:00', 0, '202103100110134'),
(5, '2023-04-10', '14:45:00', 0, '202103100110134'),
(5, '2023-04-12', '13:45:00', 0, '202103100110134'),
(5, '2023-04-16', '14:45:00', 1, '202103100110134'),
(5, '2023-04-17', '14:45:00', 1, '202103100110134'),
(5, '2023-04-19', '14:45:00', 0, '202103100110134'),
(5, '2023-04-20', '13:45:00', 0, '202103100110134'),
(5, '2023-04-22', '14:45:00', 0, '202103100110134'),
(5, '2023-04-23', '13:45:00', 0, '202103100110134'),
(5, '2023-04-23', '14:45:00', 0, '202103100110134'),
(5, '2023-04-24', '13:45:00', 0, '202103100110134'),
(5, '2023-04-24', '14:45:00', 0, '202103100110134'),
(5, '2023-04-26', '13:45:00', 0, '202103100110134'),
(5, '2023-04-26', '14:45:00', 0, '202103100110134'),
(5, '2023-04-27', '13:45:00', 0, '202103100110134'),
(5, '2023-04-27', '14:45:00', 0, '202103100110134'),
(5, '2023-04-28', '13:45:00', 0, '202103100110134'),
(5, '2023-04-28', '14:45:00', 0, '202103100110134'),
(5, '2023-04-29', '13:45:00', 0, '202103100110134'),
(5, '2023-04-29', '14:45:00', 0, '202103100110134'),
(5, '2023-04-30', '13:45:00', 1, '202103100110134'),
(5, '2023-04-30', '14:45:00', 1, '202103100110134'),
(5, '2023-06-07', '14:45:00', 0, '202103100110134'),
(5, '2023-06-08', '14:45:00', 0, '202103100110134'),
(5, '2023-06-09', '13:45:00', 0, '202103100110134'),
(5, '2023-06-10', '14:45:00', 0, '202103100110134'),
(5, '2023-06-11', '13:45:00', 0, '202103100110134'),
(5, '2023-06-11', '14:45:00', 0, '202103100110134'),
(5, '2023-06-12', '13:45:00', 0, '202103100110134'),
(5, '2023-06-12', '14:45:00', 0, '202103100110134'),
(5, '2023-06-14', '13:45:00', 0, '202103100110134'),
(5, '2023-06-14', '14:45:00', 0, '202103100110134'),
(5, '2023-06-15', '13:45:00', 1, '202103100110134'),
(5, '2023-06-15', '14:45:00', 1, '202103100110134'),
(5, '2023-06-16', '13:45:00', 0, '202103100110134'),
(5, '2023-06-16', '14:45:00', 0, '202103100110134'),
(5, '2023-06-21', '13:45:00', 0, '202103100110134'),
(5, '2023-06-21', '14:45:00', 0, '202103100110134'),
(5, '2023-06-22', '13:45:00', 0, '202103100110134'),
(5, '2023-06-22', '14:45:00', 0, '202103100110134'),
(5, '2023-06-23', '14:45:00', 0, '202103100110134'),
(5, '2023-06-24', '13:45:00', 0, '202103100110134'),
(5, '2023-06-24', '14:45:00', 0, '202103100110134'),
(5, '2023-06-25', '13:45:00', 0, '202103100110134'),
(5, '2023-06-25', '14:45:00', 1, '202103100110134'),
(5, '2023-06-26', '13:45:00', 0, '202103100110134'),
(5, '2023-06-28', '13:45:00', 0, '202103100110134'),
(5, '2023-06-28', '14:45:00', 0, '202103100110134'),
(5, '2023-06-29', '13:45:00', 0, '202103100110134'),
(5, '2023-06-29', '14:45:00', 0, '202103100110134'),
(5, '2023-06-30', '13:45:00', 0, '202103100110134'),
(5, '2023-06-30', '14:45:00', 1, '202103100110134'),
(5, '2023-07-01', '13:45:00', 0, '202103100110134'),
(5, '2023-07-01', '14:45:00', 0, '202103100110134'),
(5, '2023-07-02', '13:45:00', 1, '202103100110134'),
(5, '2023-07-02', '14:45:00', 1, '202103100110134'),
(5, '2023-07-03', '13:45:00', 0, '202103100110134'),
(5, '2023-07-03', '14:45:00', 0, '202103100110134'),
(5, '2023-07-05', '13:45:00', 1, '202103100110134'),
(5, '2023-07-05', '14:45:00', 1, '202103100110134'),
(5, '2023-07-06', '13:45:00', 0, '202103100110134'),
(5, '2023-07-06', '14:45:00', 0, '202103100110134'),
(5, '2023-07-07', '13:45:00', 1, '202103100110134'),
(5, '2023-07-07', '14:45:00', 1, '202103100110134'),
(5, '2023-07-08', '13:45:00', 1, '202103100110134'),
(5, '2023-07-08', '14:45:00', 1, '202103100110134'),
(5, '2023-07-09', '13:45:00', 0, '202103100110134'),
(5, '2023-07-09', '14:45:00', 0, '202103100110134'),
(5, '2023-07-10', '13:45:00', 0, '202103100110134'),
(5, '2023-07-10', '14:45:00', 0, '202103100110134'),
(5, '2023-07-13', '13:45:00', 0, '202103100110134'),
(5, '2023-07-13', '14:45:00', 0, '202103100110134'),
(5, '2023-07-14', '13:45:00', 0, '202103100110134'),
(5, '2023-07-14', '14:45:00', 0, '202103100110134'),
(5, '2023-07-15', '13:45:00', 0, '202103100110134'),
(5, '2023-07-15', '14:45:00', 0, '202103100110134'),
(5, '2023-07-16', '13:45:00', 0, '202103100110134'),
(5, '2023-07-16', '14:45:00', 0, '202103100110134'),
(5, '2023-07-17', '13:45:00', 0, '202103100110134'),
(5, '2023-07-17', '14:45:00', 0, '202103100110134'),
(5, '2023-07-19', '13:45:00', 0, '202103100110134'),
(5, '2023-07-19', '14:45:00', 0, '202103100110134'),
(5, '2023-07-20', '13:45:00', 0, '202103100110134'),
(5, '2023-07-20', '14:45:00', 0, '202103100110134'),
(5, '2023-07-22', '13:45:00', 0, '202103100110134'),
(5, '2023-07-22', '14:45:00', 0, '202103100110134'),
(5, '2023-07-23', '13:45:00', 0, '202103100110134'),
(5, '2023-07-23', '14:45:00', 0, '202103100110134'),
(5, '2023-07-24', '13:45:00', 0, '202103100110134'),
(5, '2023-07-24', '14:45:00', 0, '202103100110134'),
(5, '2023-07-26', '13:45:00', 0, '202103100110134'),
(5, '2023-07-26', '14:45:00', 1, '202103100110134'),
(5, '2023-07-27', '13:45:00', 0, '202103100110134'),
(5, '2023-07-27', '14:45:00', 0, '202103100110134'),
(5, '2023-07-28', '13:45:00', 0, '202103100110134'),
(5, '2023-07-28', '14:45:00', 0, '202103100110134'),
(5, '2023-07-29', '13:45:00', 0, '202103100110134'),
(5, '2023-07-29', '14:45:00', 0, '202103100110134'),
(5, '2023-07-30', '13:45:00', 0, '202103100110134'),
(5, '2023-07-30', '14:45:00', 0, '202103100110134'),
(5, '2023-07-31', '13:45:00', 0, '202103100110134'),
(5, '2023-07-31', '14:45:00', 0, '202103100110134'),
(5, '2023-08-02', '13:45:00', 0, '202103100110134'),
(5, '2023-08-02', '14:45:00', 0, '202103100110134'),
(5, '2023-08-03', '13:45:00', 0, '202103100110134'),
(5, '2023-08-03', '14:45:00', 0, '202103100110134'),
(5, '2023-08-04', '13:45:00', 1, '202103100110134'),
(5, '2023-08-04', '14:45:00', 1, '202103100110134'),
(5, '2023-08-05', '13:45:00', 0, '202103100110134'),
(5, '2023-08-05', '14:45:00', 0, '202103100110134'),
(5, '2023-08-06', '13:45:00', 0, '202103100110134'),
(5, '2023-08-06', '14:45:00', 0, '202103100110134'),
(5, '2023-08-07', '13:45:00', 1, '202103100110134'),
(5, '2023-08-07', '14:45:00', 1, '202103100110134'),
(5, '2023-08-09', '13:45:00', 0, '202103100110134'),
(5, '2023-08-09', '14:45:00', 0, '202103100110134'),
(5, '2023-08-10', '13:45:00', 0, '202103100110134'),
(5, '2023-08-10', '14:45:00', 0, '202103100110134'),
(5, '2023-08-12', '13:45:00', 1, '202103100110134'),
(5, '2023-08-12', '14:45:00', 1, '202103100110134'),
(5, '2023-08-13', '13:45:00', 0, '202103100110134'),
(5, '2023-08-13', '14:45:00', 0, '202103100110134'),
(5, '2023-08-14', '13:45:00', 0, '202103100110134'),
(5, '2023-08-14', '14:45:00', 0, '202103100110134'),
(5, '2023-08-17', '13:45:00', 0, '202103100110134'),
(5, '2023-08-17', '14:45:00', 0, '202103100110134'),
(5, '2023-08-18', '13:45:00', 1, '202103100110134'),
(5, '2023-08-18', '14:45:00', 1, '202103100110134'),
(5, '2023-08-19', '13:45:00', 0, '202103100110134'),
(5, '2023-08-19', '14:45:00', 0, '202103100110134'),
(5, '2023-08-23', '13:45:00', 0, '202103100110134'),
(5, '2023-08-23', '14:45:00', 0, '202103100110134'),
(5, '2023-08-24', '13:45:00', 0, '202103100110134'),
(5, '2023-08-24', '14:45:00', 0, '202103100110134'),
(5, '2023-08-25', '13:45:00', 0, '202103100110134'),
(5, '2023-08-25', '14:45:00', 0, '202103100110134'),
(5, '2023-08-26', '13:45:00', 0, '202103100110134'),
(5, '2023-08-26', '14:45:00', 1, '202103100110134'),
(5, '2023-08-27', '13:45:00', 0, '202103100110134'),
(5, '2023-08-27', '14:45:00', 0, '202103100110134'),
(5, '2023-08-28', '13:45:00', 0, '202103100110134'),
(5, '2023-08-28', '14:45:00', 0, '202103100110134'),
(5, '2023-08-30', '13:45:00', 0, '202103100110134'),
(5, '2023-08-30', '14:45:00', 0, '202103100110134'),
(5, '2023-09-01', '13:45:00', 0, '202103100110134'),
(5, '2023-09-01', '14:45:00', 0, '202103100110134'),
(5, '2023-09-02', '13:45:00', 1, '202103100110134'),
(5, '2023-09-02', '14:45:00', 1, '202103100110134'),
(5, '2023-09-03', '13:45:00', 0, '202103100110134'),
(5, '2023-09-03', '14:45:00', 0, '202103100110134'),
(5, '2023-09-04', '13:45:00', 1, '202103100110134'),
(5, '2023-09-04', '14:45:00', 1, '202103100110134'),
(5, '2023-09-06', '13:45:00', 0, '202103100110134'),
(5, '2023-09-06', '14:45:00', 0, '202103100110134'),
(5, '2023-09-07', '13:45:00', 1, '202103100110134'),
(5, '2023-09-07', '14:45:00', 1, '202103100110134'),
(5, '2023-09-08', '13:45:00', 1, '202103100110134'),
(5, '2023-09-08', '14:45:00', 1, '202103100110134'),
(5, '2023-09-09', '13:45:00', 0, '202103100110134'),
(5, '2023-09-09', '14:45:00', 0, '202103100110134'),
(5, '2023-09-11', '13:45:00', 0, '202103100110134'),
(5, '2023-09-11', '14:45:00', 0, '202103100110134'),
(5, '2023-09-13', '13:45:00', 0, '202103100110134'),
(5, '2023-09-13', '14:45:00', 0, '202103100110134'),
(5, '2023-09-14', '13:45:00', 0, '202103100110134'),
(5, '2023-09-14', '14:45:00', 0, '202103100110134'),
(5, '2023-09-15', '13:45:00', 0, '202103100110134'),
(5, '2023-09-15', '14:45:00', 0, '202103100110134'),
(5, '2023-09-16', '13:45:00', 0, '202103100110134'),
(5, '2023-09-16', '14:45:00', 0, '202103100110134'),
(5, '2023-09-17', '13:45:00', 0, '202103100110134'),
(5, '2023-09-17', '14:45:00', 0, '202103100110134'),
(5, '2023-09-18', '13:45:00', 0, '202103100110134'),
(5, '2023-09-18', '14:45:00', 0, '202103100110134'),
(5, '2023-09-20', '13:45:00', 0, '202103100110134'),
(5, '2023-09-20', '14:45:00', 0, '202103100110134'),
(5, '2023-09-21', '13:45:00', 0, '202103100110134'),
(5, '2023-09-21', '14:45:00', 0, '202103100110134'),
(5, '2023-09-22', '13:45:00', 0, '202103100110134'),
(5, '2023-09-22', '14:45:00', 0, '202103100110134'),
(5, '2023-09-23', '13:45:00', 0, '202103100110134'),
(5, '2023-09-23', '14:45:00', 0, '202103100110134'),
(5, '2023-09-24', '13:45:00', 0, '202103100110134'),
(5, '2023-09-24', '14:45:00', 0, '202103100110134'),
(5, '2023-09-25', '13:45:00', 0, '202103100110134'),
(5, '2023-09-25', '14:45:00', 1, '202103100110134'),
(5, '2023-09-27', '13:45:00', 0, '202103100110134'),
(5, '2023-09-27', '14:45:00', 0, '202103100110134'),
(5, '2023-09-28', '13:45:00', 0, '202103100110134'),
(5, '2023-09-28', '14:45:00', 0, '202103100110134'),
(5, '2023-09-29', '13:45:00', 0, '202103100110134'),
(5, '2023-09-29', '14:45:00', 0, '202103100110134'),
(5, '2023-09-30', '13:45:00', 0, '202103100110134'),
(5, '2023-09-30', '14:45:00', 0, '202103100110134'),
(5, '2023-10-01', '13:45:00', 0, '202103100110134'),
(5, '2023-10-01', '14:45:00', 0, '202103100110134'),
(5, '2023-10-04', '13:45:00', 0, '202103100110134'),
(5, '2023-10-04', '14:45:00', 0, '202103100110134'),
(5, '2023-10-05', '13:45:00', 1, '202103100110134'),
(5, '2023-10-05', '14:45:00', 1, '202103100110134'),
(5, '2023-10-06', '13:45:00', 0, '202103100110134'),
(5, '2023-10-06', '14:45:00', 0, '202103100110134'),
(5, '2023-10-07', '13:45:00', 1, '202103100110134'),
(5, '2023-10-07', '14:45:00', 1, '202103100110134'),
(5, '2023-10-08', '13:45:00', 1, '202103100110134'),
(5, '2023-10-08', '14:45:00', 1, '202103100110134'),
(5, '2023-10-09', '13:45:00', 0, '202103100110134'),
(5, '2023-10-09', '14:45:00', 0, '202103100110134'),
(5, '2023-10-11', '13:45:00', 0, '202103100110134'),
(5, '2023-10-11', '14:45:00', 0, '202103100110134'),
(5, '2023-10-16', '13:45:00', 0, '202103100110134'),
(5, '2023-10-16', '14:45:00', 0, '202103100110134'),
(5, '2023-10-21', '13:45:00', 0, '202103100110134'),
(5, '2023-10-21', '14:45:00', 0, '202103100110134'),
(5, '2023-10-22', '13:45:00', 0, '202103100110134'),
(5, '2023-10-22', '14:45:00', 0, '202103100110134'),
(5, '2023-10-23', '13:45:00', 0, '202103100110134'),
(5, '2023-10-23', '14:45:00', 0, '202103100110134'),
(5, '2023-10-25', '13:45:00', 0, '202103100110134'),
(5, '2023-10-25', '14:45:00', 0, '202103100110134'),
(5, '2023-10-26', '13:45:00', 0, '202103100110134'),
(5, '2023-10-26', '14:45:00', 1, '202103100110134'),
(5, '2023-10-27', '13:45:00', 0, '202103100110134'),
(5, '2023-10-27', '14:45:00', 0, '202103100110134'),
(5, '2023-10-28', '13:45:00', 0, '202103100110134'),
(5, '2023-10-28', '14:45:00', 0, '202103100110134'),
(5, '2023-10-29', '13:45:00', 0, '202103100110134'),
(5, '2023-10-29', '14:45:00', 0, '202103100110134'),
(5, '2023-10-30', '13:45:00', 0, '202103100110134'),
(5, '2023-10-30', '14:45:00', 0, '202103100110134'),
(5, '2023-11-15', '13:45:00', 0, '202103100110134'),
(5, '2023-11-15', '14:45:00', 0, '202103100110134'),
(5, '2023-11-16', '13:45:00', 0, '202103100110134'),
(5, '2023-11-16', '14:45:00', 0, '202103100110134'),
(5, '2023-11-17', '13:45:00', 0, '202103100110134'),
(5, '2023-11-17', '14:45:00', 0, '202103100110134'),
(5, '2023-11-18', '13:45:00', 0, '202103100110134'),
(5, '2023-11-18', '14:45:00', 0, '202103100110134'),
(5, '2023-11-20', '13:45:00', 0, '202103100110134'),
(5, '2023-11-20', '14:45:00', 0, '202103100110134'),
(5, '2023-11-22', '13:45:00', 0, '202103100110134'),
(5, '2023-11-22', '14:45:00', 0, '202103100110134'),
(5, '2023-11-23', '13:45:00', 0, '202103100110134'),
(5, '2023-11-23', '14:45:00', 0, '202103100110134'),
(5, '2023-11-25', '13:45:00', 0, '202103100110134'),
(5, '2023-11-25', '14:45:00', 0, '202103100110134'),
(5, '2023-11-26', '13:45:00', 0, '202103100110134'),
(5, '2023-11-26', '14:45:00', 1, '202103100110134'),
(5, '2023-11-27', '13:45:00', 0, '202103100110134'),
(5, '2023-11-27', '14:45:00', 0, '202103100110134'),
(5, '2023-11-29', '13:45:00', 0, '202103100110134'),
(5, '2023-11-29', '14:45:00', 0, '202103100110134'),
(5, '2023-11-30', '13:45:00', 0, '202103100110134'),
(5, '2023-11-30', '14:45:00', 0, '202103100110134'),
(5, '2023-12-01', '13:45:00', 0, '202103100110134'),
(5, '2023-12-01', '14:45:00', 0, '202103100110134'),
(5, '2023-12-02', '13:45:00', 0, '202103100110134'),
(5, '2023-12-02', '14:45:00', 0, '202103100110134'),
(5, '2023-12-03', '13:45:00', 0, '202103100110134'),
(5, '2023-12-03', '14:45:00', 0, '202103100110134'),
(5, '2023-12-04', '13:45:00', 0, '202103100110134'),
(5, '2023-12-04', '14:45:00', 0, '202103100110134'),
(5, '2023-12-06', '13:45:00', 0, '202103100110134'),
(5, '2023-12-06', '14:45:00', 0, '202103100110134'),
(5, '2023-12-07', '13:45:00', 1, '202103100110134'),
(5, '2023-12-07', '14:45:00', 1, '202103100110134'),
(5, '2023-12-08', '13:45:00', 1, '202103100110134'),
(5, '2023-12-08', '14:45:00', 1, '202103100110134'),
(5, '2023-12-09', '13:45:00', 0, '202103100110134'),
(5, '2023-12-09', '14:45:00', 0, '202103100110134'),
(5, '2023-12-10', '13:45:00', 0, '202103100110134'),
(5, '2023-12-10', '14:45:00', 0, '202103100110134'),
(5, '2023-12-11', '13:45:00', 0, '202103100110134'),
(5, '2023-12-11', '14:45:00', 0, '202103100110134'),
(5, '2023-12-13', '13:45:00', 0, '202103100110134'),
(5, '2023-12-13', '14:45:00', 0, '202103100110134'),
(5, '2023-12-14', '13:45:00', 0, '202103100110134'),
(5, '2023-12-14', '14:45:00', 0, '202103100110134'),
(5, '2023-12-15', '13:45:00', 0, '202103100110134'),
(5, '2023-12-15', '14:45:00', 0, '202103100110134'),
(5, '2023-12-16', '13:45:00', 0, '202103100110134'),
(5, '2023-12-16', '14:45:00', 0, '202103100110134'),
(5, '2023-12-17', '13:45:00', 0, '202103100110134'),
(5, '2023-12-17', '14:45:00', 0, '202103100110134'),
(5, '2023-12-18', '13:45:00', 0, '202103100110134'),
(5, '2023-12-18', '14:45:00', 0, '202103100110134'),
(5, '2023-12-20', '13:45:00', 0, '202103100110134'),
(5, '2023-12-20', '14:45:00', 0, '202103100110134'),
(5, '2023-12-21', '13:45:00', 0, '202103100110134'),
(5, '2023-12-21', '14:45:00', 0, '202103100110134'),
(5, '2023-12-22', '13:45:00', 0, '202103100110134'),
(5, '2023-12-22', '14:45:00', 0, '202103100110134'),
(5, '2023-12-23', '13:45:00', 0, '202103100110134'),
(5, '2023-12-23', '14:45:00', 0, '202103100110134'),
(5, '2023-12-27', '13:45:00', 0, '202103100110134'),
(5, '2023-12-27', '14:45:00', 0, '202103100110134'),
(5, '2023-12-28', '13:45:00', 0, '202103100110134'),
(5, '2023-12-28', '14:45:00', 0, '202103100110134'),
(5, '2023-12-29', '13:45:00', 0, '202103100110134'),
(5, '2023-12-29', '14:45:00', 0, '202103100110134'),
(5, '2023-12-30', '13:45:00', 0, '202103100110134'),
(5, '2023-12-30', '14:45:00', 0, '202103100110134'),
(5, '2023-12-31', '13:45:00', 0, '202103100110134'),
(5, '2023-12-31', '14:45:00', 0, '202103100110134'),
(5, '2023-04-05', '13:45:00', 1, '202103100110141'),
(5, '2023-04-06', '13:45:00', 1, '202103100110141'),
(5, '2023-04-06', '14:45:00', 1, '202103100110141'),
(5, '2023-04-08', '14:45:00', 1, '202103100110141'),
(5, '2023-04-09', '14:45:00', 1, '202103100110141'),
(5, '2023-04-10', '13:45:00', 1, '202103100110141'),
(5, '2023-04-10', '14:45:00', 1, '202103100110141'),
(5, '2023-04-12', '13:45:00', 1, '202103100110141'),
(5, '2023-04-16', '14:45:00', 1, '202103100110141'),
(5, '2023-04-17', '14:45:00', 1, '202103100110141'),
(5, '2023-04-19', '14:45:00', 1, '202103100110141'),
(5, '2023-04-20', '13:45:00', 1, '202103100110141'),
(5, '2023-04-22', '14:45:00', 1, '202103100110141'),
(5, '2023-04-23', '13:45:00', 1, '202103100110141'),
(5, '2023-04-23', '14:45:00', 1, '202103100110141'),
(5, '2023-04-24', '13:45:00', 1, '202103100110141'),
(5, '2023-04-24', '14:45:00', 1, '202103100110141'),
(5, '2023-04-26', '13:45:00', 1, '202103100110141'),
(5, '2023-04-26', '14:45:00', 0, '202103100110141'),
(5, '2023-04-27', '13:45:00', 1, '202103100110141'),
(5, '2023-04-27', '14:45:00', 1, '202103100110141'),
(5, '2023-04-28', '13:45:00', 1, '202103100110141'),
(5, '2023-04-28', '14:45:00', 1, '202103100110141'),
(5, '2023-04-29', '13:45:00', 1, '202103100110141'),
(5, '2023-04-29', '14:45:00', 1, '202103100110141'),
(5, '2023-04-30', '13:45:00', 1, '202103100110141'),
(5, '2023-04-30', '14:45:00', 1, '202103100110141'),
(5, '2023-06-07', '14:45:00', 1, '202103100110141'),
(5, '2023-06-08', '14:45:00', 1, '202103100110141'),
(5, '2023-06-09', '13:45:00', 1, '202103100110141'),
(5, '2023-06-10', '14:45:00', 1, '202103100110141'),
(5, '2023-06-11', '13:45:00', 1, '202103100110141'),
(5, '2023-06-11', '14:45:00', 1, '202103100110141'),
(5, '2023-06-12', '13:45:00', 1, '202103100110141'),
(5, '2023-06-12', '14:45:00', 1, '202103100110141'),
(5, '2023-06-14', '13:45:00', 1, '202103100110141'),
(5, '2023-06-14', '14:45:00', 0, '202103100110141'),
(5, '2023-06-15', '13:45:00', 1, '202103100110141'),
(5, '2023-06-15', '14:45:00', 1, '202103100110141'),
(5, '2023-06-16', '13:45:00', 1, '202103100110141'),
(5, '2023-06-16', '14:45:00', 1, '202103100110141'),
(5, '2023-06-21', '13:45:00', 1, '202103100110141'),
(5, '2023-06-21', '14:45:00', 1, '202103100110141'),
(5, '2023-06-22', '13:45:00', 1, '202103100110141'),
(5, '2023-06-22', '14:45:00', 1, '202103100110141'),
(5, '2023-06-23', '14:45:00', 1, '202103100110141'),
(5, '2023-06-24', '13:45:00', 1, '202103100110141'),
(5, '2023-06-24', '14:45:00', 1, '202103100110141'),
(5, '2023-06-25', '13:45:00', 0, '202103100110141'),
(5, '2023-06-25', '14:45:00', 1, '202103100110141'),
(5, '2023-06-26', '13:45:00', 0, '202103100110141'),
(5, '2023-06-28', '13:45:00', 1, '202103100110141'),
(5, '2023-06-28', '14:45:00', 1, '202103100110141'),
(5, '2023-06-29', '13:45:00', 1, '202103100110141'),
(5, '2023-06-29', '14:45:00', 1, '202103100110141'),
(5, '2023-06-30', '13:45:00', 0, '202103100110141'),
(5, '2023-06-30', '14:45:00', 1, '202103100110141'),
(5, '2023-07-01', '13:45:00', 0, '202103100110141'),
(5, '2023-07-01', '14:45:00', 0, '202103100110141'),
(5, '2023-07-02', '13:45:00', 1, '202103100110141'),
(5, '2023-07-02', '14:45:00', 1, '202103100110141'),
(5, '2023-07-03', '13:45:00', 0, '202103100110141'),
(5, '2023-07-03', '14:45:00', 0, '202103100110141'),
(5, '2023-07-05', '13:45:00', 1, '202103100110141'),
(5, '2023-07-05', '14:45:00', 1, '202103100110141'),
(5, '2023-07-06', '13:45:00', 0, '202103100110141'),
(5, '2023-07-06', '14:45:00', 0, '202103100110141'),
(5, '2023-07-07', '13:45:00', 1, '202103100110141'),
(5, '2023-07-07', '14:45:00', 1, '202103100110141'),
(5, '2023-07-08', '13:45:00', 1, '202103100110141'),
(5, '2023-07-08', '14:45:00', 1, '202103100110141'),
(5, '2023-07-09', '13:45:00', 1, '202103100110141'),
(5, '2023-07-09', '14:45:00', 1, '202103100110141'),
(5, '2023-07-10', '13:45:00', 1, '202103100110141'),
(5, '2023-07-10', '14:45:00', 1, '202103100110141'),
(5, '2023-07-13', '13:45:00', 1, '202103100110141'),
(5, '2023-07-13', '14:45:00', 1, '202103100110141'),
(5, '2023-07-14', '13:45:00', 1, '202103100110141'),
(5, '2023-07-14', '14:45:00', 1, '202103100110141'),
(5, '2023-07-15', '13:45:00', 1, '202103100110141'),
(5, '2023-07-15', '14:45:00', 1, '202103100110141'),
(5, '2023-07-16', '13:45:00', 1, '202103100110141'),
(5, '2023-07-16', '14:45:00', 1, '202103100110141'),
(5, '2023-07-17', '13:45:00', 1, '202103100110141'),
(5, '2023-07-17', '14:45:00', 0, '202103100110141'),
(5, '2023-07-19', '13:45:00', 1, '202103100110141'),
(5, '2023-07-19', '14:45:00', 1, '202103100110141'),
(5, '2023-07-20', '13:45:00', 1, '202103100110141'),
(5, '2023-07-20', '14:45:00', 1, '202103100110141'),
(5, '2023-07-22', '13:45:00', 1, '202103100110141'),
(5, '2023-07-22', '14:45:00', 0, '202103100110141'),
(5, '2023-07-23', '13:45:00', 1, '202103100110141'),
(5, '2023-07-23', '14:45:00', 1, '202103100110141'),
(5, '2023-07-24', '13:45:00', 1, '202103100110141'),
(5, '2023-07-24', '14:45:00', 1, '202103100110141'),
(5, '2023-07-26', '13:45:00', 1, '202103100110141'),
(5, '2023-07-26', '14:45:00', 1, '202103100110141'),
(5, '2023-07-27', '13:45:00', 1, '202103100110141'),
(5, '2023-07-27', '14:45:00', 1, '202103100110141'),
(5, '2023-07-28', '13:45:00', 1, '202103100110141'),
(5, '2023-07-28', '14:45:00', 1, '202103100110141'),
(5, '2023-07-29', '13:45:00', 0, '202103100110141'),
(5, '2023-07-29', '14:45:00', 0, '202103100110141'),
(5, '2023-07-30', '13:45:00', 1, '202103100110141'),
(5, '2023-07-30', '14:45:00', 1, '202103100110141'),
(5, '2023-07-31', '13:45:00', 1, '202103100110141'),
(5, '2023-07-31', '14:45:00', 1, '202103100110141'),
(5, '2023-08-02', '13:45:00', 1, '202103100110141'),
(5, '2023-08-02', '14:45:00', 1, '202103100110141'),
(5, '2023-08-03', '13:45:00', 0, '202103100110141'),
(5, '2023-08-03', '14:45:00', 0, '202103100110141'),
(5, '2023-08-04', '13:45:00', 1, '202103100110141'),
(5, '2023-08-04', '14:45:00', 1, '202103100110141'),
(5, '2023-08-05', '13:45:00', 0, '202103100110141'),
(5, '2023-08-05', '14:45:00', 0, '202103100110141'),
(5, '2023-08-06', '13:45:00', 0, '202103100110141'),
(5, '2023-08-06', '14:45:00', 0, '202103100110141'),
(5, '2023-08-07', '13:45:00', 1, '202103100110141'),
(5, '2023-08-07', '14:45:00', 1, '202103100110141'),
(5, '2023-08-09', '13:45:00', 1, '202103100110141'),
(5, '2023-08-09', '14:45:00', 1, '202103100110141'),
(5, '2023-08-10', '13:45:00', 1, '202103100110141'),
(5, '2023-08-10', '14:45:00', 1, '202103100110141'),
(5, '2023-08-12', '13:45:00', 1, '202103100110141'),
(5, '2023-08-12', '14:45:00', 1, '202103100110141'),
(5, '2023-08-13', '13:45:00', 1, '202103100110141'),
(5, '2023-08-13', '14:45:00', 1, '202103100110141'),
(5, '2023-08-14', '13:45:00', 1, '202103100110141'),
(5, '2023-08-14', '14:45:00', 1, '202103100110141'),
(5, '2023-08-17', '13:45:00', 1, '202103100110141'),
(5, '2023-08-17', '14:45:00', 0, '202103100110141'),
(5, '2023-08-18', '13:45:00', 1, '202103100110141'),
(5, '2023-08-18', '14:45:00', 1, '202103100110141'),
(5, '2023-08-19', '13:45:00', 1, '202103100110141'),
(5, '2023-08-19', '14:45:00', 1, '202103100110141'),
(5, '2023-08-23', '13:45:00', 1, '202103100110141'),
(5, '2023-08-23', '14:45:00', 1, '202103100110141'),
(5, '2023-08-24', '13:45:00', 1, '202103100110141'),
(5, '2023-08-24', '14:45:00', 1, '202103100110141'),
(5, '2023-08-25', '13:45:00', 1, '202103100110141'),
(5, '2023-08-25', '14:45:00', 0, '202103100110141'),
(5, '2023-08-26', '13:45:00', 1, '202103100110141'),
(5, '2023-08-26', '14:45:00', 1, '202103100110141'),
(5, '2023-08-27', '13:45:00', 1, '202103100110141'),
(5, '2023-08-27', '14:45:00', 1, '202103100110141'),
(5, '2023-08-28', '13:45:00', 0, '202103100110141'),
(5, '2023-08-28', '14:45:00', 0, '202103100110141'),
(5, '2023-08-30', '13:45:00', 1, '202103100110141'),
(5, '2023-08-30', '14:45:00', 1, '202103100110141'),
(5, '2023-09-01', '13:45:00', 0, '202103100110141'),
(5, '2023-09-01', '14:45:00', 0, '202103100110141'),
(5, '2023-09-02', '13:45:00', 1, '202103100110141'),
(5, '2023-09-02', '14:45:00', 1, '202103100110141'),
(5, '2023-09-03', '13:45:00', 0, '202103100110141'),
(5, '2023-09-03', '14:45:00', 0, '202103100110141'),
(5, '2023-09-04', '13:45:00', 1, '202103100110141'),
(5, '2023-09-04', '14:45:00', 1, '202103100110141'),
(5, '2023-09-06', '13:45:00', 0, '202103100110141'),
(5, '2023-09-06', '14:45:00', 0, '202103100110141'),
(5, '2023-09-07', '13:45:00', 1, '202103100110141'),
(5, '2023-09-07', '14:45:00', 1, '202103100110141'),
(5, '2023-09-08', '13:45:00', 1, '202103100110141'),
(5, '2023-09-08', '14:45:00', 1, '202103100110141'),
(5, '2023-09-09', '13:45:00', 1, '202103100110141'),
(5, '2023-09-09', '14:45:00', 1, '202103100110141'),
(5, '2023-09-11', '13:45:00', 1, '202103100110141'),
(5, '2023-09-11', '14:45:00', 1, '202103100110141'),
(5, '2023-09-13', '13:45:00', 1, '202103100110141'),
(5, '2023-09-13', '14:45:00', 1, '202103100110141'),
(5, '2023-09-14', '13:45:00', 1, '202103100110141'),
(5, '2023-09-14', '14:45:00', 1, '202103100110141'),
(5, '2023-09-15', '13:45:00', 1, '202103100110141'),
(5, '2023-09-15', '14:45:00', 1, '202103100110141'),
(5, '2023-09-16', '13:45:00', 1, '202103100110141'),
(5, '2023-09-16', '14:45:00', 1, '202103100110141'),
(5, '2023-09-17', '13:45:00', 1, '202103100110141'),
(5, '2023-09-17', '14:45:00', 0, '202103100110141'),
(5, '2023-09-18', '13:45:00', 1, '202103100110141'),
(5, '2023-09-18', '14:45:00', 1, '202103100110141'),
(5, '2023-09-20', '13:45:00', 1, '202103100110141'),
(5, '2023-09-20', '14:45:00', 1, '202103100110141'),
(5, '2023-09-21', '13:45:00', 1, '202103100110141'),
(5, '2023-09-21', '14:45:00', 0, '202103100110141'),
(5, '2023-09-22', '13:45:00', 1, '202103100110141');
INSERT INTO `attendance` (`cse_id`, `att_date`, `att_time`, `att_status`, `stud_id`) VALUES
(5, '2023-09-22', '14:45:00', 0, '202103100110141'),
(5, '2023-09-23', '13:45:00', 1, '202103100110141'),
(5, '2023-09-23', '14:45:00', 1, '202103100110141'),
(5, '2023-09-24', '13:45:00', 1, '202103100110141'),
(5, '2023-09-24', '14:45:00', 1, '202103100110141'),
(5, '2023-09-25', '13:45:00', 1, '202103100110141'),
(5, '2023-09-25', '14:45:00', 1, '202103100110141'),
(5, '2023-09-27', '13:45:00', 1, '202103100110141'),
(5, '2023-09-27', '14:45:00', 1, '202103100110141'),
(5, '2023-09-28', '13:45:00', 1, '202103100110141'),
(5, '2023-09-28', '14:45:00', 1, '202103100110141'),
(5, '2023-09-29', '13:45:00', 0, '202103100110141'),
(5, '2023-09-29', '14:45:00', 0, '202103100110141'),
(5, '2023-09-30', '13:45:00', 1, '202103100110141'),
(5, '2023-09-30', '14:45:00', 1, '202103100110141'),
(5, '2023-10-01', '13:45:00', 1, '202103100110141'),
(5, '2023-10-01', '14:45:00', 1, '202103100110141'),
(5, '2023-10-04', '13:45:00', 1, '202103100110141'),
(5, '2023-10-04', '14:45:00', 1, '202103100110141'),
(5, '2023-10-05', '13:45:00', 1, '202103100110141'),
(5, '2023-10-05', '14:45:00', 1, '202103100110141'),
(5, '2023-10-06', '13:45:00', 0, '202103100110141'),
(5, '2023-10-06', '14:45:00', 0, '202103100110141'),
(5, '2023-10-07', '13:45:00', 1, '202103100110141'),
(5, '2023-10-07', '14:45:00', 1, '202103100110141'),
(5, '2023-10-08', '13:45:00', 1, '202103100110141'),
(5, '2023-10-08', '14:45:00', 1, '202103100110141'),
(5, '2023-10-09', '13:45:00', 1, '202103100110141'),
(5, '2023-10-09', '14:45:00', 1, '202103100110141'),
(5, '2023-10-11', '13:45:00', 1, '202103100110141'),
(5, '2023-10-11', '14:45:00', 1, '202103100110141'),
(5, '2023-10-16', '13:45:00', 1, '202103100110141'),
(5, '2023-10-16', '14:45:00', 1, '202103100110141'),
(5, '2023-10-21', '13:45:00', 1, '202103100110141'),
(5, '2023-10-21', '14:45:00', 1, '202103100110141'),
(5, '2023-10-22', '13:45:00', 1, '202103100110141'),
(5, '2023-10-22', '14:45:00', 0, '202103100110141'),
(5, '2023-10-23', '13:45:00', 1, '202103100110141'),
(5, '2023-10-23', '14:45:00', 1, '202103100110141'),
(5, '2023-10-25', '13:45:00', 1, '202103100110141'),
(5, '2023-10-25', '14:45:00', 1, '202103100110141'),
(5, '2023-10-26', '13:45:00', 1, '202103100110141'),
(5, '2023-10-26', '14:45:00', 1, '202103100110141'),
(5, '2023-10-27', '13:45:00', 1, '202103100110141'),
(5, '2023-10-27', '14:45:00', 1, '202103100110141'),
(5, '2023-10-28', '13:45:00', 1, '202103100110141'),
(5, '2023-10-28', '14:45:00', 1, '202103100110141'),
(5, '2023-10-29', '13:45:00', 0, '202103100110141'),
(5, '2023-10-29', '14:45:00', 0, '202103100110141'),
(5, '2023-10-30', '13:45:00', 1, '202103100110141'),
(5, '2023-10-30', '14:45:00', 1, '202103100110141'),
(5, '2023-11-15', '13:45:00', 1, '202103100110141'),
(5, '2023-11-15', '14:45:00', 1, '202103100110141'),
(5, '2023-11-16', '13:45:00', 1, '202103100110141'),
(5, '2023-11-16', '14:45:00', 1, '202103100110141'),
(5, '2023-11-17', '13:45:00', 1, '202103100110141'),
(5, '2023-11-17', '14:45:00', 0, '202103100110141'),
(5, '2023-11-18', '13:45:00', 1, '202103100110141'),
(5, '2023-11-18', '14:45:00', 1, '202103100110141'),
(5, '2023-11-20', '13:45:00', 1, '202103100110141'),
(5, '2023-11-20', '14:45:00', 1, '202103100110141'),
(5, '2023-11-22', '13:45:00', 1, '202103100110141'),
(5, '2023-11-22', '14:45:00', 0, '202103100110141'),
(5, '2023-11-23', '13:45:00', 1, '202103100110141'),
(5, '2023-11-23', '14:45:00', 1, '202103100110141'),
(5, '2023-11-25', '13:45:00', 1, '202103100110141'),
(5, '2023-11-25', '14:45:00', 1, '202103100110141'),
(5, '2023-11-26', '13:45:00', 1, '202103100110141'),
(5, '2023-11-26', '14:45:00', 1, '202103100110141'),
(5, '2023-11-27', '13:45:00', 1, '202103100110141'),
(5, '2023-11-27', '14:45:00', 1, '202103100110141'),
(5, '2023-11-29', '13:45:00', 0, '202103100110141'),
(5, '2023-11-29', '14:45:00', 0, '202103100110141'),
(5, '2023-11-30', '13:45:00', 1, '202103100110141'),
(5, '2023-11-30', '14:45:00', 1, '202103100110141'),
(5, '2023-12-01', '13:45:00', 1, '202103100110141'),
(5, '2023-12-01', '14:45:00', 1, '202103100110141'),
(5, '2023-12-02', '13:45:00', 1, '202103100110141'),
(5, '2023-12-02', '14:45:00', 1, '202103100110141'),
(5, '2023-12-03', '13:45:00', 1, '202103100110141'),
(5, '2023-12-03', '14:45:00', 1, '202103100110141'),
(5, '2023-12-04', '13:45:00', 1, '202103100110141'),
(5, '2023-12-04', '14:45:00', 1, '202103100110141'),
(5, '2023-12-06', '13:45:00', 0, '202103100110141'),
(5, '2023-12-06', '14:45:00', 0, '202103100110141'),
(5, '2023-12-07', '13:45:00', 1, '202103100110141'),
(5, '2023-12-07', '14:45:00', 1, '202103100110141'),
(5, '2023-12-08', '13:45:00', 1, '202103100110141'),
(5, '2023-12-08', '14:45:00', 1, '202103100110141'),
(5, '2023-12-09', '13:45:00', 1, '202103100110141'),
(5, '2023-12-09', '14:45:00', 1, '202103100110141'),
(5, '2023-12-10', '13:45:00', 0, '202103100110141'),
(5, '2023-12-10', '14:45:00', 0, '202103100110141'),
(5, '2023-12-11', '13:45:00', 1, '202103100110141'),
(5, '2023-12-11', '14:45:00', 1, '202103100110141'),
(5, '2023-12-13', '13:45:00', 0, '202103100110141'),
(5, '2023-12-13', '14:45:00', 0, '202103100110141'),
(5, '2023-12-14', '13:45:00', 0, '202103100110141'),
(5, '2023-12-14', '14:45:00', 0, '202103100110141'),
(5, '2023-12-15', '13:45:00', 0, '202103100110141'),
(5, '2023-12-15', '14:45:00', 0, '202103100110141'),
(5, '2023-12-16', '13:45:00', 1, '202103100110141'),
(5, '2023-12-16', '14:45:00', 1, '202103100110141'),
(5, '2023-12-17', '13:45:00', 1, '202103100110141'),
(5, '2023-12-17', '14:45:00', 1, '202103100110141'),
(5, '2023-12-18', '13:45:00', 1, '202103100110141'),
(5, '2023-12-18', '14:45:00', 1, '202103100110141'),
(5, '2023-12-20', '13:45:00', 1, '202103100110141'),
(5, '2023-12-20', '14:45:00', 1, '202103100110141'),
(5, '2023-12-21', '13:45:00', 1, '202103100110141'),
(5, '2023-12-21', '14:45:00', 1, '202103100110141'),
(5, '2023-12-22', '13:45:00', 1, '202103100110141'),
(5, '2023-12-22', '14:45:00', 0, '202103100110141'),
(5, '2023-12-23', '13:45:00', 1, '202103100110141'),
(5, '2023-12-23', '14:45:00', 1, '202103100110141'),
(5, '2023-12-27', '13:45:00', 1, '202103100110141'),
(5, '2023-12-27', '14:45:00', 1, '202103100110141'),
(5, '2023-12-28', '13:45:00', 1, '202103100110141'),
(5, '2023-12-28', '14:45:00', 1, '202103100110141'),
(5, '2023-12-29', '13:45:00', 0, '202103100110141'),
(5, '2023-12-29', '14:45:00', 0, '202103100110141'),
(5, '2023-12-30', '13:45:00', 1, '202103100110141'),
(5, '2023-12-30', '14:45:00', 1, '202103100110141'),
(5, '2023-12-31', '13:45:00', 1, '202103100110141'),
(5, '2023-12-31', '14:45:00', 1, '202103100110141'),
(5, '2023-04-05', '13:45:00', 1, '202103100110143'),
(5, '2023-04-06', '13:45:00', 0, '202103100110143'),
(5, '2023-04-06', '14:45:00', 1, '202103100110143'),
(5, '2023-04-08', '14:45:00', 0, '202103100110143'),
(5, '2023-04-09', '14:45:00', 1, '202103100110143'),
(5, '2023-04-10', '13:45:00', 0, '202103100110143'),
(5, '2023-04-10', '14:45:00', 0, '202103100110143'),
(5, '2023-04-12', '13:45:00', 0, '202103100110143'),
(5, '2023-04-16', '14:45:00', 1, '202103100110143'),
(5, '2023-04-17', '14:45:00', 1, '202103100110143'),
(5, '2023-04-19', '14:45:00', 0, '202103100110143'),
(5, '2023-04-20', '13:45:00', 0, '202103100110143'),
(5, '2023-04-22', '14:45:00', 0, '202103100110143'),
(5, '2023-04-23', '13:45:00', 0, '202103100110143'),
(5, '2023-04-23', '14:45:00', 0, '202103100110143'),
(5, '2023-04-24', '13:45:00', 0, '202103100110143'),
(5, '2023-04-24', '14:45:00', 0, '202103100110143'),
(5, '2023-04-26', '13:45:00', 0, '202103100110143'),
(5, '2023-04-26', '14:45:00', 0, '202103100110143'),
(5, '2023-04-27', '13:45:00', 1, '202103100110143'),
(5, '2023-04-27', '14:45:00', 0, '202103100110143'),
(5, '2023-04-28', '13:45:00', 0, '202103100110143'),
(5, '2023-04-28', '14:45:00', 0, '202103100110143'),
(5, '2023-04-29', '13:45:00', 0, '202103100110143'),
(5, '2023-04-29', '14:45:00', 0, '202103100110143'),
(5, '2023-04-30', '13:45:00', 1, '202103100110143'),
(5, '2023-04-30', '14:45:00', 1, '202103100110143'),
(5, '2023-06-07', '14:45:00', 1, '202103100110143'),
(5, '2023-06-08', '14:45:00', 0, '202103100110143'),
(5, '2023-06-09', '13:45:00', 0, '202103100110143'),
(5, '2023-06-10', '14:45:00', 0, '202103100110143'),
(5, '2023-06-11', '13:45:00', 0, '202103100110143'),
(5, '2023-06-11', '14:45:00', 0, '202103100110143'),
(5, '2023-06-12', '13:45:00', 0, '202103100110143'),
(5, '2023-06-12', '14:45:00', 0, '202103100110143'),
(5, '2023-06-14', '13:45:00', 1, '202103100110143'),
(5, '2023-06-14', '14:45:00', 0, '202103100110143'),
(5, '2023-06-15', '13:45:00', 1, '202103100110143'),
(5, '2023-06-15', '14:45:00', 1, '202103100110143'),
(5, '2023-06-16', '13:45:00', 0, '202103100110143'),
(5, '2023-06-16', '14:45:00', 0, '202103100110143'),
(5, '2023-06-21', '13:45:00', 0, '202103100110143'),
(5, '2023-06-21', '14:45:00', 0, '202103100110143'),
(5, '2023-06-22', '13:45:00', 0, '202103100110143'),
(5, '2023-06-22', '14:45:00', 0, '202103100110143'),
(5, '2023-06-23', '14:45:00', 0, '202103100110143'),
(5, '2023-06-24', '13:45:00', 0, '202103100110143'),
(5, '2023-06-24', '14:45:00', 0, '202103100110143'),
(5, '2023-06-25', '13:45:00', 0, '202103100110143'),
(5, '2023-06-25', '14:45:00', 1, '202103100110143'),
(5, '2023-06-26', '13:45:00', 0, '202103100110143'),
(5, '2023-06-28', '13:45:00', 0, '202103100110143'),
(5, '2023-06-28', '14:45:00', 0, '202103100110143'),
(5, '2023-06-29', '13:45:00', 0, '202103100110143'),
(5, '2023-06-29', '14:45:00', 0, '202103100110143'),
(5, '2023-06-30', '13:45:00', 0, '202103100110143'),
(5, '2023-06-30', '14:45:00', 1, '202103100110143'),
(5, '2023-07-01', '13:45:00', 0, '202103100110143'),
(5, '2023-07-01', '14:45:00', 0, '202103100110143'),
(5, '2023-07-02', '13:45:00', 1, '202103100110143'),
(5, '2023-07-02', '14:45:00', 1, '202103100110143'),
(5, '2023-07-03', '13:45:00', 0, '202103100110143'),
(5, '2023-07-03', '14:45:00', 0, '202103100110143'),
(5, '2023-07-05', '13:45:00', 1, '202103100110143'),
(5, '2023-07-05', '14:45:00', 1, '202103100110143'),
(5, '2023-07-06', '13:45:00', 0, '202103100110143'),
(5, '2023-07-06', '14:45:00', 0, '202103100110143'),
(5, '2023-07-07', '13:45:00', 1, '202103100110143'),
(5, '2023-07-07', '14:45:00', 1, '202103100110143'),
(5, '2023-07-08', '13:45:00', 1, '202103100110143'),
(5, '2023-07-08', '14:45:00', 1, '202103100110143'),
(5, '2023-07-09', '13:45:00', 0, '202103100110143'),
(5, '2023-07-09', '14:45:00', 0, '202103100110143'),
(5, '2023-07-10', '13:45:00', 0, '202103100110143'),
(5, '2023-07-10', '14:45:00', 0, '202103100110143'),
(5, '2023-07-13', '13:45:00', 0, '202103100110143'),
(5, '2023-07-13', '14:45:00', 0, '202103100110143'),
(5, '2023-07-14', '13:45:00', 0, '202103100110143'),
(5, '2023-07-14', '14:45:00', 0, '202103100110143'),
(5, '2023-07-15', '13:45:00', 0, '202103100110143'),
(5, '2023-07-15', '14:45:00', 0, '202103100110143'),
(5, '2023-07-16', '13:45:00', 0, '202103100110143'),
(5, '2023-07-16', '14:45:00', 0, '202103100110143'),
(5, '2023-07-17', '13:45:00', 0, '202103100110143'),
(5, '2023-07-17', '14:45:00', 0, '202103100110143'),
(5, '2023-07-19', '13:45:00', 1, '202103100110143'),
(5, '2023-07-19', '14:45:00', 0, '202103100110143'),
(5, '2023-07-20', '13:45:00', 0, '202103100110143'),
(5, '2023-07-20', '14:45:00', 0, '202103100110143'),
(5, '2023-07-22', '13:45:00', 0, '202103100110143'),
(5, '2023-07-22', '14:45:00', 0, '202103100110143'),
(5, '2023-07-23', '13:45:00', 1, '202103100110143'),
(5, '2023-07-23', '14:45:00', 0, '202103100110143'),
(5, '2023-07-24', '13:45:00', 1, '202103100110143'),
(5, '2023-07-24', '14:45:00', 0, '202103100110143'),
(5, '2023-07-26', '13:45:00', 1, '202103100110143'),
(5, '2023-07-26', '14:45:00', 0, '202103100110143'),
(5, '2023-07-27', '13:45:00', 1, '202103100110143'),
(5, '2023-07-27', '14:45:00', 0, '202103100110143'),
(5, '2023-07-28', '13:45:00', 0, '202103100110143'),
(5, '2023-07-28', '14:45:00', 0, '202103100110143'),
(5, '2023-07-29', '13:45:00', 0, '202103100110143'),
(5, '2023-07-29', '14:45:00', 0, '202103100110143'),
(5, '2023-07-30', '13:45:00', 1, '202103100110143'),
(5, '2023-07-30', '14:45:00', 0, '202103100110143'),
(5, '2023-07-31', '13:45:00', 1, '202103100110143'),
(5, '2023-07-31', '14:45:00', 0, '202103100110143'),
(5, '2023-08-02', '13:45:00', 1, '202103100110143'),
(5, '2023-08-02', '14:45:00', 1, '202103100110143'),
(5, '2023-08-03', '13:45:00', 0, '202103100110143'),
(5, '2023-08-03', '14:45:00', 0, '202103100110143'),
(5, '2023-08-04', '13:45:00', 1, '202103100110143'),
(5, '2023-08-04', '14:45:00', 1, '202103100110143'),
(5, '2023-08-05', '13:45:00', 0, '202103100110143'),
(5, '2023-08-05', '14:45:00', 0, '202103100110143'),
(5, '2023-08-06', '13:45:00', 0, '202103100110143'),
(5, '2023-08-06', '14:45:00', 0, '202103100110143'),
(5, '2023-08-07', '13:45:00', 1, '202103100110143'),
(5, '2023-08-07', '14:45:00', 1, '202103100110143'),
(5, '2023-08-09', '13:45:00', 0, '202103100110143'),
(5, '2023-08-09', '14:45:00', 0, '202103100110143'),
(5, '2023-08-10', '13:45:00', 0, '202103100110143'),
(5, '2023-08-10', '14:45:00', 0, '202103100110143'),
(5, '2023-08-12', '13:45:00', 1, '202103100110143'),
(5, '2023-08-12', '14:45:00', 1, '202103100110143'),
(5, '2023-08-13', '13:45:00', 0, '202103100110143'),
(5, '2023-08-13', '14:45:00', 0, '202103100110143'),
(5, '2023-08-14', '13:45:00', 0, '202103100110143'),
(5, '2023-08-14', '14:45:00', 0, '202103100110143'),
(5, '2023-08-17', '13:45:00', 0, '202103100110143'),
(5, '2023-08-17', '14:45:00', 0, '202103100110143'),
(5, '2023-08-18', '13:45:00', 1, '202103100110143'),
(5, '2023-08-18', '14:45:00', 1, '202103100110143'),
(5, '2023-08-19', '13:45:00', 1, '202103100110143'),
(5, '2023-08-19', '14:45:00', 0, '202103100110143'),
(5, '2023-08-23', '13:45:00', 1, '202103100110143'),
(5, '2023-08-23', '14:45:00', 0, '202103100110143'),
(5, '2023-08-24', '13:45:00', 1, '202103100110143'),
(5, '2023-08-24', '14:45:00', 0, '202103100110143'),
(5, '2023-08-25', '13:45:00', 0, '202103100110143'),
(5, '2023-08-25', '14:45:00', 0, '202103100110143'),
(5, '2023-08-26', '13:45:00', 1, '202103100110143'),
(5, '2023-08-26', '14:45:00', 0, '202103100110143'),
(5, '2023-08-27', '13:45:00', 1, '202103100110143'),
(5, '2023-08-27', '14:45:00', 0, '202103100110143'),
(5, '2023-08-28', '13:45:00', 0, '202103100110143'),
(5, '2023-08-28', '14:45:00', 0, '202103100110143'),
(5, '2023-08-30', '13:45:00', 1, '202103100110143'),
(5, '2023-08-30', '14:45:00', 0, '202103100110143'),
(5, '2023-09-01', '13:45:00', 0, '202103100110143'),
(5, '2023-09-01', '14:45:00', 0, '202103100110143'),
(5, '2023-09-02', '13:45:00', 1, '202103100110143'),
(5, '2023-09-02', '14:45:00', 1, '202103100110143'),
(5, '2023-09-03', '13:45:00', 0, '202103100110143'),
(5, '2023-09-03', '14:45:00', 0, '202103100110143'),
(5, '2023-09-04', '13:45:00', 1, '202103100110143'),
(5, '2023-09-04', '14:45:00', 1, '202103100110143'),
(5, '2023-09-06', '13:45:00', 0, '202103100110143'),
(5, '2023-09-06', '14:45:00', 0, '202103100110143'),
(5, '2023-09-07', '13:45:00', 1, '202103100110143'),
(5, '2023-09-07', '14:45:00', 1, '202103100110143'),
(5, '2023-09-08', '13:45:00', 1, '202103100110143'),
(5, '2023-09-08', '14:45:00', 1, '202103100110143'),
(5, '2023-09-09', '13:45:00', 0, '202103100110143'),
(5, '2023-09-09', '14:45:00', 0, '202103100110143'),
(5, '2023-09-11', '13:45:00', 0, '202103100110143'),
(5, '2023-09-11', '14:45:00', 0, '202103100110143'),
(5, '2023-09-13', '13:45:00', 0, '202103100110143'),
(5, '2023-09-13', '14:45:00', 0, '202103100110143'),
(5, '2023-09-14', '13:45:00', 0, '202103100110143'),
(5, '2023-09-14', '14:45:00', 0, '202103100110143'),
(5, '2023-09-15', '13:45:00', 0, '202103100110143'),
(5, '2023-09-15', '14:45:00', 0, '202103100110143'),
(5, '2023-09-16', '13:45:00', 0, '202103100110143'),
(5, '2023-09-16', '14:45:00', 0, '202103100110143'),
(5, '2023-09-17', '13:45:00', 0, '202103100110143'),
(5, '2023-09-17', '14:45:00', 0, '202103100110143'),
(5, '2023-09-18', '13:45:00', 1, '202103100110143'),
(5, '2023-09-18', '14:45:00', 0, '202103100110143'),
(5, '2023-09-20', '13:45:00', 0, '202103100110143'),
(5, '2023-09-20', '14:45:00', 0, '202103100110143'),
(5, '2023-09-21', '13:45:00', 0, '202103100110143'),
(5, '2023-09-21', '14:45:00', 0, '202103100110143'),
(5, '2023-09-22', '13:45:00', 0, '202103100110143'),
(5, '2023-09-22', '14:45:00', 0, '202103100110143'),
(5, '2023-09-23', '13:45:00', 1, '202103100110143'),
(5, '2023-09-23', '14:45:00', 0, '202103100110143'),
(5, '2023-09-24', '13:45:00', 1, '202103100110143'),
(5, '2023-09-24', '14:45:00', 0, '202103100110143'),
(5, '2023-09-25', '13:45:00', 1, '202103100110143'),
(5, '2023-09-25', '14:45:00', 0, '202103100110143'),
(5, '2023-09-27', '13:45:00', 1, '202103100110143'),
(5, '2023-09-27', '14:45:00', 0, '202103100110143'),
(5, '2023-09-28', '13:45:00', 0, '202103100110143'),
(5, '2023-09-28', '14:45:00', 0, '202103100110143'),
(5, '2023-09-29', '13:45:00', 0, '202103100110143'),
(5, '2023-09-29', '14:45:00', 0, '202103100110143'),
(5, '2023-09-30', '13:45:00', 1, '202103100110143'),
(5, '2023-09-30', '14:45:00', 0, '202103100110143'),
(5, '2023-10-01', '13:45:00', 1, '202103100110143'),
(5, '2023-10-01', '14:45:00', 0, '202103100110143'),
(5, '2023-10-04', '13:45:00', 1, '202103100110143'),
(5, '2023-10-04', '14:45:00', 1, '202103100110143'),
(5, '2023-10-05', '13:45:00', 1, '202103100110143'),
(5, '2023-10-05', '14:45:00', 1, '202103100110143'),
(5, '2023-10-06', '13:45:00', 0, '202103100110143'),
(5, '2023-10-06', '14:45:00', 0, '202103100110143'),
(5, '2023-10-07', '13:45:00', 1, '202103100110143'),
(5, '2023-10-07', '14:45:00', 1, '202103100110143'),
(5, '2023-10-08', '13:45:00', 1, '202103100110143'),
(5, '2023-10-08', '14:45:00', 1, '202103100110143'),
(5, '2023-10-09', '13:45:00', 0, '202103100110143'),
(5, '2023-10-09', '14:45:00', 0, '202103100110143'),
(5, '2023-10-11', '13:45:00', 0, '202103100110143'),
(5, '2023-10-11', '14:45:00', 0, '202103100110143'),
(5, '2023-10-16', '13:45:00', 0, '202103100110143'),
(5, '2023-10-16', '14:45:00', 0, '202103100110143'),
(5, '2023-10-21', '13:45:00', 1, '202103100110143'),
(5, '2023-10-21', '14:45:00', 0, '202103100110143'),
(5, '2023-10-22', '13:45:00', 0, '202103100110143'),
(5, '2023-10-22', '14:45:00', 0, '202103100110143'),
(5, '2023-10-23', '13:45:00', 1, '202103100110143'),
(5, '2023-10-23', '14:45:00', 0, '202103100110143'),
(5, '2023-10-25', '13:45:00', 1, '202103100110143'),
(5, '2023-10-25', '14:45:00', 0, '202103100110143'),
(5, '2023-10-26', '13:45:00', 1, '202103100110143'),
(5, '2023-10-26', '14:45:00', 0, '202103100110143'),
(5, '2023-10-27', '13:45:00', 1, '202103100110143'),
(5, '2023-10-27', '14:45:00', 0, '202103100110143'),
(5, '2023-10-28', '13:45:00', 0, '202103100110143'),
(5, '2023-10-28', '14:45:00', 0, '202103100110143'),
(5, '2023-10-29', '13:45:00', 0, '202103100110143'),
(5, '2023-10-29', '14:45:00', 0, '202103100110143'),
(5, '2023-10-30', '13:45:00', 1, '202103100110143'),
(5, '2023-10-30', '14:45:00', 0, '202103100110143'),
(5, '2023-11-15', '13:45:00', 0, '202103100110143'),
(5, '2023-11-15', '14:45:00', 0, '202103100110143'),
(5, '2023-11-16', '13:45:00', 0, '202103100110143'),
(5, '2023-11-16', '14:45:00', 0, '202103100110143'),
(5, '2023-11-17', '13:45:00', 0, '202103100110143'),
(5, '2023-11-17', '14:45:00', 0, '202103100110143'),
(5, '2023-11-18', '13:45:00', 1, '202103100110143'),
(5, '2023-11-18', '14:45:00', 0, '202103100110143'),
(5, '2023-11-20', '13:45:00', 0, '202103100110143'),
(5, '2023-11-20', '14:45:00', 0, '202103100110143'),
(5, '2023-11-22', '13:45:00', 0, '202103100110143'),
(5, '2023-11-22', '14:45:00', 0, '202103100110143'),
(5, '2023-11-23', '13:45:00', 1, '202103100110143'),
(5, '2023-11-23', '14:45:00', 0, '202103100110143'),
(5, '2023-11-25', '13:45:00', 0, '202103100110143'),
(5, '2023-11-25', '14:45:00', 0, '202103100110143'),
(5, '2023-11-26', '13:45:00', 1, '202103100110143'),
(5, '2023-11-26', '14:45:00', 0, '202103100110143'),
(5, '2023-11-27', '13:45:00', 1, '202103100110143'),
(5, '2023-11-27', '14:45:00', 0, '202103100110143'),
(5, '2023-11-29', '13:45:00', 0, '202103100110143'),
(5, '2023-11-29', '14:45:00', 0, '202103100110143'),
(5, '2023-11-30', '13:45:00', 1, '202103100110143'),
(5, '2023-11-30', '14:45:00', 0, '202103100110143'),
(5, '2023-12-01', '13:45:00', 1, '202103100110143'),
(5, '2023-12-01', '14:45:00', 0, '202103100110143'),
(5, '2023-12-02', '13:45:00', 1, '202103100110143'),
(5, '2023-12-02', '14:45:00', 0, '202103100110143'),
(5, '2023-12-03', '13:45:00', 1, '202103100110143'),
(5, '2023-12-03', '14:45:00', 0, '202103100110143'),
(5, '2023-12-04', '13:45:00', 1, '202103100110143'),
(5, '2023-12-04', '14:45:00', 1, '202103100110143'),
(5, '2023-12-06', '13:45:00', 0, '202103100110143'),
(5, '2023-12-06', '14:45:00', 0, '202103100110143'),
(5, '2023-12-07', '13:45:00', 1, '202103100110143'),
(5, '2023-12-07', '14:45:00', 1, '202103100110143'),
(5, '2023-12-08', '13:45:00', 1, '202103100110143'),
(5, '2023-12-08', '14:45:00', 1, '202103100110143'),
(5, '2023-12-09', '13:45:00', 0, '202103100110143'),
(5, '2023-12-09', '14:45:00', 0, '202103100110143'),
(5, '2023-12-10', '13:45:00', 0, '202103100110143'),
(5, '2023-12-10', '14:45:00', 0, '202103100110143'),
(5, '2023-12-11', '13:45:00', 0, '202103100110143'),
(5, '2023-12-11', '14:45:00', 0, '202103100110143'),
(5, '2023-12-13', '13:45:00', 0, '202103100110143'),
(5, '2023-12-13', '14:45:00', 0, '202103100110143'),
(5, '2023-12-14', '13:45:00', 0, '202103100110143'),
(5, '2023-12-14', '14:45:00', 0, '202103100110143'),
(5, '2023-12-15', '13:45:00', 0, '202103100110143'),
(5, '2023-12-15', '14:45:00', 0, '202103100110143'),
(5, '2023-12-16', '13:45:00', 0, '202103100110143'),
(5, '2023-12-16', '14:45:00', 0, '202103100110143'),
(5, '2023-12-17', '13:45:00', 0, '202103100110143'),
(5, '2023-12-17', '14:45:00', 0, '202103100110143'),
(5, '2023-12-18', '13:45:00', 0, '202103100110143'),
(5, '2023-12-18', '14:45:00', 0, '202103100110143'),
(5, '2023-12-20', '13:45:00', 0, '202103100110143'),
(5, '2023-12-20', '14:45:00', 0, '202103100110143'),
(5, '2023-12-21', '13:45:00', 1, '202103100110143'),
(5, '2023-12-21', '14:45:00', 0, '202103100110143'),
(5, '2023-12-22', '13:45:00', 0, '202103100110143'),
(5, '2023-12-22', '14:45:00', 0, '202103100110143'),
(5, '2023-12-23', '13:45:00', 1, '202103100110143'),
(5, '2023-12-23', '14:45:00', 0, '202103100110143'),
(5, '2023-12-27', '13:45:00', 1, '202103100110143'),
(5, '2023-12-27', '14:45:00', 0, '202103100110143'),
(5, '2023-12-28', '13:45:00', 0, '202103100110143'),
(5, '2023-12-28', '14:45:00', 0, '202103100110143'),
(5, '2023-12-29', '13:45:00', 0, '202103100110143'),
(5, '2023-12-29', '14:45:00', 0, '202103100110143'),
(5, '2023-12-30', '13:45:00', 1, '202103100110143'),
(5, '2023-12-30', '14:45:00', 0, '202103100110143'),
(5, '2023-12-31', '13:45:00', 1, '202103100110143'),
(5, '2023-12-31', '14:45:00', 0, '202103100110143'),
(5, '2023-04-05', '13:45:00', 1, '202103100110145'),
(5, '2023-04-06', '13:45:00', 1, '202103100110145'),
(5, '2023-04-06', '14:45:00', 1, '202103100110145'),
(5, '2023-04-08', '14:45:00', 1, '202103100110145'),
(5, '2023-04-09', '14:45:00', 1, '202103100110145'),
(5, '2023-04-10', '13:45:00', 1, '202103100110145'),
(5, '2023-04-10', '14:45:00', 1, '202103100110145'),
(5, '2023-04-12', '13:45:00', 1, '202103100110145'),
(5, '2023-04-16', '14:45:00', 1, '202103100110145'),
(5, '2023-04-17', '14:45:00', 1, '202103100110145'),
(5, '2023-04-19', '14:45:00', 1, '202103100110145'),
(5, '2023-04-20', '13:45:00', 1, '202103100110145'),
(5, '2023-04-22', '14:45:00', 1, '202103100110145'),
(5, '2023-04-23', '13:45:00', 1, '202103100110145'),
(5, '2023-04-23', '14:45:00', 1, '202103100110145'),
(5, '2023-04-24', '13:45:00', 1, '202103100110145'),
(5, '2023-04-24', '14:45:00', 1, '202103100110145'),
(5, '2023-04-26', '13:45:00', 0, '202103100110145'),
(5, '2023-04-26', '14:45:00', 1, '202103100110145'),
(5, '2023-04-27', '13:45:00', 1, '202103100110145'),
(5, '2023-04-27', '14:45:00', 1, '202103100110145'),
(5, '2023-04-28', '13:45:00', 1, '202103100110145'),
(5, '2023-04-28', '14:45:00', 1, '202103100110145'),
(5, '2023-04-29', '13:45:00', 1, '202103100110145'),
(5, '2023-04-29', '14:45:00', 1, '202103100110145'),
(5, '2023-04-30', '13:45:00', 1, '202103100110145'),
(5, '2023-04-30', '14:45:00', 1, '202103100110145'),
(5, '2023-06-07', '14:45:00', 1, '202103100110145'),
(5, '2023-06-08', '14:45:00', 1, '202103100110145'),
(5, '2023-06-09', '13:45:00', 1, '202103100110145'),
(5, '2023-06-10', '14:45:00', 1, '202103100110145'),
(5, '2023-06-11', '13:45:00', 1, '202103100110145'),
(5, '2023-06-11', '14:45:00', 1, '202103100110145'),
(5, '2023-06-12', '13:45:00', 0, '202103100110145'),
(5, '2023-06-12', '14:45:00', 0, '202103100110145'),
(5, '2023-06-14', '13:45:00', 1, '202103100110145'),
(5, '2023-06-14', '14:45:00', 0, '202103100110145'),
(5, '2023-06-15', '13:45:00', 1, '202103100110145'),
(5, '2023-06-15', '14:45:00', 1, '202103100110145'),
(5, '2023-06-16', '13:45:00', 0, '202103100110145'),
(5, '2023-06-16', '14:45:00', 1, '202103100110145'),
(5, '2023-06-21', '13:45:00', 1, '202103100110145'),
(5, '2023-06-21', '14:45:00', 1, '202103100110145'),
(5, '2023-06-22', '13:45:00', 1, '202103100110145'),
(5, '2023-06-22', '14:45:00', 1, '202103100110145'),
(5, '2023-06-23', '14:45:00', 1, '202103100110145'),
(5, '2023-06-24', '13:45:00', 1, '202103100110145'),
(5, '2023-06-24', '14:45:00', 1, '202103100110145'),
(5, '2023-06-25', '13:45:00', 0, '202103100110145'),
(5, '2023-06-25', '14:45:00', 1, '202103100110145'),
(5, '2023-06-26', '13:45:00', 0, '202103100110145'),
(5, '2023-06-28', '13:45:00', 1, '202103100110145'),
(5, '2023-06-28', '14:45:00', 1, '202103100110145'),
(5, '2023-06-29', '13:45:00', 1, '202103100110145'),
(5, '2023-06-29', '14:45:00', 1, '202103100110145'),
(5, '2023-06-30', '13:45:00', 1, '202103100110145'),
(5, '2023-06-30', '14:45:00', 1, '202103100110145'),
(5, '2023-07-01', '13:45:00', 0, '202103100110145'),
(5, '2023-07-01', '14:45:00', 0, '202103100110145'),
(5, '2023-07-02', '13:45:00', 1, '202103100110145'),
(5, '2023-07-02', '14:45:00', 1, '202103100110145'),
(5, '2023-07-03', '13:45:00', 0, '202103100110145'),
(5, '2023-07-03', '14:45:00', 0, '202103100110145'),
(5, '2023-07-05', '13:45:00', 1, '202103100110145'),
(5, '2023-07-05', '14:45:00', 1, '202103100110145'),
(5, '2023-07-06', '13:45:00', 0, '202103100110145'),
(5, '2023-07-06', '14:45:00', 0, '202103100110145'),
(5, '2023-07-07', '13:45:00', 1, '202103100110145'),
(5, '2023-07-07', '14:45:00', 1, '202103100110145'),
(5, '2023-07-08', '13:45:00', 1, '202103100110145'),
(5, '2023-07-08', '14:45:00', 1, '202103100110145'),
(5, '2023-07-09', '13:45:00', 1, '202103100110145'),
(5, '2023-07-09', '14:45:00', 1, '202103100110145'),
(5, '2023-07-10', '13:45:00', 1, '202103100110145'),
(5, '2023-07-10', '14:45:00', 1, '202103100110145'),
(5, '2023-07-13', '13:45:00', 1, '202103100110145'),
(5, '2023-07-13', '14:45:00', 1, '202103100110145'),
(5, '2023-07-14', '13:45:00', 1, '202103100110145'),
(5, '2023-07-14', '14:45:00', 1, '202103100110145'),
(5, '2023-07-15', '13:45:00', 1, '202103100110145'),
(5, '2023-07-15', '14:45:00', 1, '202103100110145'),
(5, '2023-07-16', '13:45:00', 1, '202103100110145'),
(5, '2023-07-16', '14:45:00', 1, '202103100110145'),
(5, '2023-07-17', '13:45:00', 0, '202103100110145'),
(5, '2023-07-17', '14:45:00', 1, '202103100110145'),
(5, '2023-07-19', '13:45:00', 1, '202103100110145'),
(5, '2023-07-19', '14:45:00', 1, '202103100110145'),
(5, '2023-07-20', '13:45:00', 1, '202103100110145'),
(5, '2023-07-20', '14:45:00', 1, '202103100110145'),
(5, '2023-07-22', '13:45:00', 0, '202103100110145'),
(5, '2023-07-22', '14:45:00', 1, '202103100110145'),
(5, '2023-07-23', '13:45:00', 1, '202103100110145'),
(5, '2023-07-23', '14:45:00', 1, '202103100110145'),
(5, '2023-07-24', '13:45:00', 0, '202103100110145'),
(5, '2023-07-24', '14:45:00', 1, '202103100110145'),
(5, '2023-07-26', '13:45:00', 1, '202103100110145'),
(5, '2023-07-26', '14:45:00', 1, '202103100110145'),
(5, '2023-07-27', '13:45:00', 1, '202103100110145'),
(5, '2023-07-27', '14:45:00', 1, '202103100110145'),
(5, '2023-07-28', '13:45:00', 1, '202103100110145'),
(5, '2023-07-28', '14:45:00', 1, '202103100110145'),
(5, '2023-07-29', '13:45:00', 0, '202103100110145'),
(5, '2023-07-29', '14:45:00', 0, '202103100110145'),
(5, '2023-07-30', '13:45:00', 1, '202103100110145'),
(5, '2023-07-30', '14:45:00', 1, '202103100110145'),
(5, '2023-07-31', '13:45:00', 1, '202103100110145'),
(5, '2023-07-31', '14:45:00', 1, '202103100110145'),
(5, '2023-08-02', '13:45:00', 1, '202103100110145'),
(5, '2023-08-02', '14:45:00', 1, '202103100110145'),
(5, '2023-08-03', '13:45:00', 0, '202103100110145'),
(5, '2023-08-03', '14:45:00', 0, '202103100110145'),
(5, '2023-08-04', '13:45:00', 1, '202103100110145'),
(5, '2023-08-04', '14:45:00', 1, '202103100110145'),
(5, '2023-08-05', '13:45:00', 0, '202103100110145'),
(5, '2023-08-05', '14:45:00', 0, '202103100110145'),
(5, '2023-08-06', '13:45:00', 0, '202103100110145'),
(5, '2023-08-06', '14:45:00', 0, '202103100110145'),
(5, '2023-08-07', '13:45:00', 1, '202103100110145'),
(5, '2023-08-07', '14:45:00', 1, '202103100110145'),
(5, '2023-08-09', '13:45:00', 1, '202103100110145'),
(5, '2023-08-09', '14:45:00', 1, '202103100110145'),
(5, '2023-08-10', '13:45:00', 1, '202103100110145'),
(5, '2023-08-10', '14:45:00', 1, '202103100110145'),
(5, '2023-08-12', '13:45:00', 1, '202103100110145'),
(5, '2023-08-12', '14:45:00', 1, '202103100110145'),
(5, '2023-08-13', '13:45:00', 1, '202103100110145'),
(5, '2023-08-13', '14:45:00', 1, '202103100110145'),
(5, '2023-08-14', '13:45:00', 1, '202103100110145'),
(5, '2023-08-14', '14:45:00', 1, '202103100110145'),
(5, '2023-08-17', '13:45:00', 0, '202103100110145'),
(5, '2023-08-17', '14:45:00', 1, '202103100110145'),
(5, '2023-08-18', '13:45:00', 1, '202103100110145'),
(5, '2023-08-18', '14:45:00', 1, '202103100110145'),
(5, '2023-08-19', '13:45:00', 1, '202103100110145'),
(5, '2023-08-19', '14:45:00', 1, '202103100110145'),
(5, '2023-08-23', '13:45:00', 1, '202103100110145'),
(5, '2023-08-23', '14:45:00', 1, '202103100110145'),
(5, '2023-08-24', '13:45:00', 0, '202103100110145'),
(5, '2023-08-24', '14:45:00', 1, '202103100110145'),
(5, '2023-08-25', '13:45:00', 0, '202103100110145'),
(5, '2023-08-25', '14:45:00', 1, '202103100110145'),
(5, '2023-08-26', '13:45:00', 1, '202103100110145'),
(5, '2023-08-26', '14:45:00', 1, '202103100110145'),
(5, '2023-08-27', '13:45:00', 1, '202103100110145'),
(5, '2023-08-27', '14:45:00', 1, '202103100110145'),
(5, '2023-08-28', '13:45:00', 0, '202103100110145'),
(5, '2023-08-28', '14:45:00', 0, '202103100110145'),
(5, '2023-08-30', '13:45:00', 1, '202103100110145'),
(5, '2023-08-30', '14:45:00', 1, '202103100110145'),
(5, '2023-09-01', '13:45:00', 0, '202103100110145'),
(5, '2023-09-01', '14:45:00', 0, '202103100110145'),
(5, '2023-09-02', '13:45:00', 1, '202103100110145'),
(5, '2023-09-02', '14:45:00', 1, '202103100110145'),
(5, '2023-09-03', '13:45:00', 0, '202103100110145'),
(5, '2023-09-03', '14:45:00', 0, '202103100110145'),
(5, '2023-09-04', '13:45:00', 1, '202103100110145'),
(5, '2023-09-04', '14:45:00', 1, '202103100110145'),
(5, '2023-09-06', '13:45:00', 0, '202103100110145'),
(5, '2023-09-06', '14:45:00', 0, '202103100110145'),
(5, '2023-09-07', '13:45:00', 1, '202103100110145'),
(5, '2023-09-07', '14:45:00', 1, '202103100110145'),
(5, '2023-09-08', '13:45:00', 1, '202103100110145'),
(5, '2023-09-08', '14:45:00', 1, '202103100110145'),
(5, '2023-09-09', '13:45:00', 1, '202103100110145'),
(5, '2023-09-09', '14:45:00', 1, '202103100110145'),
(5, '2023-09-11', '13:45:00', 1, '202103100110145'),
(5, '2023-09-11', '14:45:00', 1, '202103100110145'),
(5, '2023-09-13', '13:45:00', 1, '202103100110145'),
(5, '2023-09-13', '14:45:00', 1, '202103100110145'),
(5, '2023-09-14', '13:45:00', 1, '202103100110145'),
(5, '2023-09-14', '14:45:00', 1, '202103100110145'),
(5, '2023-09-15', '13:45:00', 1, '202103100110145'),
(5, '2023-09-15', '14:45:00', 1, '202103100110145'),
(5, '2023-09-16', '13:45:00', 1, '202103100110145'),
(5, '2023-09-16', '14:45:00', 1, '202103100110145'),
(5, '2023-09-17', '13:45:00', 0, '202103100110145'),
(5, '2023-09-17', '14:45:00', 1, '202103100110145'),
(5, '2023-09-18', '13:45:00', 1, '202103100110145'),
(5, '2023-09-18', '14:45:00', 1, '202103100110145'),
(5, '2023-09-20', '13:45:00', 1, '202103100110145'),
(5, '2023-09-20', '14:45:00', 1, '202103100110145'),
(5, '2023-09-21', '13:45:00', 0, '202103100110145'),
(5, '2023-09-21', '14:45:00', 1, '202103100110145'),
(5, '2023-09-22', '13:45:00', 0, '202103100110145'),
(5, '2023-09-22', '14:45:00', 1, '202103100110145'),
(5, '2023-09-23', '13:45:00', 1, '202103100110145'),
(5, '2023-09-23', '14:45:00', 1, '202103100110145'),
(5, '2023-09-24', '13:45:00', 0, '202103100110145'),
(5, '2023-09-24', '14:45:00', 1, '202103100110145'),
(5, '2023-09-25', '13:45:00', 1, '202103100110145'),
(5, '2023-09-25', '14:45:00', 1, '202103100110145'),
(5, '2023-09-27', '13:45:00', 1, '202103100110145'),
(5, '2023-09-27', '14:45:00', 1, '202103100110145'),
(5, '2023-09-28', '13:45:00', 1, '202103100110145'),
(5, '2023-09-28', '14:45:00', 1, '202103100110145'),
(5, '2023-09-29', '13:45:00', 0, '202103100110145'),
(5, '2023-09-29', '14:45:00', 0, '202103100110145'),
(5, '2023-09-30', '13:45:00', 1, '202103100110145'),
(5, '2023-09-30', '14:45:00', 1, '202103100110145'),
(5, '2023-10-01', '13:45:00', 1, '202103100110145'),
(5, '2023-10-01', '14:45:00', 1, '202103100110145'),
(5, '2023-10-04', '13:45:00', 1, '202103100110145'),
(5, '2023-10-04', '14:45:00', 1, '202103100110145'),
(5, '2023-10-05', '13:45:00', 1, '202103100110145'),
(5, '2023-10-05', '14:45:00', 1, '202103100110145'),
(5, '2023-10-06', '13:45:00', 0, '202103100110145'),
(5, '2023-10-06', '14:45:00', 0, '202103100110145'),
(5, '2023-10-07', '13:45:00', 1, '202103100110145'),
(5, '2023-10-07', '14:45:00', 1, '202103100110145'),
(5, '2023-10-08', '13:45:00', 1, '202103100110145'),
(5, '2023-10-08', '14:45:00', 1, '202103100110145'),
(5, '2023-10-09', '13:45:00', 1, '202103100110145'),
(5, '2023-10-09', '14:45:00', 1, '202103100110145'),
(5, '2023-10-11', '13:45:00', 1, '202103100110145'),
(5, '2023-10-11', '14:45:00', 1, '202103100110145'),
(5, '2023-10-16', '13:45:00', 1, '202103100110145'),
(5, '2023-10-16', '14:45:00', 1, '202103100110145'),
(5, '2023-10-21', '13:45:00', 0, '202103100110145'),
(5, '2023-10-21', '14:45:00', 1, '202103100110145'),
(5, '2023-10-22', '13:45:00', 0, '202103100110145'),
(5, '2023-10-22', '14:45:00', 1, '202103100110145'),
(5, '2023-10-23', '13:45:00', 1, '202103100110145'),
(5, '2023-10-23', '14:45:00', 1, '202103100110145'),
(5, '2023-10-25', '13:45:00', 1, '202103100110145'),
(5, '2023-10-25', '14:45:00', 1, '202103100110145'),
(5, '2023-10-26', '13:45:00', 1, '202103100110145'),
(5, '2023-10-26', '14:45:00', 1, '202103100110145'),
(5, '2023-10-27', '13:45:00', 1, '202103100110145'),
(5, '2023-10-27', '14:45:00', 1, '202103100110145'),
(5, '2023-10-28', '13:45:00', 1, '202103100110145'),
(5, '2023-10-28', '14:45:00', 1, '202103100110145'),
(5, '2023-10-29', '13:45:00', 0, '202103100110145'),
(5, '2023-10-29', '14:45:00', 0, '202103100110145'),
(5, '2023-10-30', '13:45:00', 1, '202103100110145'),
(5, '2023-10-30', '14:45:00', 1, '202103100110145'),
(5, '2023-11-15', '13:45:00', 1, '202103100110145'),
(5, '2023-11-15', '14:45:00', 1, '202103100110145'),
(5, '2023-11-16', '13:45:00', 1, '202103100110145'),
(5, '2023-11-16', '14:45:00', 1, '202103100110145'),
(5, '2023-11-17', '13:45:00', 0, '202103100110145'),
(5, '2023-11-17', '14:45:00', 1, '202103100110145'),
(5, '2023-11-18', '13:45:00', 1, '202103100110145'),
(5, '2023-11-18', '14:45:00', 1, '202103100110145'),
(5, '2023-11-20', '13:45:00', 1, '202103100110145'),
(5, '2023-11-20', '14:45:00', 1, '202103100110145'),
(5, '2023-11-22', '13:45:00', 0, '202103100110145'),
(5, '2023-11-22', '14:45:00', 1, '202103100110145'),
(5, '2023-11-23', '13:45:00', 1, '202103100110145'),
(5, '2023-11-23', '14:45:00', 1, '202103100110145'),
(5, '2023-11-25', '13:45:00', 1, '202103100110145'),
(5, '2023-11-25', '14:45:00', 1, '202103100110145'),
(5, '2023-11-26', '13:45:00', 1, '202103100110145'),
(5, '2023-11-26', '14:45:00', 1, '202103100110145'),
(5, '2023-11-27', '13:45:00', 1, '202103100110145'),
(5, '2023-11-27', '14:45:00', 1, '202103100110145'),
(5, '2023-11-29', '13:45:00', 0, '202103100110145'),
(5, '2023-11-29', '14:45:00', 0, '202103100110145'),
(5, '2023-11-30', '13:45:00', 1, '202103100110145'),
(5, '2023-11-30', '14:45:00', 1, '202103100110145'),
(5, '2023-12-01', '13:45:00', 1, '202103100110145'),
(5, '2023-12-01', '14:45:00', 1, '202103100110145'),
(5, '2023-12-02', '13:45:00', 1, '202103100110145'),
(5, '2023-12-02', '14:45:00', 1, '202103100110145'),
(5, '2023-12-03', '13:45:00', 1, '202103100110145'),
(5, '2023-12-03', '14:45:00', 1, '202103100110145'),
(5, '2023-12-04', '13:45:00', 1, '202103100110145'),
(5, '2023-12-04', '14:45:00', 1, '202103100110145'),
(5, '2023-12-06', '13:45:00', 0, '202103100110145'),
(5, '2023-12-06', '14:45:00', 0, '202103100110145'),
(5, '2023-12-07', '13:45:00', 1, '202103100110145'),
(5, '2023-12-07', '14:45:00', 1, '202103100110145'),
(5, '2023-12-08', '13:45:00', 1, '202103100110145'),
(5, '2023-12-08', '14:45:00', 1, '202103100110145'),
(5, '2023-12-09', '13:45:00', 1, '202103100110145'),
(5, '2023-12-09', '14:45:00', 1, '202103100110145'),
(5, '2023-12-10', '13:45:00', 0, '202103100110145'),
(5, '2023-12-10', '14:45:00', 0, '202103100110145'),
(5, '2023-12-11', '13:45:00', 1, '202103100110145'),
(5, '2023-12-11', '14:45:00', 1, '202103100110145'),
(5, '2023-12-13', '13:45:00', 0, '202103100110145'),
(5, '2023-12-13', '14:45:00', 0, '202103100110145'),
(5, '2023-12-14', '13:45:00', 0, '202103100110145'),
(5, '2023-12-14', '14:45:00', 0, '202103100110145'),
(5, '2023-12-15', '13:45:00', 0, '202103100110145'),
(5, '2023-12-15', '14:45:00', 0, '202103100110145'),
(5, '2023-12-16', '13:45:00', 1, '202103100110145'),
(5, '2023-12-16', '14:45:00', 1, '202103100110145'),
(5, '2023-12-17', '13:45:00', 1, '202103100110145'),
(5, '2023-12-17', '14:45:00', 1, '202103100110145'),
(5, '2023-12-18', '13:45:00', 1, '202103100110145'),
(5, '2023-12-18', '14:45:00', 1, '202103100110145'),
(5, '2023-12-20', '13:45:00', 1, '202103100110145'),
(5, '2023-12-20', '14:45:00', 1, '202103100110145'),
(5, '2023-12-21', '13:45:00', 0, '202103100110145'),
(5, '2023-12-21', '14:45:00', 1, '202103100110145'),
(5, '2023-12-22', '13:45:00', 0, '202103100110145'),
(5, '2023-12-22', '14:45:00', 1, '202103100110145'),
(5, '2023-12-23', '13:45:00', 1, '202103100110145'),
(5, '2023-12-23', '14:45:00', 1, '202103100110145'),
(5, '2023-12-27', '13:45:00', 1, '202103100110145'),
(5, '2023-12-27', '14:45:00', 1, '202103100110145'),
(5, '2023-12-28', '13:45:00', 1, '202103100110145'),
(5, '2023-12-28', '14:45:00', 1, '202103100110145'),
(5, '2023-12-29', '13:45:00', 0, '202103100110145'),
(5, '2023-12-29', '14:45:00', 0, '202103100110145'),
(5, '2023-12-30', '13:45:00', 1, '202103100110145'),
(5, '2023-12-30', '14:45:00', 1, '202103100110145'),
(5, '2023-12-31', '13:45:00', 1, '202103100110145'),
(5, '2023-12-31', '14:45:00', 1, '202103100110145'),
(5, '2023-04-05', '13:45:00', 1, '202103100110147'),
(5, '2023-04-06', '13:45:00', 1, '202103100110147'),
(5, '2023-04-06', '14:45:00', 0, '202103100110147'),
(5, '2023-04-08', '14:45:00', 0, '202103100110147'),
(5, '2023-04-09', '14:45:00', 1, '202103100110147'),
(5, '2023-04-10', '13:45:00', 1, '202103100110147'),
(5, '2023-04-10', '14:45:00', 0, '202103100110147'),
(5, '2023-04-12', '13:45:00', 1, '202103100110147'),
(5, '2023-04-16', '14:45:00', 1, '202103100110147'),
(5, '2023-04-17', '14:45:00', 1, '202103100110147'),
(5, '2023-04-19', '14:45:00', 1, '202103100110147'),
(5, '2023-04-20', '13:45:00', 1, '202103100110147'),
(5, '2023-04-22', '14:45:00', 0, '202103100110147'),
(5, '2023-04-23', '13:45:00', 1, '202103100110147'),
(5, '2023-04-23', '14:45:00', 1, '202103100110147'),
(5, '2023-04-24', '13:45:00', 1, '202103100110147'),
(5, '2023-04-24', '14:45:00', 1, '202103100110147'),
(5, '2023-04-26', '13:45:00', 0, '202103100110147'),
(5, '2023-04-26', '14:45:00', 1, '202103100110147'),
(5, '2023-04-27', '13:45:00', 1, '202103100110147'),
(5, '2023-04-27', '14:45:00', 0, '202103100110147'),
(5, '2023-04-28', '13:45:00', 1, '202103100110147'),
(5, '2023-04-28', '14:45:00', 0, '202103100110147'),
(5, '2023-04-29', '13:45:00', 1, '202103100110147'),
(5, '2023-04-29', '14:45:00', 0, '202103100110147'),
(5, '2023-04-30', '13:45:00', 1, '202103100110147'),
(5, '2023-04-30', '14:45:00', 1, '202103100110147'),
(5, '2023-06-07', '14:45:00', 0, '202103100110147'),
(5, '2023-06-08', '14:45:00', 0, '202103100110147'),
(5, '2023-06-09', '13:45:00', 1, '202103100110147'),
(5, '2023-06-10', '14:45:00', 0, '202103100110147'),
(5, '2023-06-11', '13:45:00', 0, '202103100110147'),
(5, '2023-06-11', '14:45:00', 0, '202103100110147'),
(5, '2023-06-12', '13:45:00', 1, '202103100110147'),
(5, '2023-06-12', '14:45:00', 0, '202103100110147'),
(5, '2023-06-14', '13:45:00', 1, '202103100110147'),
(5, '2023-06-14', '14:45:00', 0, '202103100110147'),
(5, '2023-06-15', '13:45:00', 1, '202103100110147'),
(5, '2023-06-15', '14:45:00', 1, '202103100110147'),
(5, '2023-06-16', '13:45:00', 1, '202103100110147'),
(5, '2023-06-16', '14:45:00', 0, '202103100110147'),
(5, '2023-06-21', '13:45:00', 1, '202103100110147'),
(5, '2023-06-21', '14:45:00', 0, '202103100110147'),
(5, '2023-06-22', '13:45:00', 1, '202103100110147'),
(5, '2023-06-22', '14:45:00', 0, '202103100110147'),
(5, '2023-06-23', '14:45:00', 0, '202103100110147'),
(5, '2023-06-24', '13:45:00', 1, '202103100110147'),
(5, '2023-06-24', '14:45:00', 0, '202103100110147'),
(5, '2023-06-25', '13:45:00', 0, '202103100110147'),
(5, '2023-06-25', '14:45:00', 0, '202103100110147'),
(5, '2023-06-26', '13:45:00', 0, '202103100110147'),
(5, '2023-06-28', '13:45:00', 1, '202103100110147'),
(5, '2023-06-28', '14:45:00', 0, '202103100110147'),
(5, '2023-06-29', '13:45:00', 1, '202103100110147'),
(5, '2023-06-29', '14:45:00', 0, '202103100110147'),
(5, '2023-06-30', '13:45:00', 1, '202103100110147'),
(5, '2023-06-30', '14:45:00', 1, '202103100110147'),
(5, '2023-07-01', '13:45:00', 0, '202103100110147'),
(5, '2023-07-01', '14:45:00', 0, '202103100110147'),
(5, '2023-07-02', '13:45:00', 1, '202103100110147'),
(5, '2023-07-02', '14:45:00', 1, '202103100110147'),
(5, '2023-07-03', '13:45:00', 0, '202103100110147'),
(5, '2023-07-03', '14:45:00', 0, '202103100110147'),
(5, '2023-07-05', '13:45:00', 1, '202103100110147'),
(5, '2023-07-05', '14:45:00', 1, '202103100110147'),
(5, '2023-07-06', '13:45:00', 0, '202103100110147'),
(5, '2023-07-06', '14:45:00', 0, '202103100110147'),
(5, '2023-07-07', '13:45:00', 1, '202103100110147'),
(5, '2023-07-07', '14:45:00', 1, '202103100110147'),
(5, '2023-07-08', '13:45:00', 1, '202103100110147'),
(5, '2023-07-08', '14:45:00', 1, '202103100110147'),
(5, '2023-07-09', '13:45:00', 1, '202103100110147'),
(5, '2023-07-09', '14:45:00', 0, '202103100110147'),
(5, '2023-07-10', '13:45:00', 1, '202103100110147'),
(5, '2023-07-10', '14:45:00', 0, '202103100110147'),
(5, '2023-07-13', '13:45:00', 1, '202103100110147'),
(5, '2023-07-13', '14:45:00', 0, '202103100110147'),
(5, '2023-07-14', '13:45:00', 1, '202103100110147'),
(5, '2023-07-14', '14:45:00', 0, '202103100110147'),
(5, '2023-07-15', '13:45:00', 1, '202103100110147'),
(5, '2023-07-15', '14:45:00', 0, '202103100110147'),
(5, '2023-07-16', '13:45:00', 1, '202103100110147'),
(5, '2023-07-16', '14:45:00', 1, '202103100110147'),
(5, '2023-07-17', '13:45:00', 0, '202103100110147'),
(5, '2023-07-17', '14:45:00', 1, '202103100110147'),
(5, '2023-07-19', '13:45:00', 1, '202103100110147'),
(5, '2023-07-19', '14:45:00', 0, '202103100110147'),
(5, '2023-07-20', '13:45:00', 1, '202103100110147'),
(5, '2023-07-20', '14:45:00', 1, '202103100110147'),
(5, '2023-07-22', '13:45:00', 0, '202103100110147'),
(5, '2023-07-22', '14:45:00', 1, '202103100110147'),
(5, '2023-07-23', '13:45:00', 1, '202103100110147'),
(5, '2023-07-23', '14:45:00', 0, '202103100110147'),
(5, '2023-07-24', '13:45:00', 0, '202103100110147'),
(5, '2023-07-24', '14:45:00', 0, '202103100110147'),
(5, '2023-07-26', '13:45:00', 1, '202103100110147'),
(5, '2023-07-26', '14:45:00', 0, '202103100110147'),
(5, '2023-07-27', '13:45:00', 1, '202103100110147'),
(5, '2023-07-27', '14:45:00', 0, '202103100110147'),
(5, '2023-07-28', '13:45:00', 1, '202103100110147'),
(5, '2023-07-28', '14:45:00', 1, '202103100110147'),
(5, '2023-07-29', '13:45:00', 0, '202103100110147'),
(5, '2023-07-29', '14:45:00', 0, '202103100110147'),
(5, '2023-07-30', '13:45:00', 1, '202103100110147'),
(5, '2023-07-30', '14:45:00', 0, '202103100110147'),
(5, '2023-07-31', '13:45:00', 1, '202103100110147'),
(5, '2023-07-31', '14:45:00', 0, '202103100110147'),
(5, '2023-08-02', '13:45:00', 1, '202103100110147'),
(5, '2023-08-02', '14:45:00', 0, '202103100110147'),
(5, '2023-08-03', '13:45:00', 0, '202103100110147'),
(5, '2023-08-03', '14:45:00', 0, '202103100110147'),
(5, '2023-08-04', '13:45:00', 1, '202103100110147'),
(5, '2023-08-04', '14:45:00', 1, '202103100110147'),
(5, '2023-08-05', '13:45:00', 0, '202103100110147'),
(5, '2023-08-05', '14:45:00', 0, '202103100110147'),
(5, '2023-08-06', '13:45:00', 0, '202103100110147'),
(5, '2023-08-06', '14:45:00', 0, '202103100110147'),
(5, '2023-08-07', '13:45:00', 1, '202103100110147'),
(5, '2023-08-07', '14:45:00', 1, '202103100110147'),
(5, '2023-08-09', '13:45:00', 1, '202103100110147'),
(5, '2023-08-09', '14:45:00', 0, '202103100110147'),
(5, '2023-08-10', '13:45:00', 1, '202103100110147'),
(5, '2023-08-10', '14:45:00', 0, '202103100110147'),
(5, '2023-08-12', '13:45:00', 1, '202103100110147'),
(5, '2023-08-12', '14:45:00', 1, '202103100110147'),
(5, '2023-08-13', '13:45:00', 1, '202103100110147'),
(5, '2023-08-13', '14:45:00', 0, '202103100110147'),
(5, '2023-08-14', '13:45:00', 1, '202103100110147'),
(5, '2023-08-14', '14:45:00', 0, '202103100110147'),
(5, '2023-08-17', '13:45:00', 0, '202103100110147'),
(5, '2023-08-17', '14:45:00', 1, '202103100110147'),
(5, '2023-08-18', '13:45:00', 1, '202103100110147'),
(5, '2023-08-18', '14:45:00', 1, '202103100110147'),
(5, '2023-08-19', '13:45:00', 1, '202103100110147'),
(5, '2023-08-19', '14:45:00', 0, '202103100110147'),
(5, '2023-08-23', '13:45:00', 1, '202103100110147'),
(5, '2023-08-23', '14:45:00', 0, '202103100110147'),
(5, '2023-08-24', '13:45:00', 0, '202103100110147'),
(5, '2023-08-24', '14:45:00', 0, '202103100110147'),
(5, '2023-08-25', '13:45:00', 0, '202103100110147'),
(5, '2023-08-25', '14:45:00', 1, '202103100110147'),
(5, '2023-08-26', '13:45:00', 1, '202103100110147'),
(5, '2023-08-26', '14:45:00', 0, '202103100110147'),
(5, '2023-08-27', '13:45:00', 1, '202103100110147'),
(5, '2023-08-27', '14:45:00', 0, '202103100110147'),
(5, '2023-08-28', '13:45:00', 0, '202103100110147'),
(5, '2023-08-28', '14:45:00', 0, '202103100110147'),
(5, '2023-08-30', '13:45:00', 1, '202103100110147'),
(5, '2023-08-30', '14:45:00', 0, '202103100110147'),
(5, '2023-09-01', '13:45:00', 0, '202103100110147'),
(5, '2023-09-01', '14:45:00', 0, '202103100110147'),
(5, '2023-09-02', '13:45:00', 1, '202103100110147'),
(5, '2023-09-02', '14:45:00', 1, '202103100110147'),
(5, '2023-09-03', '13:45:00', 0, '202103100110147'),
(5, '2023-09-03', '14:45:00', 0, '202103100110147'),
(5, '2023-09-04', '13:45:00', 1, '202103100110147'),
(5, '2023-09-04', '14:45:00', 1, '202103100110147'),
(5, '2023-09-06', '13:45:00', 0, '202103100110147'),
(5, '2023-09-06', '14:45:00', 0, '202103100110147'),
(5, '2023-09-07', '13:45:00', 1, '202103100110147'),
(5, '2023-09-07', '14:45:00', 1, '202103100110147'),
(5, '2023-09-08', '13:45:00', 1, '202103100110147'),
(5, '2023-09-08', '14:45:00', 1, '202103100110147'),
(5, '2023-09-09', '13:45:00', 1, '202103100110147'),
(5, '2023-09-09', '14:45:00', 0, '202103100110147'),
(5, '2023-09-11', '13:45:00', 1, '202103100110147'),
(5, '2023-09-11', '14:45:00', 0, '202103100110147'),
(5, '2023-09-13', '13:45:00', 1, '202103100110147'),
(5, '2023-09-13', '14:45:00', 0, '202103100110147'),
(5, '2023-09-14', '13:45:00', 1, '202103100110147'),
(5, '2023-09-14', '14:45:00', 0, '202103100110147'),
(5, '2023-09-15', '13:45:00', 1, '202103100110147'),
(5, '2023-09-15', '14:45:00', 0, '202103100110147'),
(5, '2023-09-16', '13:45:00', 1, '202103100110147'),
(5, '2023-09-16', '14:45:00', 1, '202103100110147'),
(5, '2023-09-17', '13:45:00', 0, '202103100110147'),
(5, '2023-09-17', '14:45:00', 1, '202103100110147'),
(5, '2023-09-18', '13:45:00', 1, '202103100110147'),
(5, '2023-09-18', '14:45:00', 0, '202103100110147'),
(5, '2023-09-20', '13:45:00', 1, '202103100110147'),
(5, '2023-09-20', '14:45:00', 1, '202103100110147'),
(5, '2023-09-21', '13:45:00', 0, '202103100110147'),
(5, '2023-09-21', '14:45:00', 1, '202103100110147'),
(5, '2023-09-22', '13:45:00', 0, '202103100110147'),
(5, '2023-09-22', '14:45:00', 1, '202103100110147'),
(5, '2023-09-23', '13:45:00', 1, '202103100110147'),
(5, '2023-09-23', '14:45:00', 0, '202103100110147'),
(5, '2023-09-24', '13:45:00', 0, '202103100110147'),
(5, '2023-09-24', '14:45:00', 0, '202103100110147'),
(5, '2023-09-25', '13:45:00', 1, '202103100110147'),
(5, '2023-09-25', '14:45:00', 0, '202103100110147'),
(5, '2023-09-27', '13:45:00', 1, '202103100110147'),
(5, '2023-09-27', '14:45:00', 0, '202103100110147'),
(5, '2023-09-28', '13:45:00', 1, '202103100110147'),
(5, '2023-09-28', '14:45:00', 1, '202103100110147'),
(5, '2023-09-29', '13:45:00', 0, '202103100110147'),
(5, '2023-09-29', '14:45:00', 0, '202103100110147'),
(5, '2023-09-30', '13:45:00', 1, '202103100110147'),
(5, '2023-09-30', '14:45:00', 0, '202103100110147'),
(5, '2023-10-01', '13:45:00', 1, '202103100110147'),
(5, '2023-10-01', '14:45:00', 0, '202103100110147'),
(5, '2023-10-04', '13:45:00', 1, '202103100110147'),
(5, '2023-10-04', '14:45:00', 0, '202103100110147'),
(5, '2023-10-05', '13:45:00', 1, '202103100110147'),
(5, '2023-10-05', '14:45:00', 1, '202103100110147'),
(5, '2023-10-06', '13:45:00', 0, '202103100110147'),
(5, '2023-10-06', '14:45:00', 0, '202103100110147'),
(5, '2023-10-07', '13:45:00', 1, '202103100110147'),
(5, '2023-10-07', '14:45:00', 1, '202103100110147'),
(5, '2023-10-08', '13:45:00', 1, '202103100110147'),
(5, '2023-10-08', '14:45:00', 1, '202103100110147'),
(5, '2023-10-09', '13:45:00', 1, '202103100110147'),
(5, '2023-10-09', '14:45:00', 0, '202103100110147'),
(5, '2023-10-11', '13:45:00', 1, '202103100110147'),
(5, '2023-10-11', '14:45:00', 0, '202103100110147'),
(5, '2023-10-16', '13:45:00', 1, '202103100110147'),
(5, '2023-10-16', '14:45:00', 1, '202103100110147'),
(5, '2023-10-21', '13:45:00', 0, '202103100110147'),
(5, '2023-10-21', '14:45:00', 0, '202103100110147'),
(5, '2023-10-22', '13:45:00', 0, '202103100110147'),
(5, '2023-10-22', '14:45:00', 1, '202103100110147'),
(5, '2023-10-23', '13:45:00', 1, '202103100110147'),
(5, '2023-10-23', '14:45:00', 0, '202103100110147'),
(5, '2023-10-25', '13:45:00', 1, '202103100110147'),
(5, '2023-10-25', '14:45:00', 0, '202103100110147'),
(5, '2023-10-26', '13:45:00', 1, '202103100110147'),
(5, '2023-10-26', '14:45:00', 0, '202103100110147'),
(5, '2023-10-27', '13:45:00', 1, '202103100110147'),
(5, '2023-10-27', '14:45:00', 0, '202103100110147'),
(5, '2023-10-28', '13:45:00', 1, '202103100110147'),
(5, '2023-10-28', '14:45:00', 1, '202103100110147'),
(5, '2023-10-29', '13:45:00', 0, '202103100110147'),
(5, '2023-10-29', '14:45:00', 0, '202103100110147'),
(5, '2023-10-30', '13:45:00', 1, '202103100110147'),
(5, '2023-10-30', '14:45:00', 0, '202103100110147');
INSERT INTO `attendance` (`cse_id`, `att_date`, `att_time`, `att_status`, `stud_id`) VALUES
(5, '2023-11-15', '13:45:00', 1, '202103100110147'),
(5, '2023-11-15', '14:45:00', 0, '202103100110147'),
(5, '2023-11-16', '13:45:00', 1, '202103100110147'),
(5, '2023-11-16', '14:45:00', 1, '202103100110147'),
(5, '2023-11-17', '13:45:00', 0, '202103100110147'),
(5, '2023-11-17', '14:45:00', 1, '202103100110147'),
(5, '2023-11-18', '13:45:00', 1, '202103100110147'),
(5, '2023-11-18', '14:45:00', 0, '202103100110147'),
(5, '2023-11-20', '13:45:00', 1, '202103100110147'),
(5, '2023-11-20', '14:45:00', 1, '202103100110147'),
(5, '2023-11-22', '13:45:00', 0, '202103100110147'),
(5, '2023-11-22', '14:45:00', 1, '202103100110147'),
(5, '2023-11-23', '13:45:00', 1, '202103100110147'),
(5, '2023-11-23', '14:45:00', 0, '202103100110147'),
(5, '2023-11-25', '13:45:00', 1, '202103100110147'),
(5, '2023-11-25', '14:45:00', 1, '202103100110147'),
(5, '2023-11-26', '13:45:00', 1, '202103100110147'),
(5, '2023-11-26', '14:45:00', 0, '202103100110147'),
(5, '2023-11-27', '13:45:00', 1, '202103100110147'),
(5, '2023-11-27', '14:45:00', 0, '202103100110147'),
(5, '2023-11-29', '13:45:00', 0, '202103100110147'),
(5, '2023-11-29', '14:45:00', 0, '202103100110147'),
(5, '2023-11-30', '13:45:00', 1, '202103100110147'),
(5, '2023-11-30', '14:45:00', 0, '202103100110147'),
(5, '2023-12-01', '13:45:00', 1, '202103100110147'),
(5, '2023-12-01', '14:45:00', 0, '202103100110147'),
(5, '2023-12-02', '13:45:00', 1, '202103100110147'),
(5, '2023-12-02', '14:45:00', 0, '202103100110147'),
(5, '2023-12-03', '13:45:00', 1, '202103100110147'),
(5, '2023-12-03', '14:45:00', 0, '202103100110147'),
(5, '2023-12-04', '13:45:00', 1, '202103100110147'),
(5, '2023-12-04', '14:45:00', 0, '202103100110147'),
(5, '2023-12-06', '13:45:00', 0, '202103100110147'),
(5, '2023-12-06', '14:45:00', 0, '202103100110147'),
(5, '2023-12-07', '13:45:00', 1, '202103100110147'),
(5, '2023-12-07', '14:45:00', 1, '202103100110147'),
(5, '2023-12-08', '13:45:00', 1, '202103100110147'),
(5, '2023-12-08', '14:45:00', 1, '202103100110147'),
(5, '2023-12-09', '13:45:00', 1, '202103100110147'),
(5, '2023-12-09', '14:45:00', 0, '202103100110147'),
(5, '2023-12-10', '13:45:00', 0, '202103100110147'),
(5, '2023-12-10', '14:45:00', 0, '202103100110147'),
(5, '2023-12-11', '13:45:00', 1, '202103100110147'),
(5, '2023-12-11', '14:45:00', 0, '202103100110147'),
(5, '2023-12-13', '13:45:00', 0, '202103100110147'),
(5, '2023-12-13', '14:45:00', 0, '202103100110147'),
(5, '2023-12-14', '13:45:00', 0, '202103100110147'),
(5, '2023-12-14', '14:45:00', 0, '202103100110147'),
(5, '2023-12-15', '13:45:00', 0, '202103100110147'),
(5, '2023-12-15', '14:45:00', 0, '202103100110147'),
(5, '2023-12-16', '13:45:00', 1, '202103100110147'),
(5, '2023-12-16', '14:45:00', 1, '202103100110147'),
(5, '2023-12-17', '13:45:00', 1, '202103100110147'),
(5, '2023-12-17', '14:45:00', 1, '202103100110147'),
(5, '2023-12-18', '13:45:00', 1, '202103100110147'),
(5, '2023-12-18', '14:45:00', 1, '202103100110147'),
(5, '2023-12-20', '13:45:00', 1, '202103100110147'),
(5, '2023-12-20', '14:45:00', 1, '202103100110147'),
(5, '2023-12-21', '13:45:00', 0, '202103100110147'),
(5, '2023-12-21', '14:45:00', 0, '202103100110147'),
(5, '2023-12-22', '13:45:00', 0, '202103100110147'),
(5, '2023-12-22', '14:45:00', 1, '202103100110147'),
(5, '2023-12-23', '13:45:00', 1, '202103100110147'),
(5, '2023-12-23', '14:45:00', 0, '202103100110147'),
(5, '2023-12-27', '13:45:00', 1, '202103100110147'),
(5, '2023-12-27', '14:45:00', 0, '202103100110147'),
(5, '2023-12-28', '13:45:00', 1, '202103100110147'),
(5, '2023-12-28', '14:45:00', 1, '202103100110147'),
(5, '2023-12-29', '13:45:00', 0, '202103100110147'),
(5, '2023-12-29', '14:45:00', 0, '202103100110147'),
(5, '2023-12-30', '13:45:00', 1, '202103100110147'),
(5, '2023-12-30', '14:45:00', 0, '202103100110147'),
(5, '2023-12-31', '13:45:00', 1, '202103100110147'),
(5, '2023-12-31', '14:45:00', 0, '202103100110147');

-- --------------------------------------------------------

--
-- Table structure for table `category`
--

CREATE TABLE `category` (
  `cat_id` int NOT NULL,
  `cat_short_name` varchar(20) COLLATE utf8mb4_general_ci DEFAULT NULL,
  `cat_full_name` varchar(100) COLLATE utf8mb4_general_ci NOT NULL,
  `cat_code` varchar(10) COLLATE utf8mb4_general_ci DEFAULT NULL
) ENGINE=InnoDB DEFAULT CHARSET=utf8mb4 COLLATE=utf8mb4_general_ci;

--
-- Dumping data for table `category`
--

INSERT INTO `category` (`cat_id`, `cat_short_name`, `cat_full_name`, `cat_code`) VALUES
(1, 'BCA', 'Bachelors of Computer Application', '03100110'),
(2, 'MCA', 'Masters of Computer Application', '04100120'),
(25, 'B.Tech', 'Bachelors of Technology', NULL);

-- --------------------------------------------------------

--
-- Table structure for table `conference`
--

CREATE TABLE `conference` (
  `conf_id` int NOT NULL,
  `tchr_id` varchar(15) COLLATE utf8mb4_general_ci DEFAULT NULL,
  `cse_id` int NOT NULL,
  `conf_name` varchar(30) COLLATE utf8mb4_general_ci NOT NULL,
  `conf_desc` varchar(100) COLLATE utf8mb4_general_ci DEFAULT NULL,
  `conf_code` varchar(20) COLLATE utf8mb4_general_ci NOT NULL,
  `conf_start_datetime` datetime NOT NULL,
  `conf_end_datetime` datetime NOT NULL,
  `is_started` tinyint(1) DEFAULT '0',
  `status` tinyint(1) DEFAULT NULL
) ENGINE=InnoDB DEFAULT CHARSET=utf8mb4 COLLATE=utf8mb4_general_ci;

--
-- Dumping data for table `conference`
--

INSERT INTO `conference` (`conf_id`, `tchr_id`, `cse_id`, `conf_name`, `conf_desc`, `conf_code`, `conf_start_datetime`, `conf_end_datetime`, `is_started`, `status`) VALUES
(1, 'teacher', 1, 'Basics of OOPS', 'Join this to get the info about the basics of OOPS.', 'b5Ks5lpDFR5usQSc', '2024-05-04 14:44:00', '2024-05-04 14:58:00', 0, NULL),
(2, 'teacher', 1, 'This is Second conference', 'dfbdfrger', 'psEb7yH0pd7w2YWG', '2024-05-04 18:40:00', '2024-05-05 18:40:00', 0, NULL);

-- --------------------------------------------------------

--
-- Table structure for table `conference_participant`
--

CREATE TABLE `conference_participant` (
  `conf_id` int NOT NULL,
  `stud_id` varchar(15) COLLATE utf8mb4_general_ci NOT NULL,
  `conf_join_datetime` datetime NOT NULL,
  `conf_leave_datetime` datetime DEFAULT NULL
) ENGINE=InnoDB DEFAULT CHARSET=utf8mb4 COLLATE=utf8mb4_general_ci;

-- --------------------------------------------------------

--
-- Table structure for table `course`
--

CREATE TABLE `course` (
  `cse_id` int NOT NULL,
  `cse_full_name` varchar(100) COLLATE utf8mb4_general_ci NOT NULL,
  `cse_short_name` varchar(10) COLLATE utf8mb4_general_ci DEFAULT NULL,
  `cse_desc` varchar(1000) COLLATE utf8mb4_general_ci DEFAULT NULL,
  `cse_start_date` date NOT NULL,
  `cse_end_date` date DEFAULT NULL,
  `cse_semester` int NOT NULL,
  `cse_image` varchar(200) COLLATE utf8mb4_general_ci DEFAULT NULL,
  `cat_id` int DEFAULT NULL
) ENGINE=InnoDB DEFAULT CHARSET=utf8mb4 COLLATE=utf8mb4_general_ci;

--
-- Dumping data for table `course`
--

INSERT INTO `course` (`cse_id`, `cse_full_name`, `cse_short_name`, `cse_desc`, `cse_start_date`, `cse_end_date`, `cse_semester`, `cse_image`, `cat_id`) VALUES
(1, 'Fundamentals of programming', 'FOP', 'In this course Java & C++ will be taught.', '2021-04-05', '2023-04-14', 1, NULL, 1),
(2, 'Introduction Web Design', 'IWD', 'In this course HTML will be taught.', '2021-04-05', '2023-04-14', 1, NULL, 1),
(3, 'Computer Fundamentals and Organization', 'CFO', 'In this course Computer fundamentals will be taught.', '2021-04-05', '2023-04-14', 1, NULL, 1),
(4, 'Database Management Systems', 'DBMS', 'In this course MySQL Will be taught.', '2021-04-05', NULL, 1, NULL, 1),
(5, 'Professional Communication', 'PC', 'In this course how communicate professional with our clients will be taught.', '2021-04-05', NULL, 1, NULL, 1),
(6, 'Open Source Web Based Programming (CS4013)', 'OSWBP', 'We will learn concept of server-side scripting language and PHP script language.', '2023-03-22', '2024-03-22', 4, '', 1),
(25, 'Fundamentals of programming (CS7002)', 'FOP', 'This is an entry level programming course designed to teach students the basic concepts of computer programming. The course will include designing, coding, debugging, testing, and documenting programs using a high level programming language. The course is intended to prepare students for a programming-oriented academic path. This course is included in the Field of Study Curriculum for Computer Science.', '2023-04-16', '2024-04-16', 1, '../images/course/mca-1.svg', 2),
(26, 'Fundamentals of Computing', 'FOC', 'Computer fundamentals refers to the basics of using digital devices such as computers, smart phones and tablets. Computer used to only refer to the basics of using a computer and associated devices; however, it has since expanded to include most frequently-used digital devices.', '2023-08-01', '2023-09-01', 1, '', 25),
(27, 'Fundamentals of Mobile Application Development', 'FMAD', 'The \"Fundamentals of Mobile Application Development\" course provides a comprehensive introduction to the essential aspects of creating mobile applications for platforms like Android and iOS. Students learn about UI design, programming languages, development environments, app architecture, data storage, user interaction, testing, performance optimization, deployment, security, and app monetization. This course equips individuals with the foundational knowledge and skills necessary to embark on mobile app development projects, whether for personal use, entrepreneurial endeavors, or professional careers in the field.', '2023-06-15', '2023-10-15', 5, '', 1);

-- --------------------------------------------------------

--
-- Table structure for table `course_student`
--

CREATE TABLE `course_student` (
  `cse_id` int NOT NULL,
  `stud_id` varchar(15) COLLATE utf8mb4_general_ci NOT NULL
) ENGINE=InnoDB DEFAULT CHARSET=utf8mb4 COLLATE=utf8mb4_general_ci;

--
-- Dumping data for table `course_student`
--

INSERT INTO `course_student` (`cse_id`, `stud_id`) VALUES
(1, '202103100110134'),
(2, '202103100110134'),
(3, '202103100110134'),
(4, '202103100110134'),
(5, '202103100110134'),
(6, '202103100110134'),
(1, '202103100110140'),
(2, '202103100110140'),
(3, '202103100110140'),
(4, '202103100110140'),
(5, '202103100110140'),
(6, '202103100110140'),
(1, '202103100110141'),
(2, '202103100110141'),
(3, '202103100110141'),
(4, '202103100110141'),
(5, '202103100110141'),
(6, '202103100110141'),
(1, '202103100110143'),
(2, '202103100110143'),
(3, '202103100110143'),
(4, '202103100110143'),
(5, '202103100110143'),
(6, '202103100110143'),
(1, '202103100110144'),
(2, '202103100110144'),
(3, '202103100110144'),
(4, '202103100110144'),
(5, '202103100110144'),
(6, '202103100110144'),
(1, '202103100110145'),
(2, '202103100110145'),
(3, '202103100110145'),
(4, '202103100110145'),
(5, '202103100110145'),
(6, '202103100110145'),
(1, '202103100110147'),
(2, '202103100110147'),
(3, '202103100110147'),
(4, '202103100110147'),
(5, '202103100110147'),
(6, '202103100110147'),
(1, '202103100110148'),
(2, '202103100110148'),
(3, '202103100110148'),
(4, '202103100110148'),
(5, '202103100110148'),
(6, '202103100110148'),
(1, '202103100110155'),
(2, '202103100110155'),
(3, '202103100110155'),
(4, '202103100110155'),
(5, '202103100110155'),
(6, '202103100110155'),
(1, '202103100110157'),
(2, '202103100110157'),
(3, '202103100110157'),
(4, '202103100110157'),
(5, '202103100110157'),
(6, '202103100110157'),
(1, '202103100110169'),
(2, '202103100110169'),
(3, '202103100110169'),
(4, '202103100110169'),
(5, '202103100110169'),
(6, '202103100110169'),
(1, '202103100110170'),
(2, '202103100110170'),
(3, '202103100110170'),
(4, '202103100110170'),
(5, '202103100110170'),
(6, '202103100110170'),
(1, '202103100110197'),
(2, '202103100110197'),
(3, '202103100110197'),
(4, '202103100110197'),
(5, '202103100110197'),
(6, '202103100110197'),
(1, '202103100110199'),
(2, '202103100110199'),
(3, '202103100110199'),
(4, '202103100110199'),
(5, '202103100110199'),
(6, '202103100110199');

-- --------------------------------------------------------

--
-- Table structure for table `course_teacher`
--

CREATE TABLE `course_teacher` (
  `cse_id` int NOT NULL,
  `tchr_id` varchar(15) COLLATE utf8mb4_general_ci NOT NULL
) ENGINE=InnoDB DEFAULT CHARSET=utf8mb4 COLLATE=utf8mb4_general_ci;

--
-- Dumping data for table `course_teacher`
--

INSERT INTO `course_teacher` (`cse_id`, `tchr_id`) VALUES
(1, 'teacher'),
(3, 'teacher'),
(4, 'teacher'),
(25, 'teacher'),
(1, 'teacher002');

-- --------------------------------------------------------

--
-- Table structure for table `learning_material`
--

CREATE TABLE `learning_material` (
  `lm_id` int NOT NULL,
  `lm_name` varchar(100) COLLATE utf8mb4_general_ci DEFAULT NULL,
  `lm_type` varchar(10) COLLATE utf8mb4_general_ci NOT NULL,
  `lm_desc` varchar(1000) COLLATE utf8mb4_general_ci DEFAULT NULL,
  `lm_upload_date_time` datetime NOT NULL,
  `lm_file` varchar(200) COLLATE utf8mb4_general_ci DEFAULT NULL,
  `cse_id` int NOT NULL
) ENGINE=InnoDB DEFAULT CHARSET=utf8mb4 COLLATE=utf8mb4_general_ci;

--
-- Dumping data for table `learning_material`
--

INSERT INTO `learning_material` (`lm_id`, `lm_name`, `lm_type`, `lm_desc`, `lm_upload_date_time`, `lm_file`, `cse_id`) VALUES
(4, 'DBMS Book ', 'pdf', 'UNIT 1 to 6 Book', '2023-10-26 19:42:00', '../learning_material/materials/Fundamentals of programming/79b8a3d0-d0dd-4944-a6e5-7294613f9a8e_Chapter_4.pdf', 1);

-- --------------------------------------------------------

--
-- Table structure for table `pending_requests`
--

CREATE TABLE `pending_requests` (
  `usr_id` varchar(15) COLLATE utf8mb4_general_ci NOT NULL,
  `usr_name` varchar(50) COLLATE utf8mb4_general_ci NOT NULL,
  `usr_contact_no` char(10) COLLATE utf8mb4_general_ci DEFAULT NULL,
  `usr_gender` char(1) COLLATE utf8mb4_general_ci NOT NULL,
  `usr_email` varchar(55) COLLATE utf8mb4_general_ci NOT NULL,
  `usr_password` varchar(30) COLLATE utf8mb4_general_ci NOT NULL,
  `usr_type` varchar(10) COLLATE utf8mb4_general_ci DEFAULT NULL,
  `usr_stud_category` varchar(10) COLLATE utf8mb4_general_ci DEFAULT NULL
) ENGINE=InnoDB DEFAULT CHARSET=utf8mb4 COLLATE=utf8mb4_general_ci;

--
-- Dumping data for table `pending_requests`
--

INSERT INTO `pending_requests` (`usr_id`, `usr_name`, `usr_contact_no`, `usr_gender`, `usr_email`, `usr_password`, `usr_type`, `usr_stud_category`) VALUES
('rishabhsahu@utu', 'Rishabh Sahu', '8949472986', 'm', 'rishabhmandavlia2001@gmail.com', 'RishabhSahu$17', 'teacher', NULL);

-- --------------------------------------------------------

--
-- Table structure for table `poll`
--

CREATE TABLE `poll` (
  `poll_id` int NOT NULL,
  `poll_name` varchar(100) COLLATE utf8mb4_general_ci NOT NULL,
  `poll_text` varchar(200) COLLATE utf8mb4_general_ci NOT NULL,
  `poll_date_time` datetime DEFAULT NULL,
  `cse_id` int DEFAULT NULL
) ENGINE=InnoDB DEFAULT CHARSET=utf8mb4 COLLATE=utf8mb4_general_ci;

--
-- Dumping data for table `poll`
--

INSERT INTO `poll` (`poll_id`, `poll_name`, `poll_text`, `poll_date_time`, `cse_id`) VALUES
(3, 'Student Activity Survey ', 'Which outdoor activity do you enjoy the most on weekends?', '2023-08-24 22:05:00', 1),
(4, 'Student Survey ', 'How much time do you spend everday on study?', '2023-08-25 15:26:00', 1),
(5, 'Student Survey 1', 'How much time do you spend everday on study?', '2023-09-09 19:01:00', 1);

-- --------------------------------------------------------

--
-- Table structure for table `poll_answers`
--

CREATE TABLE `poll_answers` (
  `poll_answer_id` int NOT NULL,
  `poll_id` int NOT NULL,
  `poll_answer` varchar(100) COLLATE utf8mb4_general_ci NOT NULL
) ENGINE=InnoDB DEFAULT CHARSET=utf8mb4 COLLATE=utf8mb4_general_ci;

--
-- Dumping data for table `poll_answers`
--

INSERT INTO `poll_answers` (`poll_answer_id`, `poll_id`, `poll_answer`) VALUES
(7, 3, 'Hiking'),
(8, 3, 'Biking'),
(9, 3, 'Playing sports'),
(10, 3, 'Indoor games'),
(11, 3, 'Video games'),
(12, 4, '2 hours'),
(13, 4, '3 hours'),
(14, 4, '4 hours'),
(15, 5, 'asdsd'),
(16, 5, 'asdsaa'),
(17, 5, 'asdasda'),
(18, 5, 'asdasda');

-- --------------------------------------------------------

--
-- Table structure for table `question`
--

CREATE TABLE `question` (
  `ques_id` int NOT NULL,
  `ques_text` varchar(500) COLLATE utf8mb4_general_ci NOT NULL,
  `ques_marks` int NOT NULL DEFAULT '1',
  `ques_category` varchar(100) COLLATE utf8mb4_general_ci NOT NULL,
  `ques_topic` varchar(100) COLLATE utf8mb4_general_ci NOT NULL,
  `ques_sub_topic` varchar(100) COLLATE utf8mb4_general_ci NOT NULL,
  `ques_creation_datetime` datetime NOT NULL,
  `ques_quiz_occurrences` int NOT NULL DEFAULT '0'
) ENGINE=InnoDB DEFAULT CHARSET=utf8mb4 COLLATE=utf8mb4_general_ci;

--
-- Dumping data for table `question`
--

INSERT INTO `question` (`ques_id`, `ques_text`, `ques_marks`, `ques_category`, `ques_topic`, `ques_sub_topic`, `ques_creation_datetime`, `ques_quiz_occurrences`) VALUES
(30, 'Which of the following are some common RDBMS in use?', 1, 'DBMS', 'RDBMS', 'RDBMS', '2023-10-27 19:42:16', 1),
(31, 'What is the full form of SQL?', 1, 'DBMS', 'RDBMS', 'RDBMS', '2023-10-27 19:43:04', 1),
(32, 'Which of the following is not a valid SQL type?', 1, 'DBMS', 'RDBMS', 'RDBMS', '2023-10-27 19:43:32', 1),
(35, 'What does SQL stand for?', 1, 'DBMS', 'SQL', 'Basics', '2023-10-27 19:57:11', 0),
(36, 'What does SQL stand for?', 1, 'DBMS', 'SQL', 'Basics', '2023-10-27 20:00:06', 0),
(37, 'Which SQL statement is used to insert new data in a database?', 1, 'DBMS', 'SQL', 'Basics', '2023-10-27 20:00:06', 0),
(38, 'What is the result of 2 * 5 + 3?', 1, 'Math', 'Arithmetic', 'Basics', '2023-10-27 20:00:06', 0),
(39, 'What is the primary key in a database table?', 1, 'DBMS', 'SQL', 'Basics', '2023-10-27 20:03:09', 0),
(40, 'What does CRUD stand for in the context of a database?', 1, 'DBMS', 'Database Operations', 'Basics', '2023-10-27 20:03:09', 0),
(41, 'What SQL clause is used to filter the result set of a query?', 1, 'DBMS', 'SQL', 'Filtering', '2023-10-27 20:03:09', 0),
(42, 'In a relational database, what is a foreign key?', 1, 'DBMS', 'Database Relationships', 'Basics', '2023-10-27 20:03:09', 0),
(43, 'What is an RDBMS?', 1, 'DBMS', 'RDBMS', 'Basics', '2023-10-27 20:08:05', 0),
(44, 'What is a table in an RDBMS?', 1, 'DBMS', 'RDBMS', 'Basics', '2023-10-27 20:08:05', 0),
(45, 'What is SQL?', 1, 'DBMS', 'RDBMS', 'Basics', '2023-10-27 20:08:05', 0),
(46, 'What is a primary key?', 1, 'DBMS', 'RDBMS', 'Basics', '2023-10-27 20:08:05', 0),
(47, 'What is a foreign key?', 1, 'DBMS', 'RDBMS', 'Basics', '2023-10-27 20:08:05', 0),
(48, 'What is normalization in RDBMS?', 1, 'DBMS', 'RDBMS', 'Basics', '2023-10-27 20:08:05', 0),
(49, 'What is a database transaction?', 1, 'DBMS', 'RDBMS', 'Basics', '2023-10-27 20:08:05', 0),
(50, 'What is SQL Injection?', 1, 'DBMS', 'RDBMS', 'Security', '2023-10-27 20:08:05', 0),
(51, 'What is a stored procedure in RDBMS?', 1, 'DBMS', 'RDBMS', 'Advanced', '2023-10-27 20:08:05', 0),
(52, 'What is ACID in the context of RDBMS?', 1, 'DBMS', 'RDBMS', 'Advanced', '2023-10-27 20:08:05', 0),
(53, 'What is an SQL Trigger?', 1, 'DBMS', 'SQL', 'Triggers', '2023-10-27 20:19:16', 0),
(54, 'What are the types of Triggers in SQL?', 1, 'DBMS', 'SQL', 'Triggers', '2023-10-27 20:19:16', 0),
(55, 'What is an SQL Stored Procedure?', 1, 'DBMS', 'SQL', 'Procedures', '2023-10-27 20:19:16', 0),
(56, 'What is the purpose of SQL Stored Procedures?', 1, 'DBMS', 'SQL', 'Procedures', '2023-10-27 20:19:16', 0),
(57, 'What is an SQL Function?', 1, 'DBMS', 'SQL', 'Functions', '2023-10-27 20:19:16', 0),
(58, 'What is the syntax for creating an SQL Stored Procedure?', 1, 'DBMS', 'SQL', 'Procedures', '2023-10-27 20:19:16', 0),
(59, 'What is the difference between a Function and a Stored Procedure in SQL?', 1, 'DBMS', 'SQL', 'Functions and Procedures', '2023-10-27 20:19:16', 0),
(60, 'What is the purpose of an SQL Transaction?', 1, 'DBMS', 'SQL', 'Transactions', '2023-10-27 20:19:16', 0),
(61, 'What is the ACID properties of a Transaction in SQL?', 1, 'DBMS', 'SQL', 'Transactions', '2023-10-27 20:19:16', 0),
(62, 'What is the syntax for creating an SQL Trigger?', 1, 'DBMS', 'SQL', 'Triggers', '2023-10-27 20:19:16', 0),
(85, 'What is testing', 1, 'Foop', 'OOP', 'OOP', '2023-11-04 19:57:20', 1),
(86, 'Which number after 1', 1, 'Foop', 'OOP', 'OOP', '2023-11-04 19:59:54', 1),
(87, 'What Is Node JS?', 1, 'Foop', 'OOP', 'OOP', '2023-11-06 16:08:15', 1);

-- --------------------------------------------------------

--
-- Table structure for table `question_answers`
--

CREATE TABLE `question_answers` (
  `ans_id` int NOT NULL,
  `ques_id` int NOT NULL,
  `ques_answer` varchar(1000) COLLATE utf8mb4_general_ci NOT NULL,
  `ques_correctanswer` tinyint(1) DEFAULT NULL
) ENGINE=InnoDB DEFAULT CHARSET=utf8mb4 COLLATE=utf8mb4_general_ci;

--
-- Dumping data for table `question_answers`
--

INSERT INTO `question_answers` (`ans_id`, `ques_id`, `ques_answer`, `ques_correctanswer`) VALUES
(182, 30, 'Oracle', 0),
(183, 30, 'MYSQl', 0),
(184, 30, 'HeidiSql', 0),
(185, 30, 'ALL', 1),
(186, 31, 'Structured Query List', 0),
(187, 31, 'Structure Query Language', 1),
(188, 31, 'Sample Query Language', 0),
(189, 31, 'None of these.', 0),
(190, 32, 'FLOAT', 0),
(191, 32, 'NUMERIC', 0),
(192, 32, 'DECIMAL', 1),
(193, 32, 'CHARACTER', 0),
(208, 35, 'Structured Query Language', 1),
(209, 35, 'Sequential Query Language', 0),
(210, 35, 'Simple Question Language', 0),
(211, 35, 'Structured Question Language', 0),
(217, 36, 'Structured Query Language', 1),
(218, 36, 'Sequential Query Language', 0),
(219, 36, 'Simple Question Language', 0),
(220, 36, 'Structured Question Language', 0),
(221, 37, 'INSERT INTO', 1),
(222, 37, 'ADD RECORD', 0),
(223, 37, 'ADD NEW', 0),
(224, 37, 'INSERT RECORD', 0),
(225, 38, '13', 1),
(226, 38, '15', 0),
(227, 38, '23', 0),
(228, 38, '25', 0),
(229, 39, 'A field or a set of fields that uniquely identifies a record in a table', 1),
(230, 39, 'The first field in the table', 0),
(231, 39, 'The last field in the table', 0),
(232, 39, 'A numerical field', 0),
(233, 40, 'Create, Read, Update, Delete', 1),
(234, 40, 'Copy, Remove, Update, Delete', 0),
(235, 40, 'Compute, Read, Update, Delete', 0),
(236, 40, 'Change, Retrieve, Update, Delete', 0),
(237, 41, 'WHERE', 1),
(238, 41, 'FILTER', 0),
(239, 41, 'SELECT', 0),
(240, 41, 'FROM', 0),
(241, 42, 'A field in a table that is a primary key in another table', 1),
(242, 42, 'A field that stores only numeric values', 0),
(243, 42, 'A field that allows NULL values', 0),
(244, 42, 'A field that is automatically incremented', 0),
(245, 43, 'Relational Database Management System', 1),
(246, 43, 'Random Database Management System', 0),
(247, 43, 'Recursive Database Management System', 0),
(248, 43, 'Rapid Database Management System', 0),
(249, 44, 'A collection of related data entries', 1),
(250, 44, 'A storage unit for files', 0),
(251, 44, 'A data type', 0),
(252, 44, 'A database', 0),
(253, 45, 'Structured Query Language', 1),
(254, 45, 'Sequential Query Language', 0),
(255, 45, 'Simple Question Language', 0),
(256, 45, 'Structured Question Language', 0),
(257, 46, 'A unique identifier for a record in a table', 1),
(258, 46, 'A key used to unlock a database', 0),
(259, 46, 'A type of table in RDBMS', 0),
(260, 46, 'A foreign key in a different table', 0),
(261, 47, 'A field in a table that is the primary key of another table', 1),
(262, 47, 'A key used for encryption', 0),
(263, 47, 'A key used for sorting records', 0),
(264, 47, 'A key used for indexing', 0),
(265, 48, 'The process of organizing data to eliminate redundancy', 1),
(266, 48, 'The process of converting data into tables', 0),
(267, 48, 'The process of creating indexes', 0),
(268, 48, 'The process of encrypting data', 0),
(269, 49, 'A sequence of one or more SQL operations treated as a single unit', 1),
(270, 49, 'A backup of a database', 0),
(271, 49, 'A complete set of records in a table', 0),
(272, 49, 'A database connection', 0),
(273, 50, 'A code injection technique that exploits a vulnerability in an application\'s software', 1),
(274, 50, 'A database encryption method', 0),
(275, 50, 'A method to optimize SQL queries', 0),
(276, 50, 'A technique to enhance database performance', 0),
(277, 51, 'A prepared SQL code that can be saved and reused', 1),
(278, 51, 'A temporary table in a database', 0),
(279, 51, 'A query that retrieves data from multiple tables', 0),
(280, 51, 'A backup of the entire database', 0),
(281, 52, 'A set of properties that guarantee that database transactions are processed reliably', 1),
(282, 52, 'A data encryption algorithm', 0),
(283, 52, 'A type of database indexing', 0),
(284, 52, 'A database modeling technique', 0),
(285, 53, 'A set of instructions that are automatically executed in response to certain events on a particular table or view in a database', 1),
(286, 53, 'A user-defined function', 0),
(287, 53, 'A table in a database', 0),
(288, 53, 'A database view', 0),
(289, 54, 'DML Triggers and DDL Triggers', 1),
(290, 54, 'SELECT Triggers and UPDATE Triggers', 0),
(291, 54, 'INSERT Triggers and DELETE Triggers', 0),
(292, 54, 'PRIMARY Triggers and FOREIGN Triggers', 0),
(293, 55, 'A prepared SQL code that can be saved and reused', 1),
(294, 55, 'A temporary table', 0),
(295, 55, 'A database schema', 0),
(296, 55, 'A database view', 0),
(297, 56, 'To group one or more SQL statements into a single executable code block', 1),
(298, 56, 'To create a new database', 0),
(299, 56, 'To delete a table', 0),
(300, 56, 'To update database metadata', 0),
(301, 57, 'A pre-defined or user-defined SQL code block that returns a single value', 1),
(302, 57, 'A database table', 0),
(303, 57, 'A database schema', 0),
(304, 57, 'A database view', 0),
(305, 58, 'CREATE PROCEDURE procedure_name (parameter1 datatype, parameter2 datatype, ...) BEGIN -- SQL statements END', 1),
(306, 58, 'CREATE STORED PROCEDURE procedure_name (parameter1 datatype, parameter2 datatype, ...) BEGIN -- SQL statements END', 0),
(307, 58, 'CREATE FUNCTION function_name (parameter1 datatype, parameter2 datatype, ...) BEGIN -- SQL statements END', 0),
(308, 58, 'CREATE SQL PROCEDURE procedure_name (parameter1 datatype, parameter2 datatype, ...) BEGIN -- SQL statements END', 0),
(309, 59, 'A function must return a value, while a stored procedure does not necessarily return a value', 1),
(310, 59, 'A stored procedure must return a value, while a function does not necessarily return a value', 0),
(311, 59, 'Functions and stored procedures are the same, there is no difference', 0),
(312, 59, 'Functions cannot accept parameters, while stored procedures can', 0),
(313, 60, 'To ensure data integrity and consistency in a database by allowing multiple SQL statements to be treated as a single unit', 1),
(314, 60, 'To create a new database', 0),
(315, 60, 'To delete a table', 0),
(316, 60, 'To update database metadata', 0),
(317, 61, 'Atomicity, Consistency, Isolation, Durability', 1),
(318, 61, 'Accuracy, Consistency, Isolation, Durability', 0),
(319, 61, 'Atomicity, Compatibility, Isolation, Durability', 0),
(320, 61, 'Atomicity, Consistency, Integration, Durability', 0),
(321, 62, 'CREATE TRIGGER trigger_name BEFORE/AFTER INSERT/UPDATE/DELETE ON table_name FOR EACH ROW BEGIN -- SQL statements END', 1),
(322, 62, 'CREATE TRIGGER trigger_name BEFORE/AFTER INSERT/UPDATE/DELETE ON table_name BEGIN -- SQL statements END', 0),
(323, 62, 'CREATE trigger_name BEFORE/AFTER INSERT/UPDATE/DELETE ON table_name FOR EACH ROW BEGIN -- SQL statements END', 0),
(324, 62, 'CREATE TRIGGER trigger_name INSERT/UPDATE/DELETE ON table_name FOR EACH ROW BEGIN -- SQL statements END', 0),
(326, 85, 'Right', 1),
(327, 85, 'Wrong', 0),
(328, 86, '0', 0),
(329, 86, '2', 1),
(330, 87, 'Styling language', 0),
(331, 87, 'Javascript framework', 1);

-- --------------------------------------------------------

--
-- Table structure for table `quiz`
--

CREATE TABLE `quiz` (
  `qui_id` int NOT NULL,
  `qui_name` varchar(100) COLLATE utf8mb4_general_ci DEFAULT NULL,
  `qui_desc` varchar(1000) COLLATE utf8mb4_general_ci DEFAULT NULL,
  `qui_password` varchar(255) COLLATE utf8mb4_general_ci DEFAULT NULL,
  `qui_total_marks` int DEFAULT NULL,
  `qui_start_time` datetime DEFAULT NULL,
  `qui_end_time` datetime DEFAULT NULL,
  `cse_id` int NOT NULL
) ENGINE=InnoDB DEFAULT CHARSET=utf8mb4 COLLATE=utf8mb4_general_ci;

--
-- Dumping data for table `quiz`
--

INSERT INTO `quiz` (`qui_id`, `qui_name`, `qui_desc`, `qui_password`, `qui_total_marks`, `qui_start_time`, `qui_end_time`, `cse_id`) VALUES
(36, 'DBMS Quiz', 'Unit 1', NULL, 10, '2023-10-27 19:35:00', '2023-10-27 23:35:00', 1),
(37, 'DBMS quiz 2', 'Unit 2', NULL, 10, '2023-10-27 20:04:00', '2023-10-27 22:04:00', 1),
(38, 'DBMS quiz 3', 'Create, update & Delete', NULL, 10, '2023-10-27 20:08:00', '2023-10-27 22:09:00', 1),
(39, 'Test quiz', 'Testing quiz', NULL, 2, '2023-11-04 19:56:00', '2023-11-04 21:55:00', 1),
(41, 'password check quiz', 'Password check quiz', 'Quiz@123', 1, '2023-11-06 16:06:00', '2023-11-06 19:09:00', 1);

-- --------------------------------------------------------

--
-- Table structure for table `quiz_questions`
--

CREATE TABLE `quiz_questions` (
  `qui_id` int NOT NULL,
  `ques_id` int NOT NULL
) ENGINE=InnoDB DEFAULT CHARSET=utf8mb4 COLLATE=utf8mb4_general_ci;

--
-- Dumping data for table `quiz_questions`
--

INSERT INTO `quiz_questions` (`qui_id`, `ques_id`) VALUES
(36, 30),
(36, 31),
(36, 32),
(36, 36),
(36, 37),
(36, 38),
(36, 39),
(36, 40),
(36, 41),
(36, 42),
(37, 43),
(37, 44),
(37, 45),
(37, 46),
(37, 47),
(37, 48),
(37, 49),
(37, 50),
(37, 51),
(37, 52),
(38, 53),
(38, 54),
(38, 55),
(38, 56),
(38, 57),
(38, 58),
(38, 59),
(38, 60),
(38, 61),
(38, 62),
(39, 85),
(39, 86),
(41, 87);

-- --------------------------------------------------------

--
-- Table structure for table `quiz_result`
--

CREATE TABLE `quiz_result` (
  `cse_id` int NOT NULL,
  `qui_id` int NOT NULL,
  `stud_id` varchar(15) COLLATE utf8mb4_general_ci NOT NULL,
  `tot_marks` int DEFAULT NULL,
  `obtn_marks` int DEFAULT NULL,
  `obtn_grade` char(1) COLLATE utf8mb4_general_ci DEFAULT NULL,
  `result_date` date DEFAULT NULL
) ENGINE=InnoDB DEFAULT CHARSET=utf8mb4 COLLATE=utf8mb4_general_ci;

--
-- Dumping data for table `quiz_result`
--

INSERT INTO `quiz_result` (`cse_id`, `qui_id`, `stud_id`, `tot_marks`, `obtn_marks`, `obtn_grade`, `result_date`) VALUES
(1, 36, '202103100110134', 10, 7, NULL, '2023-10-27'),
(1, 37, '202103100110134', 10, 9, NULL, '2023-10-28'),
(1, 38, '202103100110134', 10, 5, NULL, '2023-10-29'),
(1, 39, '202103100110134', 2, 1, NULL, '2023-11-04'),
(1, 41, '202103100110134', 1, 1, NULL, '2023-11-06'),
(1, 36, '202103100110141', 10, 9, NULL, '2023-10-27'),
(1, 37, '202103100110141', 10, 10, NULL, '2023-10-28'),
(1, 38, '202103100110141', 10, 10, NULL, '2023-10-29'),
(1, 39, '202103100110141', 2, 1, NULL, '2023-11-04'),
(1, 36, '202103100110147', 10, 2, NULL, '2023-10-27'),
(1, 37, '202103100110147', 10, 6, NULL, '2023-10-28'),
(1, 38, '202103100110147', 10, 8, NULL, '2023-10-29'),
(1, 36, '202103100110148', 10, 3, NULL, '2023-10-27'),
(1, 37, '202103100110148', 10, 8, NULL, '2023-10-28'),
(1, 38, '202103100110148', 10, 7, NULL, '2023-10-29');

-- --------------------------------------------------------

--
-- Table structure for table `schedule_list`
--

CREATE TABLE `schedule_list` (
  `id` int NOT NULL,
  `title` varchar(200) COLLATE utf8mb4_general_ci NOT NULL,
  `description` varchar(500) COLLATE utf8mb4_general_ci NOT NULL,
  `start_datetime` datetime NOT NULL,
  `end_datetime` datetime DEFAULT NULL
) ENGINE=InnoDB DEFAULT CHARSET=utf8mb4 COLLATE=utf8mb4_general_ci;

-- --------------------------------------------------------

--
-- Table structure for table `student`
--

CREATE TABLE `student` (
  `stud_id` varchar(15) COLLATE utf8mb4_general_ci NOT NULL,
  `stud_name` varchar(50) COLLATE utf8mb4_general_ci NOT NULL,
  `stud_contact_no` char(10) COLLATE utf8mb4_general_ci NOT NULL,
  `stud_gender` char(1) COLLATE utf8mb4_general_ci NOT NULL,
  `stud_email` varchar(55) COLLATE utf8mb4_general_ci NOT NULL,
  `stud_semester` int NOT NULL,
  `stud_password` varchar(30) COLLATE utf8mb4_general_ci NOT NULL,
  `stud_suspend` tinyint(1) DEFAULT NULL,
  `stud_profile_image` varchar(255) COLLATE utf8mb4_general_ci NOT NULL
) ENGINE=InnoDB DEFAULT CHARSET=utf8mb4 COLLATE=utf8mb4_general_ci;

--
-- Dumping data for table `student`
--

INSERT INTO `student` (`stud_id`, `stud_name`, `stud_contact_no`, `stud_gender`, `stud_email`, `stud_semester`, `stud_password`, `stud_suspend`, `stud_profile_image`) VALUES
('202103100110134', 'Rishabh Mandavlia', '8949472986', 'm', 'rishabhmandavlia17@gmail.com', 1, 'admin', 0, '../profile/user_images/202103100110134_1699107942_image.png'),
('202103100110140', 'Bhavya Dhimmer', '8546963259', 'm', 'bhavyadhimmar38@gmail.com', 1, 'admin', 0, ''),
('202103100110141', 'Raj Kakadiya', '8795645234', 'm', 'rajkakadiya232@gmail.com', 1, 'monish', 0, ''),
('202103100110143', 'Yash Joshi', '8696195478', 'm', 'yashjoshi@gmail.com', 1, 'monish', 0, ''),
('202103100110144', 'Renish Amipara', '8949476613', 'm', 'renishamipara123@123gmail.com', 1, 'Renish@2004', 0, ''),
('202103100110145', 'Monish Khandelwal', '7587789564', 'm', 'monish@gmail.com', 1, 'monish', 0, ''),
('202103100110147', 'Yash Patel', '7742631369', 'm', 'yashpatel@gmail.com', 1, 'monish', 0, ''),
('202103100110148', 'Akshar Dholakiya', '9314418975', 'm', 'akshardholakiya777@gmail.com', 1, 'monish', 0, ''),
('202103100110155', 'Jeel Moradiya', '8696547899', 'm', 'jeelmoradiya05@gmail.com', 1, 'jeel4324', 0, ''),
('202103100110157', 'Smit Thesiya', '9898854454', 'm', 'smitthesiya@gmail.com', 1, 'smithbhai', 0, ''),
('202103100110169', 'Rushil Pipliya', '9725005862', 'm', 'pipaliyarushil888@gmail.com', 1, 'Rushil@1', 0, ''),
('202103100110170', 'Neelkanth Mayani', '8978586315', 'm', 'neelkanth343@gmail.com', 1, 'neelkanthbhoi', 0, ''),
('202103100110197', 'Anirudh Vegad', '5648589686', 'm', 'anirdudh@gmail.com', 1, 'anidudh', 0, ''),
('202103100110199', 'Rahul Tanwar', '8989897845', 'm', 'rahultanwar@gmail.com', 1, 'rahulbhai', 0, '');

-- --------------------------------------------------------

--
-- Table structure for table `student_attempted_quiz`
--

CREATE TABLE `student_attempted_quiz` (
  `qui_id` int DEFAULT NULL,
  `cse_id` int DEFAULT NULL,
  `stud_id` varchar(15) COLLATE utf8mb4_general_ci DEFAULT NULL,
  `attended` tinyint(1) DEFAULT '0'
) ENGINE=InnoDB DEFAULT CHARSET=utf8mb4 COLLATE=utf8mb4_general_ci;

--
-- Dumping data for table `student_attempted_quiz`
--

INSERT INTO `student_attempted_quiz` (`qui_id`, `cse_id`, `stud_id`, `attended`) VALUES
(36, 1, '202103100110134', 1),
(36, 1, '202103100110140', 0),
(36, 1, '202103100110141', 1),
(36, 1, '202103100110143', 0),
(36, 1, '202103100110144', 0),
(36, 1, '202103100110145', 0),
(36, 1, '202103100110147', 1),
(36, 1, '202103100110148', 1),
(36, 1, '202103100110155', 0),
(36, 1, '202103100110157', 0),
(36, 1, '202103100110169', 0),
(36, 1, '202103100110170', 0),
(36, 1, '202103100110197', 0),
(36, 1, '202103100110199', 0),
(37, 1, '202103100110134', 1),
(37, 1, '202103100110140', 0),
(37, 1, '202103100110141', 1),
(37, 1, '202103100110143', 0),
(37, 1, '202103100110144', 0),
(37, 1, '202103100110145', 0),
(37, 1, '202103100110147', 1),
(37, 1, '202103100110148', 1),
(37, 1, '202103100110155', 0),
(37, 1, '202103100110157', 0),
(37, 1, '202103100110169', 0),
(37, 1, '202103100110170', 0),
(37, 1, '202103100110197', 0),
(37, 1, '202103100110199', 0),
(38, 1, '202103100110134', 1),
(38, 1, '202103100110140', 0),
(38, 1, '202103100110141', 1),
(38, 1, '202103100110143', 0),
(38, 1, '202103100110144', 0),
(38, 1, '202103100110145', 0),
(38, 1, '202103100110147', 1),
(38, 1, '202103100110148', 1),
(38, 1, '202103100110155', 0),
(38, 1, '202103100110157', 0),
(38, 1, '202103100110169', 0),
(38, 1, '202103100110170', 0),
(38, 1, '202103100110197', 0),
(38, 1, '202103100110199', 0),
(39, 1, '202103100110134', 1),
(39, 1, '202103100110140', 0),
(39, 1, '202103100110141', 1),
(39, 1, '202103100110143', 0),
(39, 1, '202103100110144', 0),
(39, 1, '202103100110145', 0),
(39, 1, '202103100110147', 0),
(39, 1, '202103100110148', 0),
(39, 1, '202103100110155', 0),
(39, 1, '202103100110157', 0),
(39, 1, '202103100110169', 0),
(39, 1, '202103100110170', 0),
(39, 1, '202103100110197', 0),
(39, 1, '202103100110199', 0),
(41, 1, '202103100110134', 1),
(41, 1, '202103100110140', 0),
(41, 1, '202103100110141', 0),
(41, 1, '202103100110143', 0),
(41, 1, '202103100110144', 0),
(41, 1, '202103100110145', 0),
(41, 1, '202103100110147', 0),
(41, 1, '202103100110148', 0),
(41, 1, '202103100110155', 0),
(41, 1, '202103100110157', 0),
(41, 1, '202103100110169', 0),
(41, 1, '202103100110170', 0),
(41, 1, '202103100110197', 0),
(41, 1, '202103100110199', 0);

-- --------------------------------------------------------

--
-- Table structure for table `student_poll_answers`
--

CREATE TABLE `student_poll_answers` (
  `poll_answer_id` int DEFAULT NULL,
  `stud_id` varchar(15) COLLATE utf8mb4_general_ci NOT NULL
) ENGINE=InnoDB DEFAULT CHARSET=utf8mb4 COLLATE=utf8mb4_general_ci;

--
-- Dumping data for table `student_poll_answers`
--

INSERT INTO `student_poll_answers` (`poll_answer_id`, `stud_id`) VALUES
(7, '202103100110134'),
(8, '202103100110140'),
(8, '202103100110199'),
(8, '202103100110141'),
(9, '202103100110143'),
(12, '202103100110134'),
(12, '202103100110140'),
(13, '202103100110141'),
(15, '202103100110134'),
(14, '202103100110199'),
(18, '202103100110199');

-- --------------------------------------------------------

--
-- Table structure for table `student_quiz_score`
--

CREATE TABLE `student_quiz_score` (
  `stud_id` varchar(15) COLLATE utf8mb4_general_ci DEFAULT NULL,
  `ans_id` int DEFAULT NULL,
  `ques_id` int DEFAULT NULL,
  `qui_id` int DEFAULT NULL,
  `cse_id` int DEFAULT NULL
) ENGINE=InnoDB DEFAULT CHARSET=utf8mb4 COLLATE=utf8mb4_general_ci;

--
-- Dumping data for table `student_quiz_score`
--

INSERT INTO `student_quiz_score` (`stud_id`, `ans_id`, `ques_id`, `qui_id`, `cse_id`) VALUES
('202103100110141', 185, 30, 36, 1),
('202103100110141', 187, 31, 36, 1),
('202103100110141', 192, 32, 36, 1),
('202103100110141', 217, 36, 36, 1),
('202103100110141', 221, 37, 36, 1),
('202103100110141', 225, 38, 36, 1),
('202103100110141', 229, 39, 36, 1),
('202103100110141', 233, 40, 36, 1),
('202103100110141', 237, 41, 36, 1),
('202103100110141', 241, 42, 36, 1),
('202103100110134', 185, 30, 36, 1),
('202103100110134', 187, 31, 36, 1),
('202103100110134', 192, 32, 36, 1),
('202103100110134', 217, 36, 36, 1),
('202103100110134', 221, 37, 36, 1),
('202103100110134', 225, 38, 36, 1),
('202103100110134', 229, 39, 36, 1),
('202103100110134', 233, 40, 36, 1),
('202103100110134', 237, 41, 36, 1),
('202103100110134', 241, 42, 36, 1),
('202103100110134', 245, 43, 37, 1),
('202103100110134', 249, 44, 37, 1),
('202103100110134', 253, 45, 37, 1),
('202103100110134', 257, 46, 37, 1),
('202103100110134', 261, 47, 37, 1),
('202103100110134', 265, 48, 37, 1),
('202103100110134', 269, 49, 37, 1),
('202103100110134', 273, 50, 37, 1),
('202103100110134', 277, 51, 37, 1),
('202103100110134', 281, 52, 37, 1),
('202103100110134', 285, 53, 38, 1),
('202103100110134', 289, 54, 38, 1),
('202103100110134', 293, 55, 38, 1),
('202103100110134', 297, 56, 38, 1),
('202103100110134', 301, 57, 38, 1),
('202103100110134', 305, 58, 38, 1),
('202103100110134', 309, 59, 38, 1),
('202103100110134', 313, 60, 38, 1),
('202103100110134', 317, 61, 38, 1),
('202103100110134', 321, 62, 38, 1),
('202103100110141', 245, 43, 37, 1),
('202103100110141', 249, 44, 37, 1),
('202103100110141', 253, 45, 37, 1),
('202103100110141', 257, 46, 37, 1),
('202103100110141', 261, 47, 37, 1),
('202103100110141', 265, 48, 37, 1),
('202103100110141', 269, 49, 37, 1),
('202103100110141', 273, 50, 37, 1),
('202103100110141', 277, 51, 37, 1),
('202103100110141', 281, 52, 37, 1),
('202103100110141', 285, 53, 38, 1),
('202103100110141', 289, 54, 38, 1),
('202103100110141', 293, 55, 38, 1),
('202103100110141', 297, 56, 38, 1),
('202103100110141', 301, 57, 38, 1),
('202103100110141', 305, 58, 38, 1),
('202103100110141', 309, 59, 38, 1),
('202103100110141', 313, 60, 38, 1),
('202103100110141', 317, 61, 38, 1),
('202103100110141', 321, 62, 38, 1),
('202103100110147', 185, 30, 36, 1),
('202103100110147', 187, 31, 36, 1),
('202103100110147', 192, 32, 36, 1),
('202103100110147', 217, 36, 36, 1),
('202103100110147', 221, 37, 36, 1),
('202103100110147', 225, 38, 36, 1),
('202103100110147', 229, 39, 36, 1),
('202103100110147', 233, 40, 36, 1),
('202103100110147', 237, 41, 36, 1),
('202103100110147', 241, 42, 36, 1),
('202103100110147', 245, 43, 37, 1),
('202103100110147', 249, 44, 37, 1),
('202103100110147', 253, 45, 37, 1),
('202103100110147', 257, 46, 37, 1),
('202103100110147', 261, 47, 37, 1),
('202103100110147', 265, 48, 37, 1),
('202103100110147', 269, 49, 37, 1),
('202103100110147', 273, 50, 37, 1),
('202103100110147', 277, 51, 37, 1),
('202103100110147', 281, 52, 37, 1),
('202103100110147', 285, 53, 38, 1),
('202103100110147', 289, 54, 38, 1),
('202103100110147', 293, 55, 38, 1),
('202103100110147', 297, 56, 38, 1),
('202103100110147', 301, 57, 38, 1),
('202103100110147', 305, 58, 38, 1),
('202103100110147', 309, 59, 38, 1),
('202103100110147', 313, 60, 38, 1),
('202103100110147', 317, 61, 38, 1),
('202103100110147', 321, 62, 38, 1),
('202103100110148', 185, 30, 36, 1),
('202103100110148', 187, 31, 36, 1),
('202103100110148', 192, 32, 36, 1),
('202103100110148', 217, 36, 36, 1),
('202103100110148', 221, 37, 36, 1),
('202103100110148', 225, 38, 36, 1),
('202103100110148', 229, 39, 36, 1),
('202103100110148', 233, 40, 36, 1),
('202103100110148', 237, 41, 36, 1),
('202103100110148', 241, 42, 36, 1),
('202103100110148', 245, 43, 37, 1),
('202103100110148', 249, 44, 37, 1),
('202103100110148', 253, 45, 37, 1),
('202103100110148', 257, 46, 37, 1),
('202103100110148', 261, 47, 37, 1),
('202103100110148', 265, 48, 37, 1),
('202103100110148', 269, 49, 37, 1),
('202103100110148', 273, 50, 37, 1),
('202103100110148', 277, 51, 37, 1),
('202103100110148', 281, 52, 37, 1),
('202103100110148', 285, 53, 38, 1),
('202103100110148', 289, 54, 38, 1),
('202103100110148', 293, 55, 38, 1),
('202103100110148', 297, 56, 38, 1),
('202103100110148', 301, 57, 38, 1),
('202103100110148', 305, 58, 38, 1),
('202103100110148', 309, 59, 38, 1),
('202103100110148', 313, 60, 38, 1),
('202103100110148', 317, 61, 38, 1),
('202103100110148', 321, 62, 38, 1),
('202103100110134', 326, 85, 39, 1),
('202103100110134', 329, 86, 39, 1),
('202103100110141', 326, 85, 39, 1),
('202103100110141', 329, 86, 39, 1),
('202103100110134', 331, 87, 41, 1);

-- --------------------------------------------------------

--
-- Table structure for table `teacher`
--

CREATE TABLE `teacher` (
  `tchr_id` varchar(15) COLLATE utf8mb4_general_ci NOT NULL,
  `tchr_name` varchar(50) COLLATE utf8mb4_general_ci NOT NULL,
  `tchr_contact_no` char(10) COLLATE utf8mb4_general_ci NOT NULL,
  `tchr_gender` char(1) COLLATE utf8mb4_general_ci NOT NULL,
  `tchr_email` varchar(55) COLLATE utf8mb4_general_ci NOT NULL,
  `tchr_password` varchar(30) COLLATE utf8mb4_general_ci NOT NULL,
  `tchr_suspend` tinyint(1) DEFAULT NULL,
  `tchr_profile_image` varchar(255) COLLATE utf8mb4_general_ci NOT NULL
) ENGINE=InnoDB DEFAULT CHARSET=utf8mb4 COLLATE=utf8mb4_general_ci;

--
-- Dumping data for table `teacher`
--

INSERT INTO `teacher` (`tchr_id`, `tchr_name`, `tchr_contact_no`, `tchr_gender`, `tchr_email`, `tchr_password`, `tchr_suspend`, `tchr_profile_image`) VALUES
('iamtheteacher', 'Rushil Pipliya', '9725005862', 'm', 'rishabhmandavlia17@gmail.com', 'Rishabh@2001', 0, ''),
('teacher', 'Ashish Sahu', '7895642333', 'm', 'gyanguruclasses@gmail.com', 'teacher', 0, '../profile/user_images/gyanguru_1698040714_image.png'),
('teacher001', 'Ms. Jenisha Tailor', '0123456789', 'f', 'jenishatailor2121@utu.ac.in', 'jaishreemam123', 0, ''),
('teacher002', 'Mr. Jitendra Upadhyay', '7890123456', 'm', 'jbupadhyay1@utu.ac.in', 'jitusir123', 0, ''),
('teacher003', 'Mr. Kalpesh Lad', '6789012345', 'm', 'ladkalpesh121@utu.ac.in', 'kalpeshsir123', 0, ''),
('teacher004', 'Mr. Vivek Fumakia', '7890123456', 'm', 'viveksir121@utu.ac.in', 'viveksir123', 0, ''),
('teacher005', 'Mr. Ronak Patel', '7890123456', 'm', 'ronak.patel1@utu.ac.in', 'ronaksir123', 0, ''),
('teacher006', 'Ms. Urvi Panchal', '7895642569', 'm', 'urvi.panchal1@utu.ac.in', 'urvimam123', 0, ''),
('teacher007', 'Ms. Mubashira Banu', '8974596333', 'f', 'mubashshirahbanu.shekh1@utu.ac.in', 'mubasiramam123', 0, ''),
('teacher008', 'Mr. Gaurang Pandya', '8899445654', 'm', 'gaurangp12@utu.ac.in', 'gaurangsir123', 0, '');

--
-- Indexes for dumped tables
--

--
-- Indexes for table `admin`
--
ALTER TABLE `admin`
  ADD PRIMARY KEY (`adm_id`);

--
-- Indexes for table `assignment`
--
ALTER TABLE `assignment`
  ADD PRIMARY KEY (`agn_id`,`cse_id`),
  ADD KEY `cse_id` (`cse_id`);

--
-- Indexes for table `assignment_submission`
--
ALTER TABLE `assignment_submission`
  ADD PRIMARY KEY (`agn_id`,`stud_id`),
  ADD KEY `stud_id` (`stud_id`);

--
-- Indexes for table `attendance`
--
ALTER TABLE `attendance`
  ADD PRIMARY KEY (`cse_id`,`stud_id`,`att_date`,`att_time`),
  ADD KEY `stud_id` (`stud_id`);

--
-- Indexes for table `category`
--
ALTER TABLE `category`
  ADD PRIMARY KEY (`cat_id`),
  ADD UNIQUE KEY `cat_code` (`cat_code`);

--
-- Indexes for table `conference`
--
ALTER TABLE `conference`
  ADD PRIMARY KEY (`conf_id`),
  ADD KEY `tchr_id` (`tchr_id`),
  ADD KEY `cse_id` (`cse_id`);

--
-- Indexes for table `conference_participant`
--
ALTER TABLE `conference_participant`
  ADD KEY `conf_id` (`conf_id`),
  ADD KEY `stud_id` (`stud_id`);

--
-- Indexes for table `course`
--
ALTER TABLE `course`
  ADD PRIMARY KEY (`cse_id`),
  ADD KEY `cat_id` (`cat_id`);

--
-- Indexes for table `course_student`
--
ALTER TABLE `course_student`
  ADD PRIMARY KEY (`cse_id`,`stud_id`),
  ADD KEY `stud_id` (`stud_id`);

--
-- Indexes for table `course_teacher`
--
ALTER TABLE `course_teacher`
  ADD PRIMARY KEY (`cse_id`,`tchr_id`),
  ADD KEY `tchr_id` (`tchr_id`);

--
-- Indexes for table `learning_material`
--
ALTER TABLE `learning_material`
  ADD PRIMARY KEY (`lm_id`,`cse_id`),
  ADD KEY `cse_id` (`cse_id`);

--
-- Indexes for table `pending_requests`
--
ALTER TABLE `pending_requests`
  ADD PRIMARY KEY (`usr_id`);

--
-- Indexes for table `poll`
--
ALTER TABLE `poll`
  ADD PRIMARY KEY (`poll_id`),
  ADD KEY `cse_id` (`cse_id`);

--
-- Indexes for table `poll_answers`
--
ALTER TABLE `poll_answers`
  ADD PRIMARY KEY (`poll_answer_id`),
  ADD KEY `poll_id` (`poll_id`);

--
-- Indexes for table `question`
--
ALTER TABLE `question`
  ADD PRIMARY KEY (`ques_id`);

--
-- Indexes for table `question_answers`
--
ALTER TABLE `question_answers`
  ADD PRIMARY KEY (`ans_id`,`ques_id`),
  ADD KEY `ques_id` (`ques_id`);

--
-- Indexes for table `quiz`
--
ALTER TABLE `quiz`
  ADD PRIMARY KEY (`qui_id`,`cse_id`),
  ADD KEY `cse_id` (`cse_id`);

--
-- Indexes for table `quiz_questions`
--
ALTER TABLE `quiz_questions`
  ADD PRIMARY KEY (`qui_id`,`ques_id`),
  ADD KEY `ques_id` (`ques_id`);

--
-- Indexes for table `quiz_result`
--
ALTER TABLE `quiz_result`
  ADD PRIMARY KEY (`stud_id`,`cse_id`,`qui_id`);

--
-- Indexes for table `student`
--
ALTER TABLE `student`
  ADD PRIMARY KEY (`stud_id`);

--
-- Indexes for table `student_attempted_quiz`
--
ALTER TABLE `student_attempted_quiz`
  ADD KEY `qui_id` (`qui_id`),
  ADD KEY `stud_id` (`stud_id`),
  ADD KEY `cse_id` (`cse_id`);

--
-- Indexes for table `student_poll_answers`
--
ALTER TABLE `student_poll_answers`
  ADD KEY `poll_answer_id` (`poll_answer_id`),
  ADD KEY `stud_id` (`stud_id`);

--
-- Indexes for table `student_quiz_score`
--
ALTER TABLE `student_quiz_score`
  ADD KEY `ans_id` (`ans_id`),
  ADD KEY `ques_id` (`ques_id`),
  ADD KEY `qui_id` (`qui_id`),
  ADD KEY `stud_id` (`stud_id`),
  ADD KEY `cse_id` (`cse_id`);

--
-- Indexes for table `teacher`
--
ALTER TABLE `teacher`
  ADD PRIMARY KEY (`tchr_id`);

--
-- AUTO_INCREMENT for dumped tables
--

--
-- AUTO_INCREMENT for table `assignment`
--
ALTER TABLE `assignment`
  MODIFY `agn_id` int NOT NULL AUTO_INCREMENT, AUTO_INCREMENT=64;

--
-- AUTO_INCREMENT for table `category`
--
ALTER TABLE `category`
  MODIFY `cat_id` int NOT NULL AUTO_INCREMENT, AUTO_INCREMENT=26;

--
-- AUTO_INCREMENT for table `conference`
--
ALTER TABLE `conference`
  MODIFY `conf_id` int NOT NULL AUTO_INCREMENT, AUTO_INCREMENT=3;

--
-- AUTO_INCREMENT for table `course`
--
ALTER TABLE `course`
  MODIFY `cse_id` int NOT NULL AUTO_INCREMENT, AUTO_INCREMENT=28;

--
-- AUTO_INCREMENT for table `learning_material`
--
ALTER TABLE `learning_material`
  MODIFY `lm_id` int NOT NULL AUTO_INCREMENT, AUTO_INCREMENT=5;

--
-- AUTO_INCREMENT for table `poll`
--
ALTER TABLE `poll`
  MODIFY `poll_id` int NOT NULL AUTO_INCREMENT, AUTO_INCREMENT=7;

--
-- AUTO_INCREMENT for table `poll_answers`
--
ALTER TABLE `poll_answers`
  MODIFY `poll_answer_id` int NOT NULL AUTO_INCREMENT, AUTO_INCREMENT=22;

--
-- AUTO_INCREMENT for table `question`
--
ALTER TABLE `question`
  MODIFY `ques_id` int NOT NULL AUTO_INCREMENT, AUTO_INCREMENT=88;

--
-- AUTO_INCREMENT for table `question_answers`
--
ALTER TABLE `question_answers`
  MODIFY `ans_id` int NOT NULL AUTO_INCREMENT, AUTO_INCREMENT=332;

--
-- AUTO_INCREMENT for table `quiz`
--
ALTER TABLE `quiz`
  MODIFY `qui_id` int NOT NULL AUTO_INCREMENT, AUTO_INCREMENT=44;

--
-- Constraints for dumped tables
--

--
-- Constraints for table `assignment`
--
ALTER TABLE `assignment`
  ADD CONSTRAINT `assignment_ibfk_1` FOREIGN KEY (`cse_id`) REFERENCES `course` (`cse_id`) ON DELETE CASCADE ON UPDATE CASCADE;

--
-- Constraints for table `assignment_submission`
--
ALTER TABLE `assignment_submission`
  ADD CONSTRAINT `assignment_submission_ibfk_1` FOREIGN KEY (`agn_id`) REFERENCES `assignment` (`agn_id`) ON DELETE CASCADE ON UPDATE CASCADE,
  ADD CONSTRAINT `assignment_submission_ibfk_2` FOREIGN KEY (`stud_id`) REFERENCES `student` (`stud_id`) ON DELETE CASCADE ON UPDATE CASCADE;

--
-- Constraints for table `attendance`
--
ALTER TABLE `attendance`
  ADD CONSTRAINT `attendance_ibfk_1` FOREIGN KEY (`stud_id`) REFERENCES `student` (`stud_id`) ON DELETE CASCADE ON UPDATE CASCADE,
  ADD CONSTRAINT `attendance_ibfk_2` FOREIGN KEY (`cse_id`) REFERENCES `course` (`cse_id`) ON DELETE CASCADE ON UPDATE CASCADE;

--
-- Constraints for table `conference`
--
ALTER TABLE `conference`
  ADD CONSTRAINT `conference_ibfk_1` FOREIGN KEY (`tchr_id`) REFERENCES `teacher` (`tchr_id`) ON DELETE CASCADE ON UPDATE CASCADE,
  ADD CONSTRAINT `conference_ibfk_2` FOREIGN KEY (`cse_id`) REFERENCES `course` (`cse_id`) ON DELETE CASCADE ON UPDATE CASCADE;

--
-- Constraints for table `conference_participant`
--
ALTER TABLE `conference_participant`
  ADD CONSTRAINT `conference_participant_ibfk_1` FOREIGN KEY (`conf_id`) REFERENCES `conference` (`conf_id`) ON DELETE CASCADE ON UPDATE CASCADE,
  ADD CONSTRAINT `conference_participant_ibfk_2` FOREIGN KEY (`stud_id`) REFERENCES `student` (`stud_id`) ON DELETE CASCADE ON UPDATE CASCADE;

--
-- Constraints for table `course`
--
ALTER TABLE `course`
  ADD CONSTRAINT `course_ibfk_1` FOREIGN KEY (`cat_id`) REFERENCES `category` (`cat_id`) ON DELETE CASCADE ON UPDATE CASCADE;

--
-- Constraints for table `course_student`
--
ALTER TABLE `course_student`
  ADD CONSTRAINT `course_student_ibfk_1` FOREIGN KEY (`cse_id`) REFERENCES `course` (`cse_id`) ON DELETE CASCADE ON UPDATE CASCADE,
  ADD CONSTRAINT `course_student_ibfk_2` FOREIGN KEY (`stud_id`) REFERENCES `student` (`stud_id`) ON DELETE CASCADE ON UPDATE CASCADE;

--
-- Constraints for table `course_teacher`
--
ALTER TABLE `course_teacher`
  ADD CONSTRAINT `course_teacher_ibfk_1` FOREIGN KEY (`cse_id`) REFERENCES `course` (`cse_id`) ON DELETE CASCADE ON UPDATE CASCADE,
  ADD CONSTRAINT `course_teacher_ibfk_2` FOREIGN KEY (`tchr_id`) REFERENCES `teacher` (`tchr_id`) ON DELETE CASCADE ON UPDATE CASCADE;

--
-- Constraints for table `learning_material`
--
ALTER TABLE `learning_material`
  ADD CONSTRAINT `learning_material_ibfk_1` FOREIGN KEY (`cse_id`) REFERENCES `course` (`cse_id`) ON DELETE CASCADE ON UPDATE CASCADE;

--
-- Constraints for table `poll`
--
ALTER TABLE `poll`
  ADD CONSTRAINT `poll_ibfk_1` FOREIGN KEY (`cse_id`) REFERENCES `course` (`cse_id`) ON DELETE CASCADE ON UPDATE CASCADE;

--
-- Constraints for table `poll_answers`
--
ALTER TABLE `poll_answers`
  ADD CONSTRAINT `poll_answers_ibfk_1` FOREIGN KEY (`poll_id`) REFERENCES `poll` (`poll_id`) ON DELETE CASCADE ON UPDATE CASCADE;

--
-- Constraints for table `question_answers`
--
ALTER TABLE `question_answers`
  ADD CONSTRAINT `question_answers_ibfk_1` FOREIGN KEY (`ques_id`) REFERENCES `question` (`ques_id`) ON DELETE CASCADE ON UPDATE CASCADE;

--
-- Constraints for table `quiz`
--
ALTER TABLE `quiz`
  ADD CONSTRAINT `quiz_ibfk_1` FOREIGN KEY (`cse_id`) REFERENCES `course` (`cse_id`) ON DELETE CASCADE ON UPDATE CASCADE;

--
-- Constraints for table `quiz_questions`
--
ALTER TABLE `quiz_questions`
  ADD CONSTRAINT `quiz_questions_ibfk_1` FOREIGN KEY (`qui_id`) REFERENCES `quiz` (`qui_id`) ON DELETE CASCADE ON UPDATE CASCADE,
  ADD CONSTRAINT `quiz_questions_ibfk_2` FOREIGN KEY (`ques_id`) REFERENCES `question` (`ques_id`) ON DELETE CASCADE ON UPDATE CASCADE;

--
-- Constraints for table `quiz_result`
--
ALTER TABLE `quiz_result`
  ADD CONSTRAINT `quiz_result_ibfk_1` FOREIGN KEY (`stud_id`) REFERENCES `student` (`stud_id`) ON DELETE CASCADE ON UPDATE CASCADE;

--
-- Constraints for table `student_attempted_quiz`
--
ALTER TABLE `student_attempted_quiz`
  ADD CONSTRAINT `student_attempted_quiz_ibfk_1` FOREIGN KEY (`qui_id`) REFERENCES `quiz` (`qui_id`) ON DELETE CASCADE ON UPDATE CASCADE,
  ADD CONSTRAINT `student_attempted_quiz_ibfk_2` FOREIGN KEY (`stud_id`) REFERENCES `student` (`stud_id`) ON DELETE CASCADE ON UPDATE CASCADE,
  ADD CONSTRAINT `student_attempted_quiz_ibfk_3` FOREIGN KEY (`cse_id`) REFERENCES `course` (`cse_id`) ON DELETE CASCADE ON UPDATE CASCADE;

--
-- Constraints for table `student_poll_answers`
--
ALTER TABLE `student_poll_answers`
  ADD CONSTRAINT `student_poll_answers_ibfk_1` FOREIGN KEY (`poll_answer_id`) REFERENCES `poll_answers` (`poll_answer_id`) ON DELETE CASCADE ON UPDATE CASCADE,
  ADD CONSTRAINT `student_poll_answers_ibfk_2` FOREIGN KEY (`stud_id`) REFERENCES `student` (`stud_id`) ON DELETE CASCADE ON UPDATE CASCADE;

--
-- Constraints for table `student_quiz_score`
--
ALTER TABLE `student_quiz_score`
  ADD CONSTRAINT `student_quiz_score_ibfk_1` FOREIGN KEY (`ans_id`) REFERENCES `question_answers` (`ans_id`) ON DELETE CASCADE ON UPDATE CASCADE,
  ADD CONSTRAINT `student_quiz_score_ibfk_2` FOREIGN KEY (`ques_id`) REFERENCES `question` (`ques_id`) ON DELETE CASCADE ON UPDATE CASCADE,
  ADD CONSTRAINT `student_quiz_score_ibfk_3` FOREIGN KEY (`qui_id`) REFERENCES `quiz` (`qui_id`) ON DELETE CASCADE ON UPDATE CASCADE,
  ADD CONSTRAINT `student_quiz_score_ibfk_4` FOREIGN KEY (`stud_id`) REFERENCES `student` (`stud_id`) ON DELETE CASCADE ON UPDATE CASCADE,
  ADD CONSTRAINT `student_quiz_score_ibfk_5` FOREIGN KEY (`cse_id`) REFERENCES `course` (`cse_id`) ON DELETE CASCADE ON UPDATE CASCADE;
COMMIT;

/*!40101 SET CHARACTER_SET_CLIENT=@OLD_CHARACTER_SET_CLIENT */;
/*!40101 SET CHARACTER_SET_RESULTS=@OLD_CHARACTER_SET_RESULTS */;
/*!40101 SET COLLATION_CONNECTION=@OLD_COLLATION_CONNECTION */;
